,ds,trend,yhat_lower,yhat_upper,trend_lower,trend_upper,additive_terms,additive_terms_lower,additive_terms_upper,daily,daily_lower,daily_upper,extra_regressors_additive,extra_regressors_additive_lower,extra_regressors_additive_upper,hourly,hourly_lower,hourly_upper,rolling_avg_w1-w4_lags,rolling_avg_w1-w4_lags_lower,rolling_avg_w1-w4_lags_upper,weekly,weekly_lower,weekly_upper,yearly,yearly_lower,yearly_upper,multiplicative_terms,multiplicative_terms_lower,multiplicative_terms_upper,yhat
0,2024-08-01 00:00:00,24017.50706944699,13439.328697458188,22993.922451360544,24017.50706944699,24017.50706944699,-5672.255400900907,-5672.255400900907,-5672.255400900907,-317.38083733907445,-317.38083733907445,-317.38083733907445,-5830.667780515006,-5830.667780515006,-5830.667780515006,-18.537889802103916,-18.537889802103916,-18.537889802103916,-5830.667780515006,-5830.667780515006,-5830.667780515006,-15.28132499269652,-15.28132499269652,-15.28132499269652,509.61243174797363,509.61243174797363,509.61243174797363,0.0,0.0,0.0,18345.251668546083
1,2024-08-01 01:00:00,24017.557743644265,7556.107781241717,16749.496615456887,24017.557743644265,24017.557743644265,-11732.641214379293,-11732.641214379293,-11732.641214379293,-931.8802473651663,-931.8802473651663,-931.8802473651663,-11274.97831597295,-11274.97831597295,-11274.97831597295,-21.49969674688477,-21.49969674688477,-21.49969674688477,-11274.97831597295,-11274.97831597295,-11274.97831597295,-6.740549852786409,-6.740549852786409,-6.740549852786409,502.4575955584933,502.4575955584933,502.4575955584933,0.0,0.0,0.0,12284.916529264972
2,2024-08-01 02:00:00,24017.608417841548,4432.917153323377,13615.526794916885,24017.608417841548,24017.608417841548,-15307.603862291242,-15307.603862291242,-15307.603862291242,-1540.6626251668483,-1540.6626251668483,-1540.6626251668483,-14238.953601212344,-14238.953601212344,-14238.953601212344,-25.02856232041014,-25.02856232041014,-25.02856232041014,-14238.953601212344,-14238.953601212344,-14238.953601212344,1.7700434678674226,1.7700434678674226,1.7700434678674226,495.2708829404938,495.2708829404938,495.2708829404938,0.0,0.0,0.0,8710.004555550306
3,2024-08-01 03:00:00,24017.659092038823,2270.314199079864,11838.10118458525,24017.659092038823,24017.659092038823,-17066.516264717196,-17066.516264717196,-17066.516264717196,-1954.8888731328432,-1954.8888731328432,-1954.8888731328432,-15580.806819106185,-15580.806819106185,-15580.806819106185,-29.071371163038016,-29.071371163038016,-29.071371163038016,-15580.806819106185,-15580.806819106185,-15580.806819106185,10.198195135296356,10.198195135296356,10.198195135296356,488.05260354957466,488.05260354957466,488.05260354957466,0.0,0.0,0.0,6951.142827321626
4,2024-08-01 04:00:00,24017.7097662361,3312.6996174708684,12183.126187355592,24017.7097662361,24017.7097662361,-16190.67274837726,-16190.67274837726,-16190.67274837726,-1999.4652781628624,-1999.4652781628624,-1999.4652781628624,-14656.933166786172,-14656.933166786172,-14656.933166786172,-33.571775029404414,-33.571775029404414,-33.571775029404414,-14656.933166786172,-14656.933166786172,-14656.933166786172,18.49440349766202,18.49440349766202,18.49440349766202,480.80306810351783,480.80306810351783,480.80306810351783,0.0,0.0,0.0,7827.037017858842
5,2024-08-01 05:00:00,24017.760440433376,5488.440705900395,14802.696114025648,24017.760440433376,24017.760440433376,-13727.039124893958,-13727.039124893958,-13727.039124893958,-1634.2278334636567,-1634.2278334636567,-1634.2278334636567,-12554.476121606696,-12554.476121606696,-12554.476121606696,-38.47062481982291,-38.47062481982291,-38.47062481982291,-12554.476121606696,-12554.476121606696,-12554.476121606696,26.612866631669352,26.612866631669352,26.612866631669352,473.5225883645473,473.5225883645473,473.5225883645473,0.0,0.0,0.0,10290.721315539418
6,2024-08-01 06:00:00,24017.811114630655,11429.40949801664,20580.774236394966,24017.811114630655,24017.811114630655,-7992.628519060905,-7992.628519060905,-7992.628519060905,-1003.2458673833939,-1003.2458673833939,-1003.2458673833939,-7446.400070632499,-7446.400070632499,-7446.400070632499,-43.706421294327725,-43.706421294327725,-43.706421294327725,-7446.400070632499,-7446.400070632499,-7446.400070632499,34.51236312915518,34.51236312915518,34.51236312915518,466.21147712015966,466.21147712015966,466.21147712015966,0.0,0.0,0.0,16025.18259556975
7,2024-08-01 07:00:00,24017.861788827933,19272.913682041646,28406.670431459974,24017.861788827933,24017.861788827933,-60.75304993806513,-60.75304993806513,-60.75304993806513,-361.96787640027037,-361.96787640027037,-361.96787640027037,-150.5964990560128,-150.5964990560128,-150.5964990560128,-49.215781106952875,-49.215781106952875,-49.215781106952875,-150.5964990560128,-150.5964990560128,-150.5964990560128,42.15705844673547,42.15705844673547,42.15705844673547,458.8700481784354,458.8700481784354,458.8700481784354,0.0,0.0,0.0,23957.108738889867
8,2024-08-01 08:00:00,24017.912463025208,26297.516870914966,35396.82948166783,24017.912463025208,24017.912463025208,6718.091656407239,6718.091656407239,6718.091656407239,71.60833917348978,71.60833917348978,71.60833917348978,6200.401391349901,6200.401391349901,6200.401391349901,-54.93391467205872,-54.93391467205872,-54.93391467205872,6200.401391349901,6200.401391349901,6200.401391349901,49.517224207812724,49.517224207812724,49.517224207812724,451.49861634809355,451.49861634809355,451.49861634809355,0.0,0.0,0.0,30736.004119432448
9,2024-08-01 09:00:00,24017.963137222487,23163.276641042306,32979.77301501909,24017.963137222487,24017.963137222487,4116.844005878711,4116.844005878711,4116.844005878711,233.64907571943687,233.64907571943687,233.64907571943687,3443.3226860123623,3443.3226860123623,3443.3226860123623,-60.795112303154006,-60.795112303154006,-60.795112303154006,3443.3226860123623,3443.3226860123623,3443.3226860123623,56.569859027396035,56.569859027396035,56.569859027396035,444.09749742267013,444.09749742267013,444.09749742267013,0.0,0.0,0.0,28134.8071431012
10,2024-08-01 10:00:00,24018.013811419765,20904.49185717199,29907.575848241122,24018.013811419765,24018.013811419765,1462.2844376896594,1462.2844376896594,1462.2844376896594,218.5373328095733,218.5373328095733,218.5373328095733,810.5141309034168,810.5141309034168,810.5141309034168,-66.73323499118833,-66.73323499118833,-66.73323499118833,810.5141309034168,810.5141309034168,810.5141309034168,63.29920079646324,63.29920079646324,63.29920079646324,436.6670081713947,436.6670081713947,436.6670081713947,0.0,0.0,0.0,25480.298249109426
11,2024-08-01 11:00:00,24018.06448561704,20920.470750232584,30114.78363409026,24018.06448561704,24018.06448561704,1441.3831695996919,1441.3831695996919,1441.3831695996919,181.73159349238588,181.73159349238588,181.73159349238588,833.4291940661358,833.4291940661358,833.4291940661358,-72.68220618240647,-72.68220618240647,-72.68220618240647,833.4291940661358,833.4291940661358,833.4291940661358,69.69712190035544,69.69712190035544,69.69712190035544,429.2074663232211,429.2074663232211,429.2074663232211,0.0,0.0,0.0,25459.447655216733
12,2024-08-01 12:00:00,24018.11515981432,21965.93178844076,31422.506369909242,24018.11515981432,24018.11515981432,2476.3004164443205,2476.3004164443205,2476.3004164443205,228.0412332961683,228.0412332961683,228.0412332961683,1829.3530930612346,1829.3530930612346,1829.3530930612346,-78.5765009033422,-78.5765009033422,-78.5765009033422,1829.3530930612346,1829.3530930612346,1829.3530930612346,75.76340044122385,75.76340044122385,75.76340044122385,421.71919054903583,421.71919054903583,421.71919054903583,0.0,0.0,0.0,26494.415576258638
13,2024-08-01 13:00:00,24018.165834011594,23081.20577798822,32006.49818851249,24018.165834011594,24018.165834011594,3463.6386805333846,3463.6386805333846,3463.6386805333846,368.0207276612556,368.0207276612556,368.0207276612556,2684.261218747293,2684.261218747293,2684.261218747293,-84.35162859730775,-84.35162859730775,-84.35162859730775,2684.261218747293,2684.261218747293,2684.261218747293,81.50586227008137,81.50586227008137,81.50586227008137,414.2025004520618,414.2025004520618,414.2025004520618,0.0,0.0,0.0,27481.80451454498
14,2024-08-01 14:00:00,24018.216508208876,24394.227244324815,33940.36471282773,24018.216508208876,24018.216508208876,5068.7968575778805,5068.7968575778805,5068.7968575778805,554.4194560636076,554.4194560636076,554.4194560636076,4110.723900626556,4110.723900626556,4110.723900626556,-89.9446061177859,-89.9446061177859,-89.9446061177859,4110.723900626556,4110.723900626556,4110.723900626556,86.94039045363164,86.94039045363164,86.94039045363164,406.6577165518704,406.6577165518704,406.6577165518704,0.0,0.0,0.0,29087.013365786755
15,2024-08-01 15:00:00,24018.26718240615,25571.867421550727,35133.562528932714,24018.26718240615,24018.26718240615,6086.667943320344,6086.667943320344,6086.667943320344,743.2220194277385,743.2220194277385,743.2220194277385,4947.564380357394,4947.564380357394,4947.564380357394,-95.29441737080211,-95.29441737080211,-95.29441737080211,4947.564380357394,4947.564380357394,4947.564380357394,92.09080063739913,92.09080063739913,92.09080063739913,399.08516026861395,399.08516026861395,399.08516026861395,0.0,0.0,0.0,30104.935125726493
16,2024-08-01 16:00:00,24018.317856603426,27359.37871705341,36437.57684497009,24018.317856603426,24018.317856603426,7854.690586303586,7854.690586303586,7854.690586303586,918.6862356922668,918.6862356922668,918.6862356922668,6547.873070269208,6547.873070269208,6547.873070269208,-100.34245622514585,-100.34245622514585,-100.34245622514585,6547.873070269208,6547.873070269208,6547.873070269208,96.98858265457216,96.98858265457216,96.98858265457216,391.48515391268427,391.48515391268427,391.48515391268427,0.0,0.0,0.0,31873.008442907012
17,2024-08-01 17:00:00,24018.368530800704,30722.04085939783,39967.939088143234,24018.368530800704,24018.368530800704,11679.779211719095,11679.779211719095,11679.779211719095,1072.8799105361707,1072.8799105361707,1072.8799105361707,10226.401719323007,10226.401719323007,10226.401719323007,-105.03294943608478,-105.03294943608478,-105.03294943608478,10226.401719323007,10226.401719323007,10226.401719323007,101.67251063166889,101.67251063166889,101.67251063166889,383.8580206643314,383.8580206643314,383.8580206643314,0.0,0.0,0.0,35698.147742519795
18,2024-08-01 18:00:00,24018.419204997983,31517.191981124066,41100.413378188525,24018.419204997983,24018.419204997983,12218.098061490906,12218.098061490906,12218.098061490906,1179.0448825391125,1179.0448825391125,1179.0448825391125,10665.974325184785,10665.974325184785,10665.974325184785,-109.31335648767778,-109.31335648767778,-109.31335648767778,10665.974325184785,10665.974325184785,10665.974325184785,106.1881256923167,106.1881256923167,106.1881256923167,376.2040845623702,376.2040845623702,376.2040845623702,0.0,0.0,0.0,36236.51726648889
19,2024-08-01 19:00:00,24018.469879195258,29231.223555183024,38560.59122611715,24018.469879195258,24018.469879195258,9858.166293895949,9858.166293895949,9858.166293895949,1196.1622846267649,1196.1622846267649,1196.1622846267649,8296.02798500972,8296.02798500972,8296.02798500972,-113.13474341915494,-113.13474341915494,-113.13474341915494,8296.02798500972,8296.02798500972,8296.02798500972,110.58709718536203,110.58709718536203,110.58709718536203,368.52367049325585,368.52367049325585,368.52367049325585,0.0,0.0,0.0,33876.6361730912
20,2024-08-01 20:00:00,24018.520553392536,27555.29506975361,36773.6632687112,24018.520553392536,24018.520553392536,8261.486250242084,8261.486250242084,8261.486250242084,1098.5103073412165,1098.5103073412165,1098.5103073412165,6803.68449653764,6803.68449653764,6803.68449653764,-116.45212792776721,-116.45212792776721,-116.45212792776721,6803.68449653764,6803.68449653764,6803.68449653764,114.92647012070046,114.92647012070046,114.92647012070046,360.8171041702935,360.8171041702935,360.8171041702935,0.0,0.0,0.0,32280.00680363462
21,2024-08-01 21:00:00,24018.57122758981,29509.85991690287,39268.5192853427,24018.57122758981,24018.57122758981,10304.182289082046,10304.182289082046,10304.182289082046,891.5583668670398,891.5583668670398,891.5583668670398,9059.496195190699,9059.496195190699,9059.496195190699,-119.2247932443153,-119.2247932443153,-119.2247932443153,9059.496195190699,9059.496195190699,9059.496195190699,119.2678081457201,119.2678081457201,119.2678081457201,353.0847121229033,353.0847121229033,353.0847121229033,0.0,0.0,0.0,34322.75351667186
22,2024-08-01 22:00:00,24018.621901787094,30091.311288360925,39436.492925180064,24018.621901787094,24018.621901787094,11004.167571544629,11004.167571544629,11004.167571544629,591.906821138319,591.906821138319,591.906821138319,10064.674254309202,10064.674254309202,10064.674254309202,-121.41656851332829,-121.41656851332829,-121.41656851332829,10064.674254309202,10064.674254309202,10064.674254309202,123.67624293011487,123.67624293011487,123.67624293011487,345.32682168032017,345.32682168032017,345.32682168032017,0.0,0.0,0.0,35022.78947333172
23,2024-08-01 23:00:00,24018.67257598437,26765.038634436485,36745.06631381525,24018.67257598437,24018.67257598437,7640.528973475912,7640.528973475912,7640.528973475912,195.74085200784393,195.74085200784393,195.74085200784393,7102.02099194458,7102.02099194458,7102.02099194458,-122.99607368787767,-122.99607368787767,-122.99607368787767,7102.02099194458,7102.02099194458,7102.02099194458,128.21944225044612,128.21944225044612,128.21944225044612,337.54376096092,337.54376096092,337.54376096092,0.0,0.0,0.0,31659.201549460282
24,2024-08-02 00:00:00,24018.723250181643,18806.909798661123,27920.070620670693,24018.723250181643,24018.723250181643,-614.8349637487503,-614.8349637487503,-614.8349637487503,-317.3808373166389,-317.3808373166389,-317.3808373166389,-636.2195683890212,-636.2195683890212,-636.2195683890212,-123.93692718925463,-123.93692718925463,-123.93692718925463,-636.2195683890212,-636.2195683890212,-636.2195683890212,132.96651029534235,132.96651029534235,132.96651029534235,329.7358588508222,329.7358588508222,329.7358588508222,0.0,0.0,0.0,23403.88828643289
25,2024-08-02 01:00:00,24018.773924378922,11727.31139882684,21151.710890551403,24018.773924378922,24018.773924378922,-7584.30668982079,-7584.30668982079,-7584.30668982079,-931.8802473401712,-931.8802473401712,-931.8802473401712,-6988.098807378116,-6988.098807378116,-6988.098807378116,-124.21791489155943,-124.21791489155943,-124.21791489155943,-6988.098807378116,-6988.098807378116,-6988.098807378116,137.98683479433086,137.98683479433086,137.98683479433086,321.90344499472616,321.90344499472616,321.90344499472616,0.0,0.0,0.0,16434.46723455813
26,2024-08-02 02:00:00,24018.8245985762,6631.958117940992,16066.023329555153,24018.8245985762,24018.8245985762,-12717.60872300742,-12717.60872300742,-12717.60872300742,-1540.6626251660232,-1540.6626251660232,-1540.6626251660232,-11510.518724828207,-11510.518724828207,-11510.518724828207,-123.82311927086003,-123.82311927086003,-123.82311927086003,-11510.518724828207,-11510.518724828207,-11510.518724828207,143.3488964757481,143.3488964757481,143.3488964757481,314.0468497819205,314.0468497819205,314.0468497819205,0.0,0.0,0.0,11301.21587556878
27,2024-08-02 03:00:00,24018.87527277348,4099.5400369205245,13043.023913658935,24018.87527277348,24018.87527277348,-15567.589605501493,-15567.589605501493,-15567.589605501493,-1954.8888731230188,-1954.8888731230188,-1954.8888731230188,-13945.244185867108,-13945.244185867108,-13945.244185867108,-122.74200786760147,-122.74200786760147,-122.74200786760147,-13945.244185867108,-13945.244185867108,-13945.244185867108,149.11905702990612,149.11905702990612,149.11905702990612,306.16640432632977,306.16640432632977,306.16640432632977,0.0,0.0,0.0,8451.285667271986
28,2024-08-02 04:00:00,24018.925946970754,3824.506566301051,13352.733288503447,24018.925946970754,24018.925946970754,-15425.871273656738,-15425.871273656738,-15425.871273656738,-1999.4652781694951,-1999.4652781694951,-1999.4652781694951,-13759.059297670017,-13759.059297670017,-13759.059297670017,-120.96948051361838,-120.96948051361838,-120.96948051361838,-13759.059297670017,-13759.059297670017,-13759.059297670017,155.36034223998738,155.36034223998738,155.36034223998738,298.2624404564054,298.2624404564054,298.2624404564054,0.0,0.0,0.0,8593.054673314016
29,2024-08-02 05:00:00,24018.97662116803,5630.6783626980905,15054.856060670241,24018.97662116803,24018.97662116803,-13488.98364021443,-13488.98364021443,-13488.98364021443,-1634.2278334520613,-1634.2278334520613,-1634.2278334520613,-12188.716459586372,-12188.716459586372,-12188.716459586372,-118.50587509822768,-118.50587509822768,-118.50587509822768,-12188.716459586372,-12188.716459586372,-12188.716459586372,162.131237221728,162.131237221728,162.131237221728,290.33529070050344,290.33529070050344,290.33529070050344,0.0,0.0,0.0,10529.992980953599
30,2024-08-02 06:00:00,24019.02729536531,11045.650418357189,20218.643968540127,24019.02729536531,24019.02729536531,-8064.658898868738,-8064.658898868738,-8064.658898868738,-1003.245867368951,-1003.245867368951,-1003.245867368951,-7397.925898557516,-7397.925898557516,-7397.925898557516,-115.35693194841862,-115.35693194841862,-115.35693194841862,-7397.925898557516,-7397.925898557516,-7397.925898557516,169.48451073771037,169.48451073771037,169.48451073771037,282.3852882684371,282.3852882684371,282.3852882684371,0.0,0.0,0.0,15954.368396496573
31,2024-08-02 07:00:00,24019.077969562586,18724.374167579896,28059.11989896976,24019.077969562586,24019.077969562586,-304.20119062591453,-304.20119062591453,-304.20119062591453,-361.96787642232886,-361.96787642232886,-361.96787642232886,-282.5784493874429,-282.5784493874429,-282.5784493874429,-111.53371722397748,-111.53371722397748,-111.53371722397748,-282.5784493874429,-282.5784493874429,-282.5784493874429,177.46608536670402,177.46608536670402,177.46608536670402,274.41276704113073,274.41276704113073,274.41276704113073,0.0,0.0,0.0,23714.876778936672
32,2024-08-02 08:00:00,24019.12864375986,25034.472634076,34332.79081063281,24019.12864375986,24019.12864375986,5794.530016447718,5794.530016447718,5794.530016447718,71.60833917761103,71.60833917761103,71.60833917761103,5377.442151804172,5377.442151804172,5377.442151804172,-107.05250602861801,-107.05250602861801,-107.05250602861801,5377.442151804172,5377.442151804172,5377.442151804172,186.11396994157226,186.11396994157226,186.11396994157226,266.41806155298,266.41806155298,266.41806155298,0.0,0.0,0.0,29813.658660207577
33,2024-08-02 09:00:00,24019.17931795714,22065.18161872732,31574.795408899136,24019.17931795714,24019.17931795714,2757.330244080545,2757.330244080545,2757.330244080545,233.6490757286281,233.6490757286281,233.6490757286281,2171.757017627249,2171.757017627249,2171.757017627249,-101.9346262479885,-101.9346262479885,-101.9346262479885,2171.757017627249,2171.757017627249,2171.757017627249,195.4572699950758,195.4572699950758,195.4572699950758,258.40150697758077,258.40150697758077,258.40150697758077,0.0,0.0,0.0,26776.509562037685
34,2024-08-02 10:00:00,24019.229992154418,20432.898811651317,29767.10315830014,24019.229992154418,24019.229992154418,1147.4547549325102,1147.4547549325102,1147.4547549325102,218.53733280547786,218.53733280547786,218.53733280547786,569.2449562574801,569.2449562574801,569.2449562574801,-96.20626442278223,-96.20626442278223,-96.20626442278223,569.2449562574801,569.2449562574801,569.2449562574801,205.5152911750947,205.5152911750947,205.5152911750947,250.36343911723995,250.36343911723995,250.36343911723995,0.0,0.0,0.0,25166.68474708693
35,2024-08-02 11:00:00,24019.280666351697,20827.20280101561,30499.01776326477,24019.280666351697,24019.280666351697,1451.506999982975,1451.506999982975,1451.506999982975,181.73159349049058,181.73159349049058,181.73159349049058,901.0726978253161,901.0726978253161,901.0726978253161,-89.89823524042342,-89.89823524042342,-89.89823524042342,901.0726978253161,901.0726978253161,901.0726978253161,216.2967495275669,216.2967495275669,216.2967495275669,242.30419438002508,242.30419438002508,242.30419438002508,0.0,0.0,0.0,25470.787666334672
36,2024-08-02 12:00:00,24019.33134054897,22087.305291887904,31490.50008315006,24019.33134054897,24019.33134054897,2911.859381565019,2911.859381565019,2911.859381565019,228.04123329847744,228.04123329847744,228.04123329847744,2304.8406536876555,2304.8406536876555,2304.8406536876555,-83.04571651997023,-83.04571651997023,-83.04571651997023,2304.8406536876555,2304.8406536876555,2304.8406536876555,227.79910132728384,227.79910132728384,227.79910132728384,234.22410977157233,234.22410977157233,234.22410977157233,0.0,0.0,0.0,26931.19072211399
37,2024-08-02 13:00:00,24019.382014746247,23479.73415505092,32644.99592380967,24019.382014746247,24019.382014746247,4174.465182414249,4174.465182414249,4174.465182414249,368.02072766688707,368.02072766688707,368.02072766688707,3416.000879933736,3416.000879933736,3416.000879933736,-75.68795181314754,-75.68795181314754,-75.68795181314754,3416.000879933736,3416.000879933736,3416.000879933736,240.0080037478435,240.0080037478435,240.0080037478435,226.1235228789302,226.1235228789302,226.1235228789302,0.0,0.0,0.0,28193.847197160496
38,2024-08-02 14:00:00,24019.43268894353,25060.979892194788,34073.8186577435,24019.43268894353,24019.43268894353,5795.948714232008,5795.948714232008,5795.948714232008,554.4194560569762,554.4194560569762,554.4194560569762,4838.497493188683,4838.497493188683,4838.497493188683,-67.86792298082541,-67.86792298082541,-67.86792298082541,4838.497493188683,4838.497493188683,4838.497493188683,252.89691611293128,252.89691611293128,252.89691611293128,218.0027718542424,218.0027718542424,218.0027718542424,0.0,0.0,0.0,29815.381403175536
39,2024-08-02 15:00:00,24019.483363140804,26342.976448390447,35451.127438733754,24019.483363140804,24019.483363140804,6685.167445888537,6685.167445888537,6685.167445888537,743.2220194325597,743.2220194325597,743.2220194325597,5525.288376632869,5525.288376632869,5525.288376632869,-59.63199534814174,-59.63199534814174,-59.63199534814174,5525.288376632869,5525.288376632869,5525.288376632869,266.4268497693067,266.4268497693067,266.4268497693067,209.86219540194287,209.86219540194287,209.86219540194287,0.0,0.0,0.0,30704.650809029343
40,2024-08-02 16:00:00,24019.534037338082,27203.490924803744,36907.674269246636,24019.534037338082,24019.534037338082,8097.403627392696,8097.403627392696,8097.403627392696,918.6862356970944,918.6862356970944,918.6862356970944,6747.4985243598185,6747.4985243598185,6747.4985243598185,-51.02953823135496,-51.02953823135496,-51.02953823135496,6747.4985243598185,6747.4985243598185,6747.4985243598185,280.54627280687924,280.54627280687924,280.54627280687924,201.70213276025913,201.70213276025913,201.70213276025913,0.0,0.0,0.0,32116.93766473078
41,2024-08-02 17:00:00,24019.584711535357,31133.102564648358,39999.483223585215,24019.584711535357,24019.584711535357,11186.88786481169,11186.88786481169,11186.88786481169,1072.8799105356147,1072.8799105356147,1072.8799105356147,9667.40638044014,9667.40638044014,9667.40638044014,-42.11252382501563,-42.11252382501563,-42.11252382501563,9667.40638044014,9667.40638044014,9667.40638044014,295.1911739670902,295.1911739670902,295.1911739670902,193.52292369385873,193.52292369385873,193.52292369385873,0.0,0.0,0.0,35206.47257634705
42,2024-08-02 18:00:00,24019.635385732636,33494.70748071884,42702.11562251167,24019.635385732636,24019.635385732636,14184.305767467158,14184.305767467158,14184.305767467158,1179.044882536969,1179.044882536969,1179.044882536969,12542.585795923998,12542.585795923998,12542.585795923998,-32.935107563886504,-32.935107563886504,-32.935107563886504,12542.585795923998,12542.585795923998,12542.585795923998,310.28528810016894,310.28528810016894,310.28528810016894,185.32490846990626,185.32490846990626,185.32490846990626,0.0,0.0,0.0,38203.94115319979
43,2024-08-02 19:00:00,24019.686059929914,34862.030432716,44418.35212456292,24019.686059929914,24019.686059929914,15611.235571431414,15611.235571431414,15611.235571431414,1196.1622846243133,1196.1622846243133,1196.1622846243133,13935.777568788159,13935.777568788159,13935.777568788159,-23.55319328685814,-23.55319328685814,-23.55319328685814,13935.777568788159,13935.777568788159,13935.777568788159,325.7404834569,325.7404834569,325.7404834569,177.1084278489007,177.1084278489007,177.1084278489007,0.0,0.0,0.0,39630.92163136133
44,2024-08-02 20:00:00,24019.73673412719,29826.91585697341,39190.94595621842,24019.73673412719,24019.73673412719,10258.147460072018,10258.147460072018,10258.147460072018,1098.5103073393605,1098.5103073393605,1098.5103073393605,8663.330007050612,8663.330007050612,8663.330007050612,-14.023986544959888,-14.023986544959888,-14.023986544959888,8663.330007050612,8663.330007050612,8663.330007050612,341.4573091559788,341.4573091559788,341.4573091559788,168.87382307102678,168.87382307102678,168.87382307102678,0.0,0.0,0.0,34277.88419419921
45,2024-08-02 21:00:00,24019.78740832447,29103.40194790977,39026.45755665673,24019.78740832447,24019.78740832447,10093.107729547084,10093.107729547084,10093.107729547084,891.5583668544544,891.5583668544544,891.5583668544544,8688.007767379695,8688.007767379695,8688.007767379695,-4.405539551912902,-4.405539551912902,-4.405539551912902,8688.007767379695,8688.007767379695,8688.007767379695,357.3256990317734,357.3256990317734,357.3256990317734,160.62143583307466,160.62143583307466,160.62143583307466,0.0,0.0,0.0,34112.89513787156
46,2024-08-02 22:00:00,24019.838082521746,32183.963039237144,41901.56767706896,24019.838082521746,24019.838082521746,12819.439457398814,12819.439457398814,12819.439457398814,591.9068211359213,591.9068211359213,591.9068211359213,11696.711493215553,11696.711493215553,11696.711493215553,5.243708672228917,5.243708672228917,5.243708672228917,11696.711493215553,11696.711493215553,11696.711493215553,373.225826089495,373.225826089495,373.225826089495,152.35160828561703,152.35160828561703,152.35160828561703,0.0,0.0,0.0,36839.27753992056
47,2024-08-02 23:00:00,24019.88875671902,31677.770600934193,41122.10295164,24019.88875671902,24019.88875671902,12471.919733398927,12471.919733398927,12471.919733398927,195.74085202554343,195.74085202554343,195.74085202554343,11728.219705064292,11728.219705064292,11728.219705064292,14.865393441319691,14.865393441319691,14.865393441319691,11728.219705064292,11728.219705064292,11728.219705064292,389.02909985906433,389.02909985906433,389.02909985906433,144.06468300870836,144.06468300870836,144.06468300870836,0.0,0.0,0.0,36491.808490117946
48,2024-08-03 00:00:00,24019.9394309163,26870.561745282663,36375.82369399655,24019.9394309163,24019.9394309163,7468.163859451825,7468.163859451825,7468.163859451825,-317.3808373267386,-317.3808373267386,-317.3808373267386,7220.782713528286,7220.782713528286,7220.782713528286,24.401683208615,24.401683208615,24.401683208615,7220.782713528286,7220.782713528286,7220.782713528286,404.59929704194957,404.59929704194957,404.59929704194957,135.76100299971387,135.76100299971387,135.76100299971387,0.0,0.0,0.0,31488.103290368126
49,2024-08-03 01:00:00,24019.990105113575,21176.711521489644,30526.21745873636,24019.990105113575,24019.990105113575,1651.2476262300645,1651.2476262300645,1651.2476262300645,-931.8802473534488,-931.8802473534488,-931.8802473534488,2002.0974153648092,2002.0974153648092,2002.0974153648092,33.79573250934828,33.79573250934828,33.79573250934828,2002.0974153648092,2002.0974153648092,2002.0974153648092,419.79381404880945,419.79381404880945,419.79381404880945,127.44091166054609,127.44091166054609,127.44091166054609,0.0,0.0,0.0,25671.23773134364
50,2024-08-03 02:00:00,24020.040779310857,15423.36092439637,24520.1908210995,24020.040779310857,24020.040779310857,-3813.877933695462,-3813.877933695462,-3813.877933695462,-1540.6626251446344,-1540.6626251446344,-1540.6626251446344,-2869.7772153167466,-2869.7772153167466,-2869.7772153167466,42.992125540308955,42.992125540308955,42.992125540308955,-2869.7772153167466,-2869.7772153167466,-2869.7772153167466,434.4650284434045,434.4650284434045,434.4650284434045,119.10475278220478,119.10475278220478,119.10475278220478,0.0,0.0,0.0,20206.162845615396
51,2024-08-03 03:00:00,24020.091453508132,9746.615348261521,20115.532605593908,24020.091453508132,24020.091453508132,-8972.576168241796,-8972.576168241796,-8972.576168241796,-1954.8888731289546,-1954.8888731289546,-1954.8888731289546,-7628.83922735107,-7628.83922735107,-7628.83922735107,51.93730695094584,51.93730695094584,51.93730695094584,-7628.83922735107,-7628.83922735107,-7628.83922735107,448.46175476158925,448.46175476158925,448.46175476158925,110.7528705256929,110.7528705256929,110.7528705256929,0.0,0.0,0.0,15047.515285266336
52,2024-08-03 04:00:00,24020.142127705407,6212.0539420467485,15784.066359406106,24020.142127705407,24020.142127705407,-12973.302139416166,-12973.302139416166,-12973.302139416166,-1999.4652781687967,-1999.4652781687967,-1999.4652781687967,-11598.43324600056,-11598.43324600056,-11598.43324600056,60.57999651225141,60.57999651225141,60.57999651225141,-11598.43324600056,-11598.43324600056,-11598.43324600056,461.63077882899813,461.63077882899813,461.63077882899813,102.38560941194287,102.38560941194287,102.38560941194287,0.0,0.0,0.0,11046.83998828924
53,2024-08-03 05:00:00,24020.192801902685,5360.921380561192,14445.054435355694,24020.192801902685,24020.192801902685,-14129.293924624775,-14129.293924624775,-14129.293924624775,-1634.227833473045,-1634.227833473045,-1634.227833473045,-13131.759443590583,-13131.759443590583,-13131.759443590583,68.87158448009662,68.87158448009662,68.87158448009662,-13131.759443590583,-13131.759443590583,-13131.759443590583,473.81845365038606,473.81845365038606,473.81845365038606,94.00331430836891,94.00331430836891,94.00331430836891,0.0,0.0,0.0,9890.89887727791
54,2024-08-03 06:00:00,24020.243476099964,7953.46855499128,17618.938687806676,24020.243476099964,24020.243476099964,-11256.185524481285,-11256.185524481285,-11256.185524481285,-1003.245867395616,-1003.245867395616,-1003.245867395616,-10900.184830975015,-10900.184830975015,-10900.184830975015,76.76650461285875,76.76650461285875,76.76650461285875,-10900.184830975015,-10900.184830975015,-10900.184830975015,484.87233887116236,484.87233887116236,484.87233887116236,85.60633040532436,85.60633040532436,85.60633040532436,0.0,0.0,0.0,12764.057951618679
55,2024-08-03 07:00:00,24020.29415029724,11310.076985599648,20897.296305329528,24020.29415029724,24020.29415029724,-8054.588108725798,-8054.588108725798,-8054.588108725798,-361.96787641126394,-361.96787641126394,-361.96787641126394,-8348.680682664562,-8348.680682664562,-8348.680682664562,84.22258195487001,84.22258195487001,84.22258195487001,-8348.680682664562,-8348.680682664562,-8348.680682664562,494.6428651844859,494.6428651844859,494.6428651844859,77.19500321067143,77.19500321067143,77.19500321067143,0.0,0.0,0.0,15965.70604157144
56,2024-08-03 08:00:00,24020.344824494518,14632.922541470092,23942.065878187568,24020.344824494518,24020.344824494518,-4768.021395478819,-4768.021395478819,-4768.021395478819,71.6083391661254,71.6083391661254,71.6083391661254,-5502.585770425692,-5502.585770425692,-5502.585770425692,91.20135274355266,91.20135274355266,91.20135274355266,-5502.585770425692,-5502.585770425692,-5502.585770425692,502.985004505241,502.985004505241,502.985004505241,68.76967853195438,68.76967853195438,68.76967853195438,0.0,0.0,0.0,19252.323429015698
57,2024-08-03 09:00:00,24020.395498691792,17748.137687070957,27023.973642044763,24020.395498691792,24020.395498691792,-1532.5422823251333,-1532.5422823251333,-1532.5422823251333,233.64907572673204,233.64907572673204,233.64907572673204,-2433.950340933493,-2433.950340933493,-2433.950340933493,97.6683539647588,97.6683539647588,97.6683539647588,-2433.950340933493,-2433.950340933493,-2433.950340933493,509.7599264594951,509.7599264594951,509.7599264594951,60.33070245737408,60.33070245737408,60.33070245737408,0.0,0.0,0.0,22487.85321636666
58,2024-08-03 10:00:00,24020.446172889075,21017.47031884443,30385.798489246223,24020.446172889075,24020.446172889075,1996.3743596377747,1996.3743596377747,1996.3743596377747,218.53733280746098,218.53733280746098,218.53733280746098,1107.5286034355834,1107.5286034355834,1107.5286034355834,103.59338034313599,103.59338034313599,103.59338034313599,1107.5286034355834,1107.5286034355834,1107.5286034355834,514.8366217024255,514.8366217024255,514.8366217024255,51.87842134916906,51.87842134916906,51.87842134916906,0.0,0.0,0.0,26016.82053252685
59,2024-08-03 11:00:00,24020.49684708635,24098.67157745532,33252.6066997276,24020.49684708635,24020.49684708635,4308.952206795425,4308.952206795425,4308.952206795425,181.7315934885952,181.7315934885952,181.7315934885952,3456.76325190588,3456.76325190588,3456.76325190588,108.95070681164788,108.95070681164788,108.95070681164788,3456.76325190588,3456.76325190588,3456.76325190588,518.0934727698412,518.0934727698412,518.0934727698412,43.41318181946069,43.41318181946069,43.41318181946069,0.0,0.0,0.0,28329.449053881774
60,2024-08-03 12:00:00,24020.547521283625,24574.483953284045,34182.51479350062,24020.547521283625,24020.547521283625,5448.835807482732,5448.835807482732,5448.835807482732,228.0412332946249,228.0412332946249,228.0412332946249,4552.72021509208,4552.72021509208,4552.72021509208,113.71927475874301,113.71927475874301,113.71927475874301,4552.72021509208,4552.72021509208,4552.72021509208,519.4197536148282,519.4197536148282,519.4197536148282,34.93533072245531,34.93533072245531,34.93533072245531,0.0,0.0,0.0,29469.38332876636
61,2024-08-03 13:00:00,24020.598195480903,26186.727499988494,35214.08234997903,24020.598195480903,24020.598195480903,6750.250887979436,6750.250887979436,6750.250887979436,368.02072766013,368.02072766013,368.02072766013,5719.1850649328,5719.1850649328,5719.1850649328,117.88284063187542,117.88284063187542,117.88284063187542,5719.1850649328,5719.1850649328,5719.1850649328,518.7170396186496,518.7170396186496,518.7170396186496,26.445215135981126,26.445215135981126,26.445215135981126,0.0,0.0,0.0,30770.84908346034
62,2024-08-03 14:00:00,24020.64886967818,27150.815448296747,36273.96395786663,24020.64886967818,24020.64886967818,7735.752927806609,7735.752927806609,7735.752927806609,554.4194560634006,554.4194560634006,554.4194560634006,6526.059692835466,6526.059692835466,6526.059692835466,121.43008578626356,121.43008578626356,121.43008578626356,6526.059692835466,6526.059692835466,6526.059692835466,515.9005107724201,515.9005107724201,515.9005107724201,17.94318234905793,17.94318234905793,17.94318234905793,0.0,0.0,0.0,31756.40179748479
63,2024-08-03 15:00:00,24020.69954387546,28490.749019253202,37560.422067326945,24020.69954387546,24020.69954387546,9033.278811321132,9033.278811321132,9033.278811321132,743.2220194301118,743.2220194301118,743.2220194301118,7645.3723934759755,7645.3723934759755,7645.3723934759755,124.35468674645533,124.35468674645533,124.35468674645533,7645.3723934759755,7645.3723934759755,7645.3723934759755,510.90013182511774,510.90013182511774,510.90013182511774,9.429579843470906,9.429579843470906,9.429579843470906,0.0,0.0,0.0,33053.978355196596
64,2024-08-03 16:00:00,24020.750218072735,30049.59281888401,39357.1894909013,24020.750218072735,24020.750218072735,10568.641854061472,10568.641854061472,10568.641854061472,918.6862356905455,918.6862356905455,918.6862356905455,9018.733823218554,9018.733823218554,9018.733823218554,126.6553453703846,126.6553453703846,126.6553453703846,9018.733823218554,9018.733823218554,9018.733823218554,503.6616944981493,503.6616944981493,503.6616944981493,0.9047552838383786,0.9047552838383786,0.9047552838383786,0.0,0.0,0.0,34589.39207213421
65,2024-08-03 17:00:00,24020.80089227001,32281.659156556878,41313.178770012026,24020.80089227001,24020.80089227001,12520.942672927518,12520.942672927518,12520.942672927518,1072.8799105350595,1072.8799105350595,1072.8799105350595,10833.210218843475,10833.210218843475,10833.210218843475,128.3357787069013,128.3357787069013,128.3357787069013,10833.210218843475,10833.210218843475,10833.210218843475,494.14770834355534,494.14770834355534,494.14770834355534,-7.630943501470514,-7.630943501470514,-7.630943501470514,0.0,0.0,0.0,36541.743565197525
66,2024-08-03 18:00:00,24020.851566467292,33484.93918946647,43029.70459260524,24020.851566467292,24020.851566467292,14298.026975417382,14298.026975417382,14298.026975417382,1179.0448825348258,1179.0448825348258,1179.0448825348258,12523.416464239803,12523.416464239803,12523.416464239803,129.40466865909005,129.40466865909005,129.40466865909005,12523.416464239803,12523.416464239803,12523.416464239803,482.3381285162767,482.3381285162767,482.3381285162767,-16.177168532612274,-16.177168532612274,-16.177168532612274,0.0,0.0,0.0,38318.878541884675
67,2024-08-03 19:00:00,24020.902240664567,33518.90887596641,43105.95974973897,24020.902240664567,24020.902240664567,14147.969817600984,14147.969817600984,14147.969817600984,1196.1622846218613,1196.1622846218613,1196.1622846218613,12378.434622306444,12378.434622306444,12378.434622306444,129.87557186642437,129.87557186642437,129.87557186642437,12378.434622306444,12378.434622306444,12378.434622306444,468.2309105017252,468.2309105017252,468.2309105017252,-24.733571695469802,-24.733571695469802,-24.733571695469802,0.0,0.0,0.0,38168.87205826555
68,2024-08-03 20:00:00,24020.952914861846,30750.643162639906,40478.22901529391,24020.952914861846,24020.952914861846,11691.44325097903,11691.44325097903,11691.44325097903,1098.510307334728,1098.510307334728,1098.510307334728,10044.623574041823,10044.623574041823,10044.623574041823,129.76679053956948,129.76679053956948,129.76679053956948,10044.623574041823,10044.623574041823,10044.623574041823,451.84238381394886,451.84238381394886,451.84238381394886,-33.29980475104021,-33.29980475104021,-33.29980475104021,0.0,0.0,0.0,35712.39616584087
69,2024-08-03 21:00:00,24021.00358905912,31796.891176887522,41675.45273569497,24021.00358905912,24021.00358905912,12571.52102322877,12571.52102322877,12571.52102322877,891.5583668530642,891.5583668530642,891.5583668530642,11159.529531766424,11159.529531766424,11159.529531766424,129.10120527422796,129.10120527422796,129.10120527422796,11159.529531766424,11159.529531766424,11159.529531766424,433.20743869553377,433.20743869553377,433.20743869553377,-41.87551936047909,-41.87551936047909,-41.87551936047909,0.0,0.0,0.0,36592.52461228789
70,2024-08-03 22:00:00,24021.0542632564,35304.3001272177,44393.90146770235,24021.0542632564,24021.0542632564,15595.894623717872,15595.894623717872,15595.894623717872,591.9068211204675,591.9068211204675,591.9068211204675,14514.162576501021,14514.162576501021,14514.162576501021,127.90607117082502,127.90607117082502,127.90607117082502,14514.162576501021,14514.162576501021,14514.162576501021,412.37952201369785,412.37952201369785,412.37952201369785,-50.46036708814022,-50.46036708814022,-50.46036708814022,0.0,0.0,0.0,39616.94888697427
71,2024-08-03 23:00:00,24021.104937453678,34064.81336951543,43078.167496525566,24021.104937453678,24021.104937453678,14574.887412191094,14574.887412191094,14574.887412191094,195.74085201994055,195.74085201994055,195.74085201994055,13922.55734004044,13922.55734004044,13922.55734004044,126.21277887501138,126.21277887501138,126.21277887501138,13922.55734004044,13922.55734004044,13922.55734004044,389.43044067787025,389.43044067787025,389.43044067787025,-59.05399942216892,-59.05399942216892,-59.05399942216892,0.0,0.0,0.0,38595.992349644774
72,2024-08-04 00:00:00,24021.155611650953,28983.4289156799,38415.92678080063,24021.155611650953,24021.155611650953,9951.772827572806,9951.772827572806,9951.772827572806,-317.38083733683834,-317.38083733683834,-317.38083733683834,9848.303177138145,9848.303177138145,9848.303177138145,124.05658241520092,124.05658241520092,124.05658241520092,9848.303177138145,9848.303177138145,9848.303177138145,364.449973148822,364.449973148822,364.449973148822,-67.65606779252226,-67.65606779252226,-67.65606779252226,0.0,0.0,0.0,33972.92843922376
73,2024-08-04 01:00:00,24021.206285848235,23972.565327768505,33038.17272280739,24021.206285848235,24021.206285848235,4315.813067569998,4315.813067569998,4315.813067569998,-931.8802473667263,-931.8802473667263,-931.8802473667263,4864.937950684128,4864.937950684128,4864.937950684128,121.47629599037232,121.47629599037232,121.47629599037232,4864.937950684128,4864.937950684128,4864.937950684128,337.5452918396943,337.5452918396943,337.5452918396943,-76.26622357747127,-76.26622357747127,-76.26622357747127,0.0,0.0,0.0,28337.019353418233
74,2024-08-04 02:00:00,24021.25696004551,17190.82614168396,27254.297908932345,24021.25696004551,24021.25696004551,-1915.0555436125107,-1915.0555436125107,-1915.0555436125107,-1540.6626251568655,-1540.6626251568655,-1540.6626251568655,-716.8629637501288,-716.8629637501288,-716.8629637501288,118.51396208259075,118.51396208259075,118.51396208259075,-716.8629637501288,-716.8629637501288,-716.8629637501288,308.84020133605026,308.84020133605026,308.84020133605026,-84.88411812415765,-84.88411812415765,-84.88411812415765,0.0,0.0,0.0,22106.201416433
75,2024-08-04 03:00:00,24021.307634242785,11821.10647875528,21410.62312681195,24021.307634242785,24021.307634242785,-7217.447394072603,-7217.447394072603,-7217.447394072603,-1954.8888731276215,-1954.8888731276215,-1954.8888731276215,-5562.737811227829,-5562.737811227829,-5562.737811227829,115.21449351076284,115.21449351076284,115.21449351076284,-5562.737811227829,-5562.737811227829,-5562.737811227829,278.4741995369562,278.4741995369562,278.4741995369562,-93.50940276486996,-93.50940276486996,-93.50940276486996,0.0,0.0,0.0,16803.860240170183
76,2024-08-04 04:00:00,24021.358308440063,7582.980477950336,16832.422064947994,24021.358308440063,24021.358308440063,-11819.063575212616,-11819.063575212616,-11819.063575212616,-1999.4652781653222,-1999.4652781653222,-1999.4652781653222,-10075.683231408719,-10075.683231408719,-10075.683231408719,111.62529223763626,111.62529223763626,111.62529223763626,-10075.683231408719,-10075.683231408719,-10075.683231408719,246.60137094794615,246.60137094794615,246.60137094794615,-102.14172882415927,-102.14172882415927,-102.14172882415927,0.0,0.0,0.0,12202.294733227447
77,2024-08-04 05:00:00,24021.40898263734,5147.865155409399,14427.003709284048,24021.40898263734,24021.40898263734,-14285.449712877438,-14285.449712877438,-14285.449712877438,-1634.227833461449,-1634.227833461449,-1634.227833461449,-12861.626102845452,-12861.626102845452,-12861.626102845452,107.79584792172854,107.79584792172854,107.79584792172854,-12861.626102845452,-12861.626102845452,-12861.626102845452,213.3891231485012,213.3891231485012,213.3891231485012,-110.78074764076905,-110.78074764076905,-110.78074764076905,0.0,0.0,0.0,9735.9592697599
78,2024-08-04 06:00:00,24021.459656834617,6300.898423957139,16087.484550814233,24021.459656834617,24021.459656834617,-12738.410317705224,-12738.410317705224,-12738.410317705224,-1003.2458673811731,-1003.2458673811731,-1003.2458673811731,-11898.532438573862,-11898.532438573862,-11898.532438573862,103.77731937725493,103.77731937725493,103.77731937725493,-11898.532438573862,-11898.532438573862,-11898.532438573862,179.01677945230844,179.01677945230844,179.01677945230844,-119.42611057975103,-119.42611057975103,-119.42611057975103,0.0,0.0,0.0,11283.049339129393
79,2024-08-04 07:00:00,24021.510331031895,8689.488757138548,18025.522264745472,24021.510331031895,24021.510331031895,-10625.39600767653,-10625.39600767653,-10625.39600767653,-361.96787640019903,-361.96787640019903,-361.96787640019903,-10378.646806877361,-10378.646806877361,-10378.646806877361,99.62210222878986,99.62210222878986,99.62210222878986,-10378.646806877361,-10378.646806877361,-10378.646806877361,143.67404241901923,143.67404241901923,143.67404241901923,-128.0774690467791,-128.0774690467791,-128.0774690467791,0.0,0.0,0.0,13396.114323355365
80,2024-08-04 08:00:00,24021.56100522917,10980.42657371504,20814.51098000692,24021.56100522917,24021.56100522917,-8087.695622997495,-8087.695622997495,-8087.695622997495,71.60833917302253,71.60833917302253,71.60833917302253,-8225.512218164948,-8225.512218164948,-8225.512218164948,95.3833861653369,95.3833861653369,95.3833861653369,-8225.512218164948,-8225.512218164948,-8225.512218164948,107.55934432986146,107.55934432986146,107.55934432986146,-136.73447450076915,-136.73447450076915,-136.73447450076915,0.0,0.0,0.0,15933.865382231676
81,2024-08-04 09:00:00,24021.611679426445,16082.27551817457,25654.02959643128,24021.611679426445,24021.611679426445,-3281.6452337625597,-3281.6452337625597,-3281.6452337625597,233.64907572472808,233.64907572472808,233.64907572472808,-3531.890338431851,-3531.890338431851,-3531.890338431851,91.11470527846953,91.11470527846953,91.11470527846953,-3531.890338431851,-3531.890338431851,-3531.890338431851,70.8781021403153,70.8781021403153,70.8781021403153,-145.396778474222,-145.396778474222,-145.396778474222,0.0,0.0,0.0,20739.966445663886
82,2024-08-04 10:00:00,24021.662353623728,19655.37878149276,28949.300163052052,24021.662353623728,24021.662353623728,343.05918590452455,343.05918590452455,343.05918590452455,218.53733281642184,218.53733281642184,218.53733281642184,157.8755050575134,157.8755050575134,157.8755050575134,86.86948503331763,86.86948503331763,86.86948503331763,157.8755050575134,157.8755050575134,157.8755050575134,33.8408955807882,33.8408955807882,33.8408955807882,-154.06403258351642,-154.06403258351642,-154.06403258351642,0.0,0.0,0.0,24364.72153952825
83,2024-08-04 11:00:00,24021.713027821002,21804.479089166834,31620.67976617147,24021.713027821002,24021.713027821002,2726.433128824019,2726.433128824019,2726.433128824019,181.73159348878158,181.73159348878158,181.73159348878158,2628.0752465694723,2628.0752465694723,2628.0752465694723,82.70058944755434,82.70058944755434,82.70058944755434,2628.0752465694723,2628.0752465694723,2628.0752465694723,-3.338412140484434,-3.338412140484434,-3.338412140484434,-162.73588854130455,-162.73588854130455,-162.73588854130455,0.0,0.0,0.0,26748.146156645023
84,2024-08-04 12:00:00,24021.76370201828,23642.22516684589,32473.021499237173,24021.76370201828,24021.76370201828,4038.1121862204764,4038.1121862204764,4038.1121862204764,228.04123329693402,228.04123329693402,228.04123329693402,3943.2676698220703,3943.2676698220703,3943.2676698220703,78.65987204849725,78.65987204849725,78.65987204849725,3943.2676698220703,3943.2676698220703,3943.2676698220703,-40.44459076846188,-40.44459076846188,-40.44459076846188,-171.41199817856338,-171.41199817856338,-171.41199817856338,0.0,0.0,0.0,28059.875888238756
85,2024-08-04 13:00:00,24021.814376215556,24591.163459976004,33504.86872969855,24021.814376215556,24021.814376215556,5166.298761892246,5166.298761892246,5166.298761892246,368.0207276657617,368.0207276657617,368.0207276657617,4980.835289372496,4980.835289372496,4980.835289372496,74.79773418064335,74.79773418064335,74.79773418064335,4980.835289372496,4980.835289372496,4980.835289372496,-77.26297587621269,-77.26297587621269,-77.26297587621269,-180.09201345044164,-180.09201345044164,-180.09201345044164,0.0,0.0,0.0,29188.1131381078
86,2024-08-04 14:00:00,24021.865050412835,25935.561176187795,35279.52689147091,24021.865050412835,24021.865050412835,6534.202740725535,6534.202740725535,6534.202740725535,554.4194560558618,554.4194560558618,554.4194560558618,6210.977574348079,6210.977574348079,6210.977574348079,71.16269414871506,71.16269414871506,71.16269414871506,6210.977574348079,6210.977574348079,6210.977574348079,-113.58139737056453,-113.58139737056453,-113.58139737056453,-188.77558645655688,-188.77558645655688,-188.77558645655688,0.0,0.0,0.0,30556.06779113837
87,2024-08-04 15:00:00,24021.915724610113,25191.055316886854,34327.83029278929,24021.915724610113,24021.915724610113,5656.727487164099,5656.727487164099,5656.727487164099,743.2220194229467,743.2220194229467,743.2220194229467,5192.358949336057,5192.358949336057,5192.358949336057,67.80097063025033,67.80097063025033,67.80097063025033,5192.358949336057,5192.358949336057,5192.358949336057,-149.19208276904357,-149.19208276904357,-149.19208276904357,-197.46236945610997,-197.46236945610997,-197.46236945610997,0.0,0.0,0.0,29678.64321177421
88,2024-08-04 16:00:00,24021.966398807388,24486.963868033916,34245.151550714254,24021.966398807388,24021.966398807388,5257.166926408857,5257.166926408857,5257.166926408857,918.6862356925966,918.6862356925966,918.6862356925966,4663.77013657295,4663.77013657295,4663.77013657295,64.7560836814138,64.7560836814138,64.7560836814138,4663.77013657295,4663.77013657295,4663.77013657295,-183.8935146616058,-183.8935146616058,-183.8935146616058,-206.15201487649716,-206.15201487649716,-206.15201487649716,0.0,0.0,0.0,29279.133325216244
89,2024-08-04 17:00:00,24022.01707300467,26334.416280636415,35648.040237386966,24022.01707300467,24022.01707300467,6883.623711828819,6883.623711828819,6883.623711828819,1072.8799105297087,1072.8799105297087,1072.8799105297087,6181.011722519908,6181.011722519908,6181.011722519908,62.068476513388454,62.068476513388454,62.068476513388454,6181.011722519908,6181.011722519908,6181.011722519908,-217.49222240204614,-217.49222240204614,-217.49222240204614,-214.8441753321406,-214.8441753321406,-214.8441753321406,0.0,0.0,0.0,30905.64078483349
90,2024-08-04 18:00:00,24022.067747201945,26048.552918788104,35503.593221601404,24022.067747201945,24022.067747201945,6768.2360228248035,6768.2360228248035,6768.2360228248035,1179.044882532152,1179.044882532152,1179.044882532152,6002.7589715714485,6002.7589715714485,6002.7589715714485,59.775161084335565,59.775161084335565,59.775161084335565,6002.7589715714485,6002.7589715714485,6002.7589715714485,-249.8044887225916,-249.8044887225916,-249.8044887225916,-223.53850364054196,-223.53850364054196,-223.53850364054196,0.0,0.0,0.0,30790.30377002675
91,2024-08-04 19:00:00,24022.11842139922,24082.051853241814,32913.377028122944,24022.11842139922,24022.11842139922,4381.042489247207,4381.042489247207,4381.042489247207,1196.1622846233747,1196.1622846233747,1196.1622846233747,3639.863420061838,3639.863420061838,3639.863420061838,57.909390359848395,57.909390359848395,57.909390359848395,3639.863420061838,3639.863420061838,3639.863420061838,-280.6579529662362,-280.6579529662362,-280.6579529662362,-232.23465283161724,-232.23465283161724,-232.23465283161724,0.0,0.0,0.0,28403.160910646428
92,2024-08-04 20:00:00,24022.1690955965,21972.888510923178,31619.43734598162,24022.1690955965,24022.1690955965,2833.670646984166,2833.670646984166,2833.670646984166,1098.5103073328708,1098.5103073328708,1098.5103073328708,2229.4853498256375,2229.4853498256375,2229.4853498256375,56.500359894058334,56.500359894058334,56.500359894058334,2229.4853498256375,2229.4853498256375,2229.4853498256375,-309.89309390467486,-309.89309390467486,-309.89309390467486,-240.93227616372545,-240.93227616372545,-240.93227616372545,0.0,0.0,0.0,26855.839742580665
93,2024-08-04 21:00:00,24022.219769793774,22739.584061521513,32123.316323672956,24022.219769793774,24022.219769793774,3249.090131655826,3249.090131655826,3249.090131655826,891.5583668630563,891.5583668630563,891.5583668630563,2888.9544271911977,2888.9544271911977,2888.9544271911977,55.572941166388595,55.572941166388595,55.572941166388595,2888.9544271911977,2888.9544271911977,2888.9544271911977,-337.3645764213149,-337.3645764213149,-337.3645764213149,-249.63102714350165,-249.63102714350165,-249.63102714350165,0.0,0.0,0.0,27271.3099014496
94,2024-08-04 22:00:00,24022.270443991056,20300.560107613634,29549.952190696105,24022.270443991056,24022.270443991056,1001.3279156489975,1001.3279156489975,1001.3279156489975,591.9068211339724,591.9068211339724,591.9068211339724,975.5466531041532,975.5466531041532,975.5466531041532,55.147448869129725,55.147448869129725,55.147448869129725,975.5466531041532,975.5466531041532,975.5466531041532,-362.9424479270696,-362.9424479270696,-362.9424479270696,-258.3305595311882,-258.3305595311882,-258.3305595311882,0.0,0.0,0.0,25023.598359640055
95,2024-08-04 23:00:00,24022.32111818833,15727.341847330303,24704.312985112567,24022.32111818833,24022.32111818833,-3796.302351474571,-3796.302351474571,-3796.302351474571,195.7408520070686,195.7408520070686,195.7408520070686,-3393.73894801815,-3393.73894801815,-3393.73894801815,55.23944407819548,55.23944407819548,55.23944407819548,-3393.73894801815,-3393.73894801815,-3393.73894801815,-386.51317218141423,-386.51317218141423,-386.51317218141423,-267.030527360271,-267.030527360271,-267.030527360271,0.0,0.0,0.0,20226.018766713758
96,2024-08-05 00:00:00,24022.371792385606,9789.534028027922,19775.364688299756,24022.371792385606,24022.371792385606,-9213.710298934497,-9213.710298934497,-9213.710298934497,-317.38083734693805,-317.38083734693805,-317.38083734693805,-8268.477961595047,-8268.477961595047,-8268.477961595047,55.859574969040395,55.859574969040395,55.859574969040395,-8268.477961595047,-8268.477961595047,-8268.477961595047,-407.9804900087988,-407.9804900087988,-407.9804900087988,-275.7305849527529,-275.7305849527529,-275.7305849527529,0.0,0.0,0.0,14808.661493451109
97,2024-08-05 01:00:00,24022.422466582888,4398.71507253999,13741.360882768431,24022.422466582888,24022.422466582888,-15003.21864931486,-15003.21864931486,-15003.21864931486,-931.880247341731,-931.880247341731,-931.880247341731,-13416.655373104,-13416.655373104,-13416.655373104,57.013456456926164,57.013456456926164,57.013456456926164,-13416.655373104,-13416.655373104,-13416.655373104,-427.2660983974095,-427.2660983974095,-427.2660983974095,-284.43038692864235,-284.43038692864235,-284.43038692864235,0.0,0.0,0.0,9019.203817268028
98,2024-08-05 02:00:00,24022.473140780163,998.3361678940145,10770.325976359076,24022.473140780163,24022.473140780163,-18272.390087752912,-18272.390087752912,-18272.390087752912,-1540.6626251690964,-1540.6626251690964,-1540.6626251690964,-16052.989322545674,-16052.989322545674,-16052.989322545674,58.70158983727806,58.70158983727806,58.70158983727806,-16052.989322545674,-16052.989322545674,-16052.989322545674,-444.31014164942286,-444.31014164942286,-444.31014164942286,-293.1295882259953,-293.1295882259953,-293.1295882259953,0.0,0.0,0.0,5750.083053027251
99,2024-08-05 03:00:00,24022.52381497744,-47.5328361201334,9204.748074987723,24022.52381497744,24022.52381497744,-19322.15818935587,-19322.15818935587,-19322.15818935587,-1954.8888731335578,-1954.8888731335578,-1954.8888731335578,-16667.28928502318,-16667.28928502318,-16667.28928502318,60.91932320004919,60.91932320004919,60.91932320004919,-16667.28928502318,-16667.28928502318,-16667.28928502318,-459.0715102896509,-459.0715102896509,-459.0715102896509,-301.82784410952786,-301.82784410952786,-301.82784410952786,0.0,0.0,0.0,4700.365625621573
100,2024-08-05 04:00:00,24022.574489174716,1633.8047227798743,10876.65958338756,24022.574489174716,24022.574489174716,-17800.485713516035,-17800.485713516035,-17800.485713516035,-1999.4652781719547,-1999.4652781719547,-1999.4652781719547,-15082.62453246284,-15082.62453246284,-15082.62453246284,63.65685307841168,63.65685307841168,63.65685307841168,-15082.62453246284,-15082.62453246284,-15082.62453246284,-471.5279457723759,-471.5279457723759,-471.5279457723759,-310.52481018727866,-310.52481018727866,-310.52481018727866,0.0,0.0,0.0,6222.088775658682
101,2024-08-05 05:00:00,24022.62516337199,4500.95866965187,13650.511108452103,24022.62516337199,24022.62516337199,-14781.244333578778,-14781.244333578778,-14781.244333578778,-1634.2278334498537,-1634.2278334498537,-1634.2278334498537,-12413.019674006066,-12413.019674006066,-12413.019674006066,66.89926747411941,66.89926747411941,66.89926747411941,-12413.019674006066,-12413.019674006066,-12413.019674006066,-481.6759511707626,-481.6759511707626,-481.6759511707626,-319.2201424262162,-319.2201424262162,-319.2201424262162,0.0,0.0,0.0,9241.380829793214
102,2024-08-05 06:00:00,24022.675837569273,10640.970137379687,20135.667188243046,24022.675837569273,24022.675837569273,-8748.738235102079,-8748.738235102079,-8748.738235102079,-1003.2458673797865,-1003.2458673797865,-1003.2458673797865,-6998.674990376294,-6998.674990376294,-6998.674990376294,70.62663008851675,70.62663008851675,70.62663008851675,-6998.674990376294,-6998.674990376294,-6998.674990376294,-489.5305102693223,-489.5305102693223,-489.5305102693223,-327.91349716519255,-327.91349716519255,-327.91349716519255,0.0,0.0,0.0,15273.937602467195
103,2024-08-05 07:00:00,24022.72651176655,18408.663251518436,28274.185912094883,24022.72651176655,24022.72651176655,-965.193822658255,-965.193822658255,-965.193822658255,-361.96787638913395,-361.96787638913395,-361.96787638913395,153.68909928740126,153.68909928740126,153.68909928740126,74.81410525555307,74.81410525555307,74.81410525555307,153.68909928740126,153.68909928740126,153.68909928740126,-495.12461968683016,-495.12461968683016,-495.12461968683016,-336.6045311252451,-336.6045311252451,-336.6045311252451,0.0,0.0,0.0,23057.532689108295
104,2024-08-05 08:00:00,24022.777185963823,26723.601376873004,35705.70056560482,24022.777185963823,24022.777185963823,7153.779127381662,7153.779127381662,7153.779127381662,71.60833917714363,71.60833917714363,71.60833917714363,7846.540207587154,7846.540207587154,7846.540207587154,79.43212278631832,79.43212278631832,79.43212278631832,7846.540207587154,7846.540207587154,7846.540207587154,-498.508640738713,-498.508640738713,-498.508640738713,-345.2929014302401,-345.2929014302401,-345.2929014302401,0.0,0.0,0.0,31176.556313345485
105,2024-08-05 09:00:00,24022.827860161102,22278.263182645023,31902.30312191035,24022.827860161102,24022.827860161102,2926.4192553183902,2926.4192553183902,2926.4192553183902,233.64907572272406,233.64907572272406,233.64907572272406,3462.0513434049703,3462.0513434049703,3462.0513434049703,84.4465815930408,84.4465815930408,84.4465815930408,3462.0513434049703,3462.0513434049703,3462.0513434049703,-499.74947978629757,-499.74947978629757,-499.74947978629757,-353.97826561604705,-353.97826561604705,-353.97826561604705,0.0,0.0,0.0,26949.24711547949
106,2024-08-05 10:00:00,24022.87853435838,18813.040740920696,28124.61696877208,24022.87853435838,24022.87853435838,-469.1709046862878,-469.1709046862878,-469.1709046862878,218.5373328123263,218.5373328123263,218.5373328123263,84.0625612160625,84.0625612160625,84.0625612160625,89.81909067975103,89.81909067975103,89.81909067975103,84.0625612160625,84.0625612160625,84.0625612160625,-498.92960774760724,-498.92960774760724,-498.92960774760724,-362.6602816468205,-362.6602816468205,-362.6602816468205,0.0,0.0,0.0,23553.70762967209
107,2024-08-05 11:00:00,24022.92920855566,18404.36683177333,28165.41101919388,24022.92920855566,24022.92920855566,-771.6893993221805,-771.6893993221805,-771.6893993221805,181.7315934941552,181.7315934941552,181.7315934941552,-181.4436994673654,-181.4436994673654,-181.4436994673654,95.50724579009693,95.50724579009693,95.50724579009693,-181.4436994673654,-181.4436994673654,-181.4436994673654,-496.14593121212107,-496.14593121212107,-496.14593121212107,-371.33860792694617,-371.33860792694617,-371.33860792694617,0.0,0.0,0.0,23251.239809233477
108,2024-08-05 12:00:00,24022.979882752934,19382.10488626506,28918.76482491297,24022.979882752934,24022.979882752934,-197.7345291148671,-197.7345291148671,-197.7345291148671,228.04123329924317,228.04123329924317,228.04123329924317,344.2807304004014,344.2807304004014,344.2807304004014,101.46493973075876,101.46493973075876,101.46493973075876,344.2807304004014,344.2807304004014,344.2807304004014,-491.50852922878914,-491.50852922878914,-491.50852922878914,-380.0129033164812,-380.0129033164812,-380.0129033164812,0.0,0.0,0.0,23825.245353638067
109,2024-08-05 13:00:00,24023.03055695021,20551.82175174963,29680.783878634393,24023.03055695021,24023.03055695021,1080.8583645684525,1080.8583645684525,1080.8583645684525,368.020727660198,368.020727660198,368.020727660198,1479.0170312465873,1479.0170312465873,1479.0170312465873,107.64270410091211,107.64270410091211,107.64270410091211,1479.0170312465873,1479.0170312465873,1479.0170312465873,-485.13927129306904,-485.13927129306904,-485.13927129306904,-388.6828271461759,-388.6828271461759,-388.6828271461759,0.0,0.0,0.0,25103.88892151866
110,2024-08-05 14:00:00,24023.08123114749,21460.949376586148,30622.10619512547,24023.08123114749,24023.08123114749,2121.865217475995,2121.865217475995,2121.865217475995,554.4194560622865,554.4194560622865,554.4194560622865,2327.9760539961703,2327.9760539961703,2327.9760539961703,113.98807994067192,113.98807994067192,113.98807994067192,2327.9760539961703,2327.9760539961703,2327.9760539961703,-477.17033329806344,-477.17033329806344,-477.17033329806344,-397.3480392250697,-397.3480392250697,-397.3480392250697,0.0,0.0,0.0,26144.946448623487
111,2024-08-05 15:00:00,24023.131905344766,21675.750522526723,30648.771399048295,24023.131905344766,24023.131905344766,2368.130128079896,2368.130128079896,2368.130128079896,743.2220194277677,743.2220194277677,743.2220194277677,2378.212923237516,2378.212923237516,2378.212923237516,120.44601456871845,120.44601456871845,120.44601456871845,2378.212923237516,2378.212923237516,2378.212923237516,-467.74262928862635,-467.74262928862635,-467.74262928862635,-406.0081998654799,-406.0081998654799,-406.0081998654799,0.0,0.0,0.0,26391.26203342466
112,2024-08-05 16:00:00,24023.182579542045,22634.922641022127,32041.466798315407,24023.182579542045,24023.182579542045,3228.4059934738593,3228.4059934738593,3228.4059934738593,918.6862356946482,918.6862356946482,918.6862356946482,3054.4276236835244,3054.4276236835244,3054.4276236835244,126.95928165320046,126.95928165320046,126.95928165320046,3054.4276236835244,3054.4276236835244,3054.4276236835244,-457.0041776732001,-457.0041776732001,-457.0041776732001,-414.66296988431367,-414.66296988431367,-414.66296988431367,0.0,0.0,0.0,27251.588573015903
113,2024-08-05 17:00:00,24023.23325373932,25977.14586718254,35592.88442387333,24023.23325373932,24023.23325373932,6643.6509472104035,6643.6509472104035,6643.6509472104035,1072.879910529153,1072.879910529153,1072.879910529153,6305.722547040091,6305.722547040091,6305.722547040091,133.46892141096262,133.46892141096262,133.46892141096262,6305.722547040091,6305.722547040091,6305.722547040091,-445.10842114537047,-445.10842114537047,-445.10842114537047,-423.31201062443307,-423.31201062443307,-423.31201062443307,0.0,0.0,0.0,30666.884200949724
114,2024-08-05 18:00:00,24023.283927936598,25792.75255844197,35023.89854511758,24023.283927936598,24023.283927936598,6612.888735607696,6612.888735607696,6612.888735607696,1179.0448825430651,1179.0448825430651,1179.0448825430651,6158.096659357188,6158.096659357188,6158.096659357188,139.9146976276827,139.9146976276827,139.9146976276827,6158.096659357188,6158.096659357188,6158.096659357188,-432.21251995179796,-432.21251995179796,-432.21251995179796,-431.95498396844295,-431.95498396844295,-431.95498396844295,0.0,0.0,0.0,30636.172663544294
115,2024-08-05 19:00:00,24023.334602133877,23002.28579988222,32168.603374825976,24023.334602133877,24023.334602133877,3567.724137580987,3567.724137580987,3567.724137580987,1196.1622846209232,1196.1622846209232,1196.1622846209232,3084.393475511695,3084.393475511695,3084.393475511695,146.2355680662541,146.2355680662541,146.2355680662541,3084.393475511695,3084.393475511695,3084.393475511695,-418.47563827119154,-418.47563827119154,-418.47563827119154,-440.5915523466943,-440.5915523466943,-440.5915523466943,0.0,0.0,0.0,27591.058739714863
116,2024-08-05 20:00:00,24023.38527633115,22370.036981809986,31529.486755260616,24023.38527633115,24023.38527633115,2686.79856629453,2686.79856629453,2686.79856629453,1098.5103073389548,1098.5103073389548,1098.5103073389548,2289.1967163361837,2289.1967163361837,2289.1967163361837,152.37016473050434,152.37016473050434,152.37016473050434,2289.1967163361837,2289.1967163361837,2289.1967163361837,-404.0572433551985,-404.0572433551985,-404.0572433551985,-449.2213787559152,-449.2213787559152,-449.2213787559152,0.0,0.0,0.0,26710.18384262568
117,2024-08-05 21:00:00,24023.435950528434,22175.683102796236,31376.33619315569,24023.435950528434,24023.435950528434,2428.816039196758,2428.816039196758,2428.816039196758,891.5583668616663,891.5583668616663,891.5583668616663,2225.9599554929114,2225.9599554929114,2225.9599554929114,158.25728033978052,158.25728033978052,158.25728033978052,2225.9599554929114,2225.9599554929114,2225.9599554929114,-389.1154367247227,-389.1154367247227,-389.1154367247227,-457.8441267728768,-457.8441267728768,-457.8441267728768,0.0,0.0,0.0,26452.25198972519
118,2024-08-05 22:00:00,24023.48662472571,18445.561356707236,27776.123628874055,24023.48662472571,24023.48662472571,-858.231565672253,-858.231565672253,-858.231565672253,591.9068211315746,591.9068211315746,591.9068211315746,-773.7099473653358,-773.7099473653358,-773.7099473653358,163.83635732369865,163.83635732369865,163.83635732369865,-773.7099473653358,-773.7099473653358,-773.7099473653358,-373.805336198211,-373.805336198211,-373.805336198211,-466.4594605639801,-466.4594605639801,-466.4594605639801,0.0,0.0,0.0,23165.255059053456
119,2024-08-05 23:00:00,24023.537298922984,13330.721984056578,22621.291505937646,24023.537298922984,24023.537298922984,-6110.614927627596,-6110.614927627596,-6110.614927627596,195.740852024768,195.740852024768,195.740852024768,-5642.059183714165,-5642.059183714165,-5642.059183714165,169.04797561116263,169.04797561116263,169.04797561116263,-5642.059183714165,-5642.059183714165,-5642.059183714165,-358.27752664967335,-358.27752664967335,-358.27752664967335,-475.0670448996888,-475.0670448996888,-475.0670448996888,0.0,0.0,0.0,17912.922371295386
120,2024-08-06 00:00:00,24023.587973120262,7544.962660599483,16944.237625422946,24023.587973120262,24023.587973120262,-11822.040976655757,-11822.040976655757,-11822.040976655757,-317.3808373245025,-317.3808373245025,-317.3808373245025,-10852.151333191623,-10852.151333191623,-10852.151333191623,173.8343354812654,173.8343354812654,173.8343354812654,-10852.151333191623,-10852.151333191623,-10852.151333191623,-342.6765964470789,-342.6765964470789,-342.6765964470789,-483.66654517381875,-483.66654517381875,-483.66654517381875,0.0,0.0,0.0,12201.546996464505
121,2024-08-06 01:00:00,24023.638647317537,2922.954580564512,11927.498606262374,24023.638647317537,24023.638647317537,-16513.86532886576,-16513.86532886576,-16513.86532886576,-931.8802473438134,-931.8802473438134,-931.8802473438134,-14940.727410570616,-14940.727410570616,-14940.727410570616,178.1397317723049,178.1397317723049,178.1397317723049,-14940.727410570616,-14940.727410570616,-14940.727410570616,-327.1397753145549,-327.1397753145549,-327.1397753145549,-492.2576274090768,-492.2576274090768,-492.2576274090768,0.0,0.0,0.0,7509.773318451778
122,2024-08-06 02:00:00,24023.68932151482,212.74099625413143,9396.272470092063,24023.68932151482,24023.68932151482,-19002.607377047072,-19002.607377047072,-19002.607377047072,-1540.6626251477076,-1540.6626251477076,-1540.6626251477076,-16831.220121494942,-16831.220121494942,-16831.220121494942,181.9110157864535,181.9110157864535,181.9110157864535,-16831.220121494942,-16831.220121494942,-16831.220121494942,-311.79568791806713,-311.79568791806713,-311.79568791806713,-500.8399582728058,-500.8399582728058,-500.8399582728058,0.0,0.0,0.0,5021.081944467747
123,2024-08-06 03:00:00,24023.739995712094,-470.292378290659,8355.78640204078,24023.739995712094,24023.739995712094,-19951.640481634913,-19951.640481634913,-19951.640481634913,-1954.8888731237332,-1954.8888731237332,-1954.8888731237332,-17375.673208755317,-17375.673208755317,-17375.673208755317,185.09804132438373,185.09804132438373,185.09804132438373,-17375.673208755317,-17375.673208755317,-17375.673208755317,-296.76323598725753,-296.76323598725753,-296.76323598725753,-509.41320509299265,-509.41320509299265,-509.41320509299265,0.0,0.0,0.0,4072.099514077181
124,2024-08-06 04:00:00,24023.79066990937,529.892473005464,10106.245520623892,24023.79066990937,24023.79066990937,-18666.470525299857,-18666.470525299857,-18666.470525299857,-1999.46527816848,-1999.46527816848,-1999.46527816848,-16054.531682566243,-16054.531682566243,-16054.531682566243,187.65409136407666,187.65409136407666,187.65409136407666,-16054.531682566243,-16054.531682566243,-16054.531682566243,-282.150620060072,-282.150620060072,-282.150620060072,-517.9770358691404,-517.9770358691404,-517.9770358691404,0.0,0.0,0.0,5357.320144609512
125,2024-08-06 05:00:00,24023.84134410665,3819.5738386857347,13500.62022376822,24023.84134410665,24023.84134410665,-15389.985618900604,-15389.985618900604,-15389.985618900604,-1634.2278334494526,-1634.2278334494526,-1634.2278334494526,-13150.708438128982,-13150.708438128982,-13150.708438128982,189.53628206139447,189.53628206139447,189.53628206139447,-13150.708438128982,-13150.708438128982,-13150.708438128982,-268.0545100992464,-268.0545100992464,-268.0545100992464,-526.5311192843159,-526.5311192843159,-526.5311192843159,0.0,0.0,0.0,8633.855725206047
126,2024-08-06 06:00:00,24023.892018303926,10842.359299290063,20134.861262934883,24023.892018303926,24023.892018303926,-8318.597530191435,-8318.597530191435,-8318.597530191435,-1003.2458674064515,-1003.2458674064515,-1003.2458674064515,-6716.4231066124175,-6716.4231066124175,-6716.4231066124175,190.70594088776627,190.70594088776627,190.70594088776627,-6716.4231066124175,-6716.4231066124175,-6716.4231066124175,-254.5593723388794,-254.5593723388794,-254.5593723388794,-535.0751247214534,-535.0751247214534,-535.0751247214534,0.0,0.0,0.0,15705.294488112491
127,2024-08-06 07:00:00,24023.9426925012,21391.59542827847,30550.222219371688,24023.9426925012,24023.9426925012,1995.1252389407616,1995.1252389407616,1995.1252389407616,-361.96787641119244,-361.96787641119244,-361.96787641119244,2951.309839451289,2951.309839451289,2951.309839451289,191.12895590265842,191.12895590265842,191.12895590265842,2951.309839451289,2951.309839451289,2951.309839451289,-241.73695772780175,-241.73695772780175,-241.73695772780175,-543.6087222741911,-543.6087222741911,-543.6087222741911,0.0,0.0,0.0,26019.06793144196
128,2024-08-06 08:00:00,24023.99336669848,30410.188220562235,39845.90226165422,24023.99336669848,24023.99336669848,10748.982976343603,10748.982976343603,10748.982976343603,71.6083391812647,71.6083391812647,71.6083391812647,11268.37608178934,11268.37608178934,11268.37608178934,190.77609338544184,190.77609338544184,190.77609338544184,11268.37608178934,11268.37608178934,11268.37608178934,-229.64595525257633,-229.64595525257633,-229.64595525257633,-552.1315827598689,-552.1315827598689,-552.1315827598689,0.0,0.0,0.0,34772.976343042086
129,2024-08-06 09:00:00,24024.044040895755,25619.779058772823,35381.23667202239,24024.044040895755,24024.044040895755,6396.643109394736,6396.643109394736,6396.643109394736,233.64907572082817,233.64907572082817,233.64907572082817,6752.345941567318,6752.345941567318,6752.345941567318,189.62328123876955,189.62328123876955,189.62328123876955,6752.345941567318,6752.345941567318,6752.345941567318,-218.33181139876345,-218.33181139876345,-218.33181139876345,-560.6433777334162,-560.6433777334162,-560.6433777334162,0.0,0.0,0.0,30420.68715029049
130,2024-08-06 10:00:00,24024.094715093037,21000.248895239278,30877.281199151857,24024.094715093037,24024.094715093037,2021.0925205378778,2021.0925205378778,2021.0925205378778,218.53733281430934,218.53733281430934,218.53733281430934,2391.8738262768293,2391.8738262768293,2391.8738262768293,187.6518558746627,187.6518558746627,187.6518558746627,2391.8738262768293,2391.8738262768293,2391.8738262768293,-207.82671492595864,-207.82671492595864,-207.82671492595864,-569.1437795019649,-569.1437795019649,-569.1437795019649,0.0,0.0,0.0,26045.187235630914
131,2024-08-06 11:00:00,24024.145389290312,20562.657073868737,30120.61053371767,24024.145389290312,24024.145389290312,1265.6949126392176,1265.6949126392176,1265.6949126392176,181.73159349225995,181.73159349225995,181.73159349225995,1674.8967538586762,1674.8967538586762,1674.8967538586762,184.84877050948518,184.84877050948518,184.84877050948518,1674.8967538586762,1674.8967538586762,1674.8967538586762,-198.14974408840632,-198.14974408840632,-198.14974408840632,-577.6324611327972,-577.6324611327972,-577.6324611327972,0.0,0.0,0.0,25289.84030192953
132,2024-08-06 12:00:00,24024.196063487587,20746.91277150018,29924.446107247524,24024.196063487587,24024.196063487587,1535.014731075402,1535.014731075402,1535.014731075402,228.0412332987761,228.0412332987761,228.0412332987761,1901.1830025905272,1901.1830025905272,1901.1830025905272,181.20676310536783,181.20676310536783,181.20676310536783,1901.1830025905272,1901.1830025905272,1901.1830025905272,-189.30717144818453,-189.30717144818453,-189.30717144818453,-586.1090964710842,-586.1090964710842,-586.1090964710842,0.0,0.0,0.0,25559.21079456299
133,2024-08-06 13:00:00,24024.24673768487,21571.754387154142,30888.267626278044,24024.24673768487,24024.24673768487,2256.379078009781,2256.379078009781,2256.379078009781,368.0207276534409,368.0207276534409,368.0207276534409,2487.5001475520226,2487.5001475520226,2487.5001475520226,176.72448248374454,176.72448248374454,176.72448248374454,2487.5001475520226,2487.5001475520226,2487.5001475520226,-181.29291952990826,-181.29291952990826,-181.29291952990826,-594.5733601495183,-594.5733601495183,-594.5733601495183,0.0,0.0,0.0,26280.62581569465
134,2024-08-06 14:00:00,24024.297411882144,22997.478236545026,32907.5594065384,24024.297411882144,24024.297411882144,3762.2010321010425,3762.2010321010425,3762.2010321010425,554.419456068711,554.419456068711,554.419456068711,3813.489090948594,3813.489090948594,3813.489090948594,171.40657143442897,171.40657143442897,171.40657143442897,3813.489090948594,3813.489090948594,3813.489090948594,-174.08915874768414,-174.08915874768414,-174.08915874768414,-603.0249276030077,-603.0249276030077,-603.0249276030077,0.0,0.0,0.0,27786.498443983186
135,2024-08-06 15:00:00,24024.348086079423,24162.28159902365,33180.68959847731,24024.348086079423,24024.348086079423,4596.8049526303175,4596.8049526303175,4596.8049526303175,743.2220194325893,743.2220194325893,743.2220194325893,4467.44973966927,4467.44973966927,4467.44973966927,165.26370597843106,165.26370597843106,165.26370597843106,4467.44973966927,4467.44973966927,4467.44973966927,-167.6670373674888,-167.6670373674888,-167.6670373674888,-611.4634750824838,-611.4634750824838,-611.4634750824838,0.0,0.0,0.0,28621.15303870974
136,2024-08-06 16:00:00,24024.398760276697,25450.75008144788,34938.74319466507,24024.398760276697,24024.398760276697,6171.628401608905,6171.628401608905,6171.628401608905,918.6862356966997,918.6862356966997,918.6862356966997,5876.505787030699,5876.505787030699,5876.505787030699,158.31259024318493,158.31259024318493,158.31259024318493,5876.505787030699,5876.505787030699,5876.505787030699,-161.98753169935773,-161.98753169935773,-161.98753169935773,-619.8886796623212,-619.8886796623212,-619.8886796623212,0.0,0.0,0.0,30196.027161885602
137,2024-08-06 17:00:00,24024.449434473972,30573.298524887112,39943.50956890171,24024.449434473972,24024.449434473972,11333.939162919181,11333.939162919181,11333.939162919181,1072.8799105397927,1072.8799105397927,1072.8799105397927,10895.785968249362,10895.785968249362,10895.785968249362,150.57590675666935,150.57590675666935,150.57590675666935,10895.785968249362,10895.785968249362,10895.785968249362,-157.00240336976043,-157.00240336976043,-157.00240336976043,-628.3002192568804,-628.3002192568804,-628.3002192568804,0.0,0.0,0.0,35358.388597393154
138,2024-08-06 18:00:00,24024.500108671255,32347.017037360314,41707.588307684055,24024.500108671255,24024.500108671255,12950.089728580822,12950.089728580822,12950.089728580822,1179.044882540922,1179.044882540922,1179.044882540922,12418.315645695408,12418.315645695408,12418.315645695408,142.08222228547416,142.08222228547416,142.08222228547416,12418.315645695408,12418.315645695408,12418.315645695408,-152.65524930416964,-152.65524930416964,-152.65524930416964,-636.6977726368104,-636.6977726368104,-636.6977726368104,0.0,0.0,0.0,36974.589837252075
139,2024-08-06 19:00:00,24024.55078286853,28337.995703862576,37806.98628137089,24024.55078286853,24024.55078286853,9003.175781699432,9003.175781699432,9003.175781699432,1196.1622846257405,1196.1622846257405,1196.1622846257405,8468.11129587591,8468.11129587591,8468.11129587591,132.86584968639244,132.86584968639244,132.86584968639244,8468.11129587591,8468.11129587591,8468.11129587591,-148.88262905586743,-148.88262905586743,-148.88262905586743,-645.0810194327431,-645.0810194327431,-645.0810194327431,0.0,0.0,0.0,33027.72656456796
140,2024-08-06 20:00:00,24024.601457065804,26678.404042190516,36129.07432309775,24024.601457065804,24024.601457065804,7622.923776537008,7622.923776537008,7622.923776537008,1098.510307337098,1098.510307337098,1098.510307337098,7200.5116961151125,7200.5116961151125,7200.5116961151125,122.96666654797671,122.96666654797671,122.96666654797671,7200.5116961151125,7200.5116961151125,7200.5116961151125,-145.61525331055117,-145.61525331055117,-145.61525331055117,-653.4496401526283,-653.4496401526283,-653.4496401526283,0.0,0.0,0.0,31647.525233602813
141,2024-08-06 21:00:00,24024.652131263087,28163.31650073548,37213.20031824707,24024.652131263087,24024.652131263087,9008.158248865142,9008.158248865142,9008.158248865142,891.5583668602759,891.5583668602759,891.5583668602759,8808.752523275562,8808.752523275562,8808.752523275562,112.42989173507452,112.42989173507452,112.42989173507452,8808.752523275562,8808.752523275562,8808.752523275562,-142.77921680889665,-142.77921680889665,-142.77921680889665,-661.8033161968726,-661.8033161968726,-661.8033161968726,0.0,0.0,0.0,33032.81038012823
142,2024-08-06 22:00:00,24024.70280546036,24785.12649375636,34440.512566365236,24024.70280546036,24024.70280546036,5523.518694989787,5523.518694989787,5523.518694989787,591.906821129177,591.906821129177,591.906821129177,5640.745041029646,5640.745041029646,5640.745041029646,101.30582127929902,101.30582127929902,101.30582127929902,5640.745041029646,5640.745041029646,5640.745041029646,-140.2972585844608,-140.2972585844608,-140.2972585844608,-670.1417298638735,-670.1417298638735,-670.1417298638735,0.0,0.0,0.0,29548.22150045015
143,2024-08-06 23:00:00,24024.75347965764,17538.79220736825,26849.2021060357,24024.75347965764,24024.75347965764,-1755.463629768431,-1755.463629768431,-1755.463629768431,195.74085201916515,195.74085201916515,195.74085201916515,-1224.2994105168793,-1224.2994105168793,-1224.2994105168793,89.6495253273955,89.6495253273955,89.6495253273955,-1224.2994105168793,-1224.2994105168793,-1224.2994105168793,-138.0900322309535,-138.0900322309535,-138.0900322309535,-678.4645643671588,-678.4645643671588,-678.4645643671588,0.0,0.0,0.0,22269.28984988921
144,2024-08-07 00:00:00,24024.804153854915,9578.460416610516,19346.21581211928,24024.804153854915,24024.804153854915,-9619.388150333765,-9619.388150333765,-9619.388150333765,-317.380837331826,-317.380837331826,-317.380837331826,-8556.678948295397,-8556.678948295397,-8556.678948295397,77.52050818152759,77.52050818152759,77.52050818152759,-8556.678948295397,-8556.678948295397,-8556.678948295397,-136.07736903879655,-136.07736903879655,-136.07736903879655,-686.7715038492721,-686.7715038492721,-686.7715038492721,0.0,0.0,0.0,14405.41600352115
145,2024-08-07 01:00:00,24024.85482805219,4110.179763329373,13206.149550643924,24024.85482805219,24024.85482805219,-15161.93022072244,-15161.93022072244,-15161.93022072244,-931.8802473570912,-931.8802473570912,-931.8802473570912,-13465.79055661637,-13465.79055661637,-13465.79055661637,64.98233375493392,64.98233375493392,64.98233375493392,-13465.79055661637,-13465.79055661637,-13465.79055661637,-134.17951711774106,-134.17951711774106,-134.17951711774106,-695.0622333861704,-695.0622333861704,-695.0622333861704,0.0,0.0,0.0,8862.92460732975
146,2024-08-07 02:00:00,24024.905502249472,1440.6171545820075,10482.61022534365,24024.905502249472,24024.905502249472,-18437.35654868809,-18437.35654868809,-18437.35654868809,-1540.6626251599382,-1540.6626251599382,-1540.6626251599382,-16113.141363347813,-16113.141363347813,-16113.141363347813,52.102218981518185,52.102218981518185,52.102218981518185,-16113.141363347813,-16113.141363347813,-16113.141363347813,-132.31834015530973,-132.31834015530973,-132.31834015530973,-703.3364390065473,-703.3364390065473,-703.3364390065473,0.0,0.0,0.0,5587.5489535613815
147,2024-08-07 03:00:00,24024.956176446747,-701.287804641537,9025.323104123427,24024.956176446747,24024.956176446747,-19685.237660064293,-19685.237660064293,-19685.237660064293,-1954.8888731296688,-1954.8888731296688,-1954.8888731296688,-16927.287117061725,-16927.287117061725,-16927.287117061725,38.95059801523053,38.95059801523053,38.95059801523053,-16927.287117061725,-16927.287117061725,-16927.287117061725,-130.41846018540457,-130.41846018540457,-130.41846018540457,-711.5938077027225,-711.5938077027225,-711.5938077027225,0.0,0.0,0.0,4339.718516382454
148,2024-08-07 04:00:00,24025.006850644026,860.42400206741,10526.541424586016,24025.006850644026,24025.006850644026,-18392.117273984626,-18392.117273984626,-18392.117273984626,-1999.4652781650054,-1999.4652781650054,-1999.4652781650054,-15570.010298962212,-15570.010298962212,-15570.010298962212,25.600660263511827,25.600660263511827,25.600660263511827,-15570.010298962212,-15570.010298962212,-15570.010298962212,-128.4083296805123,-128.4083296805123,-128.4083296805123,-719.834027440411,-719.834027440411,-719.834027440411,0.0,0.0,0.0,5632.8895766594
149,2024-08-07 05:00:00,24025.057524841304,4117.857639587415,13314.010337682663,24025.057524841304,24025.057524841304,-15250.309893362468,-15250.309893362468,-15250.309893362468,-1634.227833470436,-1634.227833470436,-1634.227833470436,-12773.931918818891,-12773.931918818891,-12773.931918818891,12.127865478702672,12.127865478702672,12.127865478702672,-12773.931918818891,-12773.931918818891,-12773.931918818891,-126.22121938196318,-126.22121938196318,-126.22121938196318,-728.0567871698794,-728.0567871698794,-728.0567871698794,0.0,0.0,0.0,8774.747631478836
150,2024-08-07 06:00:00,24025.10819903858,11324.152115875431,20608.25290039733,24025.10819903858,24025.10819903858,-8131.188969385794,-8131.188969385794,-8131.188969385794,-1003.2458673920087,-1003.2458673920087,-1003.2458673920087,-6266.49465489826,-6266.49465489826,-6266.49465489826,-1.3905606703585736,-1.3905606703585736,-1.3905606703585736,-6266.49465489826,-6266.49465489826,-6266.49465489826,-123.79610958193736,-123.79610958193736,-123.79610958193736,-736.2617768432298,-736.2617768432298,-736.2617768432298,0.0,0.0,0.0,15893.919229652785
151,2024-08-07 07:00:00,24025.158873235858,21459.93807409486,30671.945324726352,24025.158873235858,24025.158873235858,2321.6962571358563,2321.6962571358563,2321.6962571358563,-361.96787640739666,-361.96787640739666,-361.96787640739666,3564.067441908229,3564.067441908229,3564.067441908229,-14.876146942363373,-14.876146942363373,-14.876146942363373,3564.067441908229,3564.067441908229,3564.067441908229,-121.07847400280319,-121.07847400280319,-121.07847400280319,-744.4486874198088,-744.4486874198088,-744.4486874198088,0.0,0.0,0.0,26346.855130371714
152,2024-08-07 08:00:00,24025.209547433133,31073.13206874722,40268.36508653379,24025.209547433133,24025.209547433133,11752.322908597764,11752.322908597764,11752.322908597764,71.60833916977909,71.60833916977909,71.60833916977909,12579.602436417621,12579.602436417621,12579.602436417621,-28.249709116526546,-28.249709116526546,-28.249709116526546,12579.602436417621,12579.602436417621,12579.602436417621,-118.02094699231154,-118.02094699231154,-118.02094699231154,-752.6172108808005,-752.6172108808005,-752.6172108808005,0.0,0.0,0.0,35777.532456030895
153,2024-08-07 09:00:00,24025.260221630415,26562.619779048826,35978.071463682216,24025.260221630415,24025.260221630415,7289.439333009598,7289.439333009598,7289.439333009598,233.6490757188243,233.6490757188243,233.6490757188243,7972.573054982109,7972.573054982109,7972.573054982109,-41.43189101041821,-41.43189101041821,-41.43189101041821,7972.573054982109,7972.573054982109,7972.573054982109,-114.58386643751308,-114.58386643751308,-114.58386643751308,-760.7670402434037,-760.7670402434037,-760.7670402434037,0.0,0.0,0.0,31314.699554640014
154,2024-08-07 10:00:00,24025.31089582769,21210.95949530807,30984.222692227704,24025.31089582769,24025.31089582769,2181.4466310746034,2181.4466310746034,2181.4466310746034,218.537332810214,218.537332810214,218.537332810214,2896.8865644398306,2896.8865644398306,2896.8865644398306,-54.34371002731029,-54.34371002731029,-54.34371002731029,2896.8865644398306,2896.8865644398306,2896.8865644398306,-110.73568658120256,-110.73568658120256,-110.73568658120256,-768.8978695669284,-768.8978695669284,-768.8978695669284,0.0,0.0,0.0,26206.757526902293
155,2024-08-07 11:00:00,24025.361570024965,21131.696235877615,30464.299360101806,24025.361570024965,24025.361570024965,1718.6416498284382,1718.6416498284382,1718.6416498284382,181.73159349244608,181.73159349244608,181.73159349244608,2487.279810406227,2487.279810406227,2487.279810406227,-66.90710334693232,-66.90710334693232,-66.90710334693232,2487.279810406227,2487.279810406227,2487.279810406227,-106.45325675524073,-106.45325675524073,-106.45325675524073,-777.0093939680619,-777.0093939680619,-777.0093939680619,0.0,0.0,0.0,25744.003219853403
156,2024-08-07 12:00:00,24025.412244222243,21902.174526088525,30962.31466252226,24025.412244222243,24025.412244222243,2471.937800411424,2471.937800411424,2471.937800411424,228.0412332949237,228.0412332949237,228.0412332949237,3209.7653114692644,3209.7653114692644,3209.7653114692644,-79.04547078193386,-79.04547078193386,-79.04547078193386,3209.7653114692644,3209.7653114692644,3209.7653114692644,-101.72196393644977,-101.72196393644977,-101.72196393644977,-785.1013096343803,-785.1013096343803,-785.1013096343803,0.0,0.0,0.0,26497.35004463367
157,2024-08-07 13:00:00,24025.462918419522,22533.379000366673,32119.13060999855,24025.462918419522,24025.462918419522,3276.031185028755,3276.031185028755,3276.031185028755,368.0207276590725,368.0207276590725,368.0207276590725,3888.403720519022,3888.403720519022,3888.403720519022,-90.68421038185888,-90.68421038185888,-90.68421038185888,3888.403720519022,3888.403720519022,3888.403720519022,-96.53573893756918,-96.53573893756918,-96.53573893756918,-793.1733138299115,-793.1733138299115,-793.1733138299115,0.0,0.0,0.0,27301.494103448276
158,2024-08-07 14:00:00,24025.5135926168,23581.279893071503,32839.15722155745,24025.5135926168,24025.5135926168,4326.552752550726,4326.552752550726,4326.552752550726,554.4194560611721,554.4194560611721,554.4194560611721,4766.006572222004,4766.006572222004,4766.006572222004,-101.75124290067532,-101.75124290067532,-101.75124290067532,4766.006572222004,4766.006572222004,4766.006572222004,-90.89692792162435,-90.89692792162435,-90.89692792162435,-801.2251049101505,-801.2251049101505,-801.2251049101505,0.0,0.0,0.0,28352.06634516753
159,2024-08-07 15:00:00,24025.564266814075,23963.427218483495,33517.53872396942,24025.564266814075,24025.564266814075,4642.011394190564,4642.011394190564,4642.011394190564,743.2220194254238,743.2220194254238,743.2220194254238,4905.039311218887,4905.039311218887,4905.039311218887,-112.17752131280679,-112.17752131280679,-112.17752131280679,4905.039311218887,4905.039311218887,4905.039311218887,-84.81603280599462,-84.81603280599462,-84.81603280599462,-809.2563823349449,-809.2563823349449,-809.2563823349449,0.0,0.0,0.0,28667.575661004637
160,2024-08-07 16:00:00,24025.61494101135,26331.32540897869,35657.764262808996,24025.61494101135,24025.61494101135,6909.58824643859,6909.58824643859,6909.58824643859,918.6862356901507,918.6862356901507,918.6862356901507,7008.377704981545,7008.377704981545,7008.377704981545,-121.89752163331195,-121.89752163331195,-121.89752163331195,7008.377704981545,7008.377704981545,7008.377704981545,-78.31132592392358,-78.31132592392358,-78.31132592392358,-817.2668466758689,-817.2668466758689,-817.2668466758689,0.0,0.0,0.0,30935.20318744994
161,2024-08-07 17:00:00,24025.665615208633,31767.94413436554,41224.39060239382,24025.665615208633,24025.665615208633,12368.054977831249,12368.054977831249,12368.054977831249,1072.8799105392372,1072.8799105392372,1072.8799105392372,12322.689324420217,12322.689324420217,12322.689324420217,-130.84971147393608,-130.84971147393608,-130.84971147393608,12322.689324420217,12322.689324420217,12322.689324420217,-71.40834602543153,-71.40834602543153,-71.40834602543153,-825.2561996288368,-825.2561996288368,-825.2561996288368,0.0,0.0,0.0,36393.72059303988
162,2024-08-07 18:00:00,24025.716289405907,32515.615973272634,41955.67949816193,24025.716289405907,24025.716289405907,13279.759876585927,13279.759876585927,13279.759876585927,1179.0448825382484,1179.0448825382484,1179.0448825382484,13137.055415279923,13137.055415279923,13137.055415279923,-138.97699287220144,-138.97699287220144,-138.97699287220144,13137.055415279923,13137.055415279923,13137.055415279923,-64.13928433164803,-64.13928433164803,-64.13928433164803,-833.2241440283956,-833.2241440283956,-833.2241440283956,0.0,0.0,0.0,37305.47616599184
163,2024-08-07 19:00:00,24025.766963603182,29332.254271851532,38525.68278370841,24025.766963603182,24025.766963603182,10024.983114107727,10024.983114107727,10024.983114107727,1196.162284627254,1196.162284627254,1196.162284627254,9872.76060032143,9872.76060032143,9872.76060032143,-146.22711613526278,-146.22711613526278,-146.22711613526278,9872.76060032143,9872.76060032143,9872.76060032143,-56.5422708517089,-56.5422708517089,-56.5422708517089,-841.1703838539855,-841.1703838539855,-841.1703838539855,0.0,0.0,0.0,34050.75007771091
164,2024-08-07 20:00:00,24025.81763780046,28177.43731537516,37724.25569750614,24025.81763780046,24025.81763780046,8902.784698539823,8902.784698539823,8902.784698539823,1098.5103073324658,1098.5103073324658,1098.5103073324658,8854.582649601,8854.582649601,8854.582649601,-152.55306162807017,-152.55306162807017,-152.55306162807017,8854.582649601,8854.582649601,8854.582649601,-48.66057252263681,-48.66057252263681,-48.66057252263681,-849.0946242429341,-849.0946242429341,-849.0946242429341,0.0,0.0,0.0,32928.602336340286
165,2024-08-07 21:00:00,24025.868311997736,32762.65905172098,41993.130556021446,24025.868311997736,24025.868311997736,13282.515460749111,13282.515460749111,13282.515460749111,891.5583668588854,891.5583668588854,891.5583668588854,13446.40876797663,13446.40876797663,13446.40876797663,-157.9133866637722,-157.9133866637722,-157.9133866637722,13446.40876797663,13446.40876797663,13446.40876797663,-40.541715919869645,-40.541715919869645,-40.541715919869645,-856.9965715027621,-856.9965715027621,-856.9965715027621,0.0,0.0,0.0,37308.38377274685
166,2024-08-07 22:00:00,24025.918986195018,29929.914571420926,39314.99768312912,24025.918986195018,24025.918986195018,10501.239368297669,10501.239368297669,10501.239368297669,591.9068211426821,591.9068211426821,591.9068211426821,10968.717563507631,10968.717563507631,10968.717563507631,-162.27253490761345,-162.27253490761345,-162.27253490761345,10968.717563507631,10968.717563507631,10968.717563507631,-32.236548325547496,-32.236548325547496,-32.236548325547496,-864.8759331194839,-864.8759331194839,-864.8759331194839,0.0,0.0,0.0,34527.15835449268
167,2024-08-07 23:00:00,24025.969660392293,20749.82427098916,30159.07246277763,24025.969660392293,24025.969660392293,1233.9768589562816,1233.9768589562816,1233.9768589562816,195.7408520135623,195.7408520135623,195.7408520135623,2100.367782389547,2100.367782389547,2100.367782389547,-165.60110594852307,-165.60110594852307,-165.60110594852307,2100.367782389547,2100.367782389547,2100.367782389547,-23.798251726895035,-23.798251726895035,-23.798251726895035,-872.7324177714094,-872.7324177714094,-872.7324177714094,0.0,0.0,0.0,25259.946519348574
168,2024-08-08 00:00:00,24026.020334589568,11129.913409080416,20439.372949537083,24026.020334589568,24026.020334589568,-7948.1385024384945,-7948.1385024384945,-7948.1385024384945,-317.3808373419258,-317.3808373419258,-317.3808373419258,-6567.034521763154,-6567.034521763154,-6567.034521763154,-167.87608300472004,-167.87608300472004,-167.87608300472004,-6567.034521763154,-6567.034521763154,-6567.034521763154,-15.281324992248912,-15.281324992248912,-15.281324992248912,-880.5657353364467,-880.5657353364467,-880.5657353364467,0.0,0.0,0.0,16077.881832151073
169,2024-08-08 01:00:00,24026.07100878685,5426.1403088429315,14783.558293585751,24026.07100878685,24026.07100878685,-14275.572774777174,-14275.572774777174,-14275.572774777174,-931.8802473703687,-931.8802473703687,-931.8802473703687,-12279.495363654067,-12279.495363654067,-12279.495363654067,-169.08101699436563,-169.08101699436563,-169.08101699436563,-12279.495363654067,-12279.495363654067,-12279.495363654067,-6.7405498523448975,-6.7405498523448975,-6.7405498523448975,-888.3755969060268,-888.3755969060268,-888.3755969060268,0.0,0.0,0.0,9750.498234009676
170,2024-08-08 02:00:00,24026.121682984125,1303.2849986524277,10839.314066350365,24026.121682984125,24026.121682984125,-17804.10435607062,-17804.10435607062,-17804.10435607062,-1540.6626251721696,-1540.6626251721696,-1540.6626251721696,-15199.84389402598,-15199.84389402598,-15199.84389402598,-169.20616554859055,-169.20616554859055,-169.20616554859055,-15199.84389402598,-15199.84389402598,-15199.84389402598,1.770043467736076,1.770043467736076,1.770043467736076,-896.1617147916144,-896.1617147916144,-896.1617147916144,0.0,0.0,0.0,6222.017326913505
171,2024-08-08 03:00:00,24026.172357181404,-123.98892880860134,9355.812398740505,24026.172357181404,24026.172357181404,-19279.393014560897,-19279.393014560897,-19279.393014560897,-1954.8888731283357,-1954.8888731283357,-1954.8888731283357,-16262.529948197078,-16262.529948197078,-16262.529948197078,-168.24858582737016,-168.24858582737016,-168.24858582737016,-16262.529948197078,-16262.529948197078,-16262.529948197078,10.198195134640613,10.198195134640613,10.198195134640613,-903.9238025427547,-903.9238025427547,-903.9238025427547,0.0,0.0,0.0,4746.779342620506
172,2024-08-08 04:00:00,24026.22303137868,1384.956049579129,11046.713276431332,24026.22303137868,24026.22303137868,-17962.99607433925,-17962.99607433925,-17962.99607433925,-1999.4652781615307,-1999.4652781615307,-1999.4652781615307,-14904.151444368586,-14904.151444368586,-14904.151444368586,-166.21218035881964,-166.21218035881964,-166.21218035881964,-14904.151444368586,-14904.151444368586,-14904.151444368586,18.494403497555844,18.494403497555844,18.494403497555844,-911.6615749478706,-911.6615749478706,-911.6615749478706,0.0,0.0,0.0,6063.226957039427
173,2024-08-08 05:00:00,24026.273705575953,4213.274713829945,13907.884568294407,24026.273705575953,24026.273705575953,-14884.101961418142,-14884.101961418142,-14884.101961418142,-1634.2278334588407,-1634.2278334588407,-1634.2278334588407,-12194.00455108546,-12194.00455108546,-12194.00455108546,-163.10769545439157,-163.10769545439157,-163.10769545439157,-12194.00455108546,-12194.00455108546,-12194.00455108546,26.61286663149426,26.61286663149426,26.61286663149426,-919.3747480509431,-919.3747480509431,-919.3747480509431,0.0,0.0,0.0,9142.171744157811
174,2024-08-08 06:00:00,24026.324379773236,11428.82509954338,20708.245571650186,24026.324379773236,24026.324379773236,-7977.297585788031,-7977.297585788031,-7977.297585788031,-1003.2458673775656,-1003.2458673775656,-1003.2458673775656,-5922.548370311679,-5922.548370311679,-5922.548370311679,-158.9526720665005,-158.9526720665005,-158.9526720665005,-5922.548370311679,-5922.548370311679,-5922.548370311679,34.512363128953716,34.512363128953716,34.512363128953716,-927.0630391612395,-927.0630391612395,-927.0630391612395,0.0,0.0,0.0,16049.026793985206
175,2024-08-08 07:00:00,24026.37505397051,21276.77011663431,30816.03435402276,24026.37505397051,24026.37505397051,2027.9635631934705,2027.9635631934705,2027.9635631934705,-361.96787639633175,-361.96787639633175,-361.96787639633175,3436.271897346911,3436.271897346911,3436.271897346911,-153.77134934163556,-153.77134934163556,-153.77134934163556,3436.271897346911,3436.271897346911,3436.271897346911,42.15705844650495,42.15705844650495,42.15705844650495,-934.726166861978,-934.726166861978,-934.726166861978,0.0,0.0,0.0,26054.33861716398
176,2024-08-08 08:00:00,24026.42572816779,30243.426220816502,39442.622479722544,24026.42572816779,24026.42572816779,10572.981670667426,10572.981670667426,10572.981670667426,71.60833917667637,71.60833917667637,71.60833917667637,11541.814479721403,11541.814479721403,11541.814479721403,-147.59452141797505,-147.59452141797505,-147.59452141797505,11541.814479721403,11541.814479721403,11541.814479721403,49.517224207784096,49.517224207784096,49.517224207784096,-942.3638510204603,-942.3638510204603,-942.3638510204603,0.0,0.0,0.0,34599.40739883522
177,2024-08-08 09:00:00,24026.476402365068,26098.97102219844,35040.40234786687,24026.476402365068,24026.476402365068,6421.888509970612,6421.888509970612,6421.888509970612,233.64907571682028,233.64907571682028,233.64907571682028,7222.104736403058,7222.104736403058,7222.104736403058,-140.45934837625512,-140.45934837625512,-140.45934837625512,7222.104736403058,7222.104736403058,7222.104736403058,56.56985902764418,56.56985902764418,56.56985902764418,-949.9758128006549,-949.9758128006549,-949.9758128006549,0.0,0.0,0.0,30448.36491233568
178,2024-08-08 10:00:00,24026.527076562343,21924.66353442983,31217.394931493654,24026.527076562343,24026.527076562343,2498.7996291147133,2498.7996291147133,2498.7996291147133,218.53733281917476,218.53733281917476,218.53733281917476,3306.933992765025,3306.933992765025,3306.933992765025,-132.40912259584738,-132.40912259584738,-132.40912259584738,3306.933992765025,3306.933992765025,3306.933992765025,63.29920079648394,63.29920079648394,63.29920079648394,-957.5617746701232,-957.5617746701232,-957.5617746701232,0.0,0.0,0.0,26525.326705677056
179,2024-08-08 11:00:00,24026.57775075962,20984.119998075137,30899.802127337694,24026.57775075962,24026.57775075962,1904.1428024516445,1904.1428024516445,1904.1428024516445,181.73159349055072,181.73159349055072,181.73159349055072,2741.3285395082953,2741.3285395082953,2741.3285395082953,-123.49299203741255,-123.49299203741255,-123.49299203741255,2741.3285395082953,2741.3285395082953,2741.3285395082953,69.6971219005284,69.6971219005284,69.6971219005284,-965.1214604103177,-965.1214604103177,-965.1214604103177,0.0,0.0,0.0,25930.720553211264
180,2024-08-08 12:00:00,24026.628424956896,21871.671911416746,31339.439704731587,24026.628424956896,24026.628424956896,2641.5377505767924,2641.5377505767924,2641.5377505767924,228.04123329723285,228.04123329723285,228.04123329723285,3424.1533543281653,3424.1533543281653,3424.1533543281653,-113.76564235825016,-113.76564235825016,-113.76564235825016,3424.1533543281653,3424.1533543281653,3424.1533543281653,75.76340044135785,75.76340044135785,75.76340044135785,-972.6545951317125,-972.6545951317125,-972.6545951317125,0.0,0.0,0.0,26668.16617553369
181,2024-08-08 13:00:00,24026.67909915418,22480.648741237186,31962.687764902596,24026.67909915418,24026.67909915418,3434.05723900187,3434.05723900187,3434.05723900187,368.0207276647042,368.0207276647042,368.0207276647042,4067.9784943422533,4067.9784943422533,4067.9784943422533,-103.28694000017752,-103.28694000017752,-103.28694000017752,4067.9784943422533,4067.9784943422533,4067.9784943422533,81.50586227017625,81.50586227017625,81.50586227017625,-980.1609052750863,-980.1609052750863,-980.1609052750863,0.0,0.0,0.0,27460.73633815605
182,2024-08-08 14:00:00,24026.729773351453,24559.60725760293,33946.945633978095,24026.729773351453,24026.729773351453,5034.446325123076,5034.446325123076,5034.446325123076,554.4194560675968,554.4194560675968,554.4194560675968,5472.84813593357,5472.84813593357,5472.84813593357,-92.12153870478602,-92.12153870478602,-92.12153870478602,5472.84813593357,5472.84813593357,5472.84813593357,86.94039045368785,86.94039045368785,86.94039045368785,-987.6401186269915,-987.6401186269915,-987.6401186269915,0.0,0.0,0.0,29061.17609847453
183,2024-08-08 15:00:00,24026.78044754873,25295.418673693333,34491.504715638956,24026.78044754873,24026.78044754873,5895.284336906395,5895.284336906395,5895.284336906395,743.2220194229758,743.2220194229758,743.2220194229758,6135.401933340265,6135.401933340265,6135.401933340265,-80.33845216471775,-80.33845216471775,-80.33845216471775,6135.401933340265,6135.401933340265,6135.401933340265,92.09080063769842,92.09080063769842,92.09080063769842,-995.0919643298259,-995.0919643298259,-995.0919643298259,0.0,0.0,0.0,29922.064784455124
184,2024-08-08 16:00:00,24026.831121746007,27075.0337431354,36663.08207976414,24026.831121746007,24026.831121746007,7752.027571030794,7752.027571030794,7752.027571030794,918.6862356922023,918.6862356922023,918.6862356922023,7806.879521343986,7806.879521343986,7806.879521343986,-68.01059577251168,-68.01059577251168,-68.01059577251168,7806.879521343986,7806.879521343986,7806.879521343986,96.9885826545543,96.9885826545543,96.9885826545543,-1002.5161728874377,-1002.5161728874377,-1002.5161728874377,0.0,0.0,0.0,31778.8586927768
185,2024-08-08 17:00:00,24026.881795943285,31534.481304243243,41357.359799061,24026.881795943285,24026.881795943285,12469.572283540509,12469.572283540509,12469.572283540509,1072.8799105338862,1072.8799105338862,1072.8799105338862,12360.146639205428,12360.146639205428,12360.146639205428,-55.214300653017,-55.214300653017,-55.214300653017,12360.146639205428,12360.146639205428,12360.146639205428,101.67251063188314,101.67251063188314,101.67251063188314,-1009.9124761776718,-1009.9124761776718,-1009.9124761776718,0.0,0.0,0.0,36496.454079483796
186,2024-08-08 18:00:00,24026.93247014056,32377.318849523806,41785.55277660993,24026.93247014056,24026.93247014056,13216.895485053486,13216.895485053486,13216.895485053486,1179.0448825361052,1179.0448825361052,1179.0448825361052,12990.97188761759,12990.97188761759,12990.97188761759,-42.02880333022689,-42.02880333022689,-42.02880333022689,12990.97188761759,12990.97188761759,12990.97188761759,106.18812569255759,106.18812569255759,106.18812569255759,-1017.2806074625393,-1017.2806074625393,-1017.2806074625393,0.0,0.0,0.0,37243.82795519405
187,2024-08-08 19:00:00,24026.98314433784,29854.75254955306,39688.95137933288,24026.98314433784,24026.98314433784,10459.063056246094,10459.063056246094,10459.063056246094,1196.1622846248022,1196.1622846248022,1196.1622846248022,10205.469690472446,10205.469690472446,10205.469690472446,-28.535714642520574,-28.535714642520574,-28.535714642520574,10205.469690472446,10205.469690472446,10205.469690472446,110.5870971856285,110.5870971856285,110.5870971856285,-1024.6203013942645,-1024.6203013942645,-1024.6203013942645,0.0,0.0,0.0,34486.046200583936
188,2024-08-08 20:00:00,24027.033818535114,28128.33765134809,36990.14675661829,24027.033818535114,24027.033818535114,8699.35709146575,8699.35709146575,8699.35709146575,1098.5103073385494,1098.5103073385494,1098.5103073385494,8532.670079593956,8532.670079593956,8532.670079593956,-14.81847156174993,-14.81847156174993,-14.81847156174993,8532.670079593956,8532.670079593956,8532.670079593956,114.92647012141941,114.92647012141941,114.92647012141941,-1031.931294026423,-1031.931294026423,-1031.931294026423,0.0,0.0,0.0,32726.390910000864
189,2024-08-08 21:00:00,24027.084492732396,30351.827808567417,39498.61276521473,24027.084492732396,24027.084492732396,10829.64074131402,10829.64074131402,10829.64074131402,891.5583668688779,891.5583668688779,891.5583668688779,10858.989664901532,10858.989664901532,10858.989664901532,-0.9617757763164171,-0.9617757763164171,-0.9617757763164171,10858.989664901532,10858.989664901532,10858.989664901532,119.2678081460334,119.2678081460334,119.2678081460334,-1039.2133228261062,-1039.2133228261062,-1039.2133228261062,0.0,0.0,0.0,34856.72523404642
190,2024-08-08 22:00:00,24027.13516692967,29018.27303149667,38239.2560486917,24027.13516692967,24027.13516692967,9857.569753035437,9857.569753035437,9857.569753035437,591.9068211272281,591.9068211272281,591.9068211272281,10175.503838644276,10175.503838644276,10175.503838644276,12.948977010748418,12.948977010748418,12.948977010748418,10175.503838644276,10175.503838644276,10175.503838644276,123.67624293095953,123.67624293095953,123.67624293095953,-1046.4661266777766,-1046.4661266777766,-1046.4661266777766,0.0,0.0,0.0,33884.70491996511
191,2024-08-08 23:00:00,24027.185841126946,23654.010608727942,33135.229231289406,24027.185841126946,24027.185841126946,4514.796842606903,4514.796842606903,4514.796842606903,195.74085203126174,195.74085203126174,195.74085203126174,5217.697721102525,5217.697721102525,5217.697721102525,26.828273116865223,26.828273116865223,26.828273116865223,5217.697721102525,5217.697721102525,5217.697721102525,128.21944225079906,128.21944225079906,128.21944225079906,-1053.689445894547,-1053.689445894547,-1053.689445894547,0.0,0.0,0.0,28541.982683733848
192,2024-08-09 00:00:00,24027.236515324224,15757.501555700057,25406.564038259003,24027.236515324224,24027.236515324224,-3292.066301689109,-3292.066301689109,-3292.066301689109,-317.38083731949024,-317.38083731949024,-317.38083731949024,-2087.360010597367,-2087.360010597367,-2087.360010597367,40.591058162533876,40.591058162533876,40.591058162533876,-2087.360010597367,-2087.360010597367,-2087.360010597367,132.9665102951448,132.9665102951448,132.9665102951448,-1060.8830222299302,-1060.8830222299302,-1060.8830222299302,0.0,0.0,0.0,20735.170213635116
193,2024-08-09 01:00:00,24027.287189521503,9224.73364189976,18239.950175864382,24027.287189521503,24027.287189521503,-10013.688912057654,-10013.688912057654,-10013.688912057654,-931.8802473453735,-931.8802473453735,-931.8802473453735,-8205.90221218916,-8205.90221218916,-8205.90221218916,54.153311565198244,54.153311565198244,54.153311565198244,-8205.90221218916,-8205.90221218916,-8205.90221218916,137.98683479412986,137.98683479412986,137.98683479412986,-1068.0465988824485,-1068.0465988824485,-1068.0465988824485,0.0,0.0,0.0,14013.598277463849
194,2024-08-09 02:00:00,24027.33786371878,4661.261208868055,13801.293319365588,24027.33786371878,24027.33786371878,-14632.556832227714,-14632.556832227714,-14632.556832227714,-1540.6626251713442,-1540.6626251713442,-1540.6626251713442,-12227.495797246358,-12227.495797246358,-12227.495797246358,67.43261422053986,67.43261422053986,67.43261422053986,-12227.495797246358,-12227.495797246358,-12227.495797246358,143.34889647554854,143.34889647554854,143.34889647554854,-1075.1799205060997,-1075.1799205060997,-1075.1799205060997,0.0,0.0,0.0,9394.781031491068
195,2024-08-09 03:00:00,24027.388537916057,1928.165171236143,11668.32612633687,24027.388537916057,24027.388537916057,-17244.740539221064,-17244.740539221064,-17244.740539221064,-1954.8888731185118,-1954.8888731185118,-1954.8888731185118,-14437.036695282388,-14437.036695282388,-14437.036695282388,80.34870537236738,80.34870537236738,80.34870537236738,-14437.036695282388,-14437.036695282388,-14437.036695282388,149.11905702883064,149.11905702883064,149.11905702883064,-1082.2827332213635,-1082.2827332213635,-1082.2827332213635,0.0,0.0,0.0,6782.647998694993
196,2024-08-09 04:00:00,24027.43921211333,2771.7707991836332,12164.09612613893,24027.43921211333,24027.43921211333,-16547.695427046285,-16547.695427046285,-16547.695427046285,-1999.465278168163,-1999.465278168163,-1999.465278168163,-13707.059731262309,-13707.059731262309,-13707.059731262309,92.82402476659378,92.82402476659378,92.82402476659378,-13707.059731262309,-13707.059731262309,-13707.059731262309,155.3603422382829,155.3603422382829,155.3603422382829,-1089.3547846206923,-1089.3547846206923,-1089.3547846206923,0.0,0.0,0.0,7479.743785067047
197,2024-08-09 05:00:00,24027.489886310614,4954.656425421292,14426.14619767816,24027.489886310614,24027.489886310614,-14231.801031993207,-14231.801031993207,-14231.801031993207,-1634.2278334472446,-1634.2278334472446,-1634.2278334472446,-11768.092848263002,-11768.092848263002,-11768.092848263002,104.78423627354198,104.78423627354198,104.78423627354198,-11768.092848263002,-11768.092848263002,-11768.092848263002,162.13123722156183,162.13123722156183,162.13123722156183,-1096.3958237780669,-1096.3958237780669,-1096.3958237780669,0.0,0.0,0.0,9795.688854317406
198,2024-08-09 06:00:00,24027.54056050789,11073.293328060512,20519.085414064106,24027.54056050789,24027.54056050789,-8170.12931312616,-8170.12931312616,-8170.12931312616,-1003.245867363123,-1003.245867363123,-1003.245867363123,-6349.121084571527,-6349.121084571527,-6349.121084571527,116.15872933074107,116.15872933074107,116.15872933074107,-6349.121084571527,-6349.121084571527,-6349.121084571527,169.48451073756465,169.48451073756465,169.48451073756465,-1103.4056012598169,-1103.4056012598169,-1103.4056012598169,0.0,0.0,0.0,15857.41124738173
199,2024-08-09 07:00:00,24027.591234705164,19795.010526019218,29282.90461933332,24027.591234705164,24027.591234705164,253.94514495388808,253.94514495388808,253.94514495388808,-361.9678764183902,-361.9678764183902,-361.9678764183902,1421.9497104855845,1421.9497104855845,1421.9497104855845,126.88109464826975,126.88109464826975,126.88109464826975,1421.9497104855845,1421.9497104855845,1421.9497104855845,177.46608536711864,177.46608536711864,177.46608536711864,-1110.383869128695,-1110.383869128695,-1110.383869128695,0.0,0.0,0.0,24281.53637965905
200,2024-08-09 08:00:00,24027.641908902442,26226.312775977567,35992.26665898845,24027.641908902442,24027.641908902442,6955.704464390663,6955.704464390663,6955.704464390663,71.60833918079744,71.60833918079744,71.60833918079744,7678.422965345282,7678.422965345282,7678.422965345282,136.88957087978838,136.88957087978838,136.88957087978838,7678.422965345282,7678.422965345282,7678.422965345282,186.11396994248489,186.11396994248489,186.11396994248489,-1117.3303809576907,-1117.3303809576907,-1117.3303809576907,0.0,0.0,0.0,30983.346373293105
201,2024-08-09 09:00:00,24027.69258309972,22868.10674145018,32275.314521065025,24027.69258309972,24027.69258309972,3509.4929100763634,3509.4929100763634,3509.4929100763634,233.6490757260117,233.6490757260117,233.6490757260117,4058.5039970730522,4058.5039970730522,4058.5039970730522,146.12745911508785,146.12745911508785,146.12745911508785,4058.5039970730522,4058.5039970730522,4058.5039970730522,195.4572699954787,195.4572699954787,195.4572699954787,-1124.2448918332673,-1124.2448918332673,-1124.2448918332673,0.0,0.0,0.0,27537.185493176083
202,2024-08-09 10:00:00,24027.743257297,20480.750976404226,29856.02565576388,24027.743257297,24027.743257297,1375.3127651489872,1375.3127651489872,1375.3127651489872,218.537332821158,218.537332821158,218.537332821158,1927.8437972317677,1927.8437972317677,1927.8437972317677,154.54350228742203,154.54350228742203,154.54350228742203,1927.8437972317677,1927.8437972317677,1927.8437972317677,205.51529117468291,205.51529117468291,205.51529117468291,-1131.1271583660432,-1131.1271583660432,-1131.1271583660432,0.0,0.0,0.0,25403.056022445988
203,2024-08-09 11:00:00,24027.793931494274,20770.909917776353,30168.45432398442,24027.793931494274,24027.793931494274,1407.4954234759236,1407.4954234759236,1407.4954234759236,181.7315934886553,181.7315934886553,181.7315934886553,1985.3517922843607,1985.3517922843607,1985.3517922843607,162.0922268746095,162.0922268746095,162.0922268746095,1985.3517922843607,1985.3517922843607,1985.3517922843607,216.29674952794733,216.29674952794733,216.29674952794733,-1137.9769386996495,-1137.9769386996495,-1137.9769386996495,0.0,0.0,0.0,25435.2893549702
204,2024-08-09 12:00:00,24027.84460569155,22336.50890537202,31970.6933514106,24027.84460569155,24027.84460569155,2983.475650551461,2983.475650551461,2983.475650551461,228.0412332995418,228.0412332995418,228.0412332995418,3503.695063960296,3503.695063960296,3503.695063960296,168.73424448194905,168.73424448194905,168.73424448194905,3503.695063960296,3503.695063960296,3503.695063960296,227.79910132764925,227.79910132764925,227.79910132764925,-1144.7939925179746,-1144.7939925179746,-1144.7939925179746,0.0,0.0,0.0,27011.32025624301
205,2024-08-09 13:00:00,24027.89527988883,23210.321389974033,32529.987421856982,24027.89527988883,24027.89527988883,3942.7788763413014,3942.7788763413014,3942.7788763413014,368.02072767033576,368.02072767033576,368.02072767033576,4311.891714737734,4311.891714737734,4311.891714737734,174.43651123727932,174.43651123727932,174.43651123727932,4311.891714737734,4311.891714737734,4311.891714737734,240.00800374819164,240.00800374819164,240.00800374819164,-1151.5780810522403,-1151.5780810522403,-1151.5780810522403,0.0,0.0,0.0,27970.674156230132
206,2024-08-09 14:00:00,24027.945954086106,24787.58046016,34339.90184561916,24027.945954086106,24027.945954086106,5532.362087294553,5532.362087294553,5532.362087294553,554.4194560609649,554.4194560609649,554.4194560609649,5704.202139018716,5704.202139018716,5704.202139018716,179.17254319263608,179.17254319263608,179.17254319263608,5704.202139018716,5704.202139018716,5704.202139018716,252.89691611149811,252.89691611149811,252.89691611149811,-1158.3289670892616,-1158.3289670892616,-1158.3289670892616,0.0,0.0,0.0,29560.30804138066
207,2024-08-09 15:00:00,24027.996628283385,25869.006135557785,35366.32529327325,24027.996628283385,24027.996628283385,6626.736665711633,6626.736665711633,6626.736665711633,743.2220194277969,743.2220194277969,743.2220194277969,6599.211625239531,6599.211625239531,6599.211625239531,182.92258625816692,182.92258625816692,182.92258625816692,6599.211625239531,6599.211625239531,6599.211625239531,266.42684976807953,266.42684976807953,266.42684976807953,-1165.046414981942,-1165.046414981942,-1165.046414981942,0.0,0.0,0.0,30654.733293995017
208,2024-08-09 16:00:00,24028.04730248066,27295.54394883151,37083.32532625657,24028.04730248066,24028.04730248066,8236.206318718068,8236.206318718068,8236.206318718068,918.6862356970298,918.6862356970298,918.6862356970298,8023.030261369249,8023.030261369249,8023.030261369249,185.67373949923748,185.67373949923748,185.67373949923748,8023.030261369249,8023.030261369249,8023.030261369249,280.54627280561436,280.54627280561436,280.54627280561436,-1171.7301906530633,-1171.7301906530633,-1171.7301906530633,0.0,0.0,0.0,32264.253621198728
209,2024-08-09 17:00:00,24028.09797667794,31279.22808699492,41101.842569894376,24028.09797667794,24028.09797667794,12354.311733695817,12354.311733695817,12354.311733695817,1072.8799105333308,1072.8799105333308,1072.8799105333308,11977.200679813064,11977.200679813064,11977.200679813064,187.42003098684984,187.42003098684984,187.42003098684984,11977.200679813064,11977.200679813064,11977.200679813064,295.19117396735675,295.19117396735675,295.19117396735675,-1178.3800616047843,-1178.3800616047843,-1178.3800616047843,0.0,0.0,0.0,36382.40971037376
210,2024-08-09 18:00:00,24028.148650875217,37480.401346449195,46722.97146662047,24028.148650875217,24028.148650875217,18298.0556797992,18298.0556797992,18298.0556797992,1179.044882533962,1179.044882533962,1179.044882533962,17805.55886039235,17805.55886039235,17805.55886039235,188.16244570017878,188.16244570017878,188.16244570017878,17805.55886039235,17805.55886039235,17805.55886039235,310.28528810047624,310.28528810047624,310.28528810047624,-1184.9957969277673,-1184.9957969277673,-1184.9957969277673,0.0,0.0,0.0,42326.204330674416
211,2024-08-09 19:00:00,24028.19932507249,36354.602246501825,45543.4640118116,24028.19932507249,24028.19932507249,16761.16232851842,16761.16232851842,16761.16232851842,1196.1622846223504,1196.1622846223504,1196.1622846223504,16242.92782241154,16242.92782241154,16242.92782241154,187.90890533279077,187.90890533279077,187.90890533279077,16242.92782241154,16242.92782241154,16242.92782241154,325.7404834572459,325.7404834572459,325.7404834572459,-1191.5771673055067,-1191.5771673055067,-1191.5771673055067,0.0,0.0,0.0,40789.36165359091
212,2024-08-09 20:00:00,24028.249999269767,29549.102527120634,38871.17049698343,24028.249999269767,24028.249999269767,10142.415389871361,10142.415389871361,10142.415389871361,1098.5103073366931,1098.5103073366931,1098.5103073366931,9713.897518202964,9713.897518202964,9713.897518202964,186.67420019919166,186.67420019919166,186.67420019919166,9713.897518202964,9713.897518202964,9713.897518202964,341.457309155951,341.457309155951,341.457309155951,-1198.123945023438,-1198.123945023438,-1198.123945023438,0.0,0.0,0.0,34170.665389141126
213,2024-08-09 21:00:00,24028.30067346705,29856.178930975762,39168.09099853191,24028.30067346705,24028.30067346705,10618.399580031224,10618.399580031224,10618.399580031224,891.5583668562921,891.5583668562921,891.5583668562921,10389.671544357383,10389.671544357383,10389.671544357383,184.47987376439005,184.47987376439005,184.47987376439005,10389.671544357383,10389.671544357383,10389.671544357383,357.3256990319212,357.3256990319212,357.3256990319212,-1204.635903978762,-1204.635903978762,-1204.635903978762,0.0,0.0,0.0,34646.700253498275
214,2024-08-09 22:00:00,24028.351347664324,32885.115451864345,42015.300192661256,24028.351347664324,24028.351347664324,13496.578309134093,13496.578309134093,13496.578309134093,591.9068211248305,591.9068211248305,591.9068211248305,13561.204420936021,13561.204420936021,13561.204420936021,181.35406066645876,181.35406066645876,181.35406066645876,13561.204420936021,13561.204420936021,13561.204420936021,373.22582608928843,373.22582608928843,373.22582608928843,-1211.1128196825068,-1211.1128196825068,-1211.1128196825068,0.0,0.0,0.0,37524.92965679841
215,2024-08-09 23:00:00,24028.402021861602,33050.64099562191,42166.87395956313,24028.402021861602,24028.402021861602,13466.222753493445,13466.222753493445,13466.222753493445,195.7408520256588,195.7408520256588,195.7408520256588,13921.675991457258,13921.675991457258,13921.675991457258,177.33127942126728,177.33127942126728,177.33127942126728,13921.675991457258,13921.675991457258,13921.675991457258,389.0290998591523,389.0290998591523,389.0290998591523,-1217.554469269891,-1217.554469269891,-1217.554469269891,0.0,0.0,0.0,37494.62477535505
216,2024-08-10 00:00:00,24028.452696058877,27756.81276188874,37183.17315181672,24028.452696058877,24028.452696058877,8416.017088988965,8416.017088988965,8416.017088988965,-317.38083732959,-317.38083732959,-317.38083732959,9380.307079468766,9380.307079468766,9380.307079468766,172.45218131629736,172.45218131629736,172.45218131629736,9380.307079468766,9380.307079468766,9380.307079468766,404.59929704200744,404.59929704200744,404.59929704200744,-1223.9606315085155,-1223.9606315085155,-1223.9606315085155,0.0,0.0,0.0,32444.46978504784
217,2024-08-10 01:00:00,24028.50337025616,21597.58460647969,30989.645394111038,24028.50337025616,24028.50337025616,2225.275610847396,2225.275610847396,2225.275610847396,-931.880247358651,-931.880247358651,-931.880247358651,3800.929873638258,3800.929873638258,3800.929873638258,166.76325732140808,166.76325732140808,166.76325732140808,3800.929873638258,3800.929873638258,3800.929873638258,419.79381404883736,419.79381404883736,419.79381404883736,-1230.3310868024562,-1230.3310868024562,-1230.3310868024562,0.0,0.0,0.0,26253.778981103555
218,2024-08-10 02:00:00,24028.554044453434,15902.769387506569,25007.15470006488,24028.554044453434,24028.554044453434,-3654.7254083237926,-3654.7254083237926,-3654.7254083237926,-1540.6626251499547,-1540.6626251499547,-1540.6626251499547,-1472.1786995366772,-1472.1786995366772,-1472.1786995366772,160.3165051191853,160.3165051191853,160.3165051191853,-1472.1786995366772,-1472.1786995366772,-1472.1786995366772,434.46502844391324,434.46502844391324,434.46502844391324,-1236.6656172002588,-1236.6656172002588,-1236.6656172002588,0.0,0.0,0.0,20373.82863612964
219,2024-08-10 03:00:00,24028.60471865071,10356.037207190815,19376.501850698074,24028.60471865071,24028.60471865071,-9226.934023020915,-9226.934023020915,-9226.934023020915,-1954.8888731244474,-1954.8888731244474,-1954.8888731244474,-6630.711956898016,-6630.711956898016,-6630.711956898016,153.16905864480066,153.16905864480066,153.16905864480066,-6630.711956898016,-6630.711956898016,-6630.711956898016,448.4617547610161,448.4617547610161,448.4617547610161,-1242.9640064042685,-1242.9640064042685,-1242.9640064042685,0.0,0.0,0.0,14801.670695629795
220,2024-08-10 04:00:00,24028.655392847988,5615.8097565282715,15020.673457700726,24028.655392847988,24028.655392847988,-13740.827029940005,-13740.827029940005,-13740.827029940005,-1999.465278167465,-1999.465278167465,-1999.465278167465,-11099.14927362824,-11099.14927362824,-11099.14927362824,145.3827827995234,145.3827827995234,145.3827827995234,-11099.14927362824,-11099.14927362824,-11099.14927362824,461.6307788295061,461.6307788295061,461.6307788295061,-1249.226039773331,-1249.226039773331,-1249.226039773331,0.0,0.0,0.0,10287.828362907983
221,2024-08-10 05:00:00,24028.706067045267,4135.665717330722,13580.892548973155,24028.706067045267,24028.706067045267,-15311.885450212796,-15311.885450212796,-15311.885450212796,-1634.227833468228,-1634.227833468228,-1634.227833468228,-13033.048402274253,-13033.048402274253,-13033.048402274253,137.02383620972395,137.02383620972395,137.02383620972395,-13033.048402274253,-13033.048402274253,-13033.048402274253,473.8184536508842,473.8184536508842,473.8184536508842,-1255.4515043309243,-1255.4515043309243,-1255.4515043309243,0.0,0.0,0.0,8716.82061683247
222,2024-08-10 06:00:00,24028.75674124254,6734.92105902571,16154.041199861647,24028.75674124254,24028.75674124254,-12286.750419576958,-12286.750419576958,-12286.750419576958,-1003.245867389788,-1003.245867389788,-1003.245867389788,-10634.898907437382,-10634.898907437382,-10634.898907437382,128.16220515421276,128.16220515421276,128.16220515421276,-10634.898907437382,-10634.898907437382,-10634.898907437382,484.87233887164433,484.87233887164433,484.87233887164433,-1261.6401887756444,-1261.6401887756444,-1261.6401887756444,0.0,0.0,0.0,11742.006321665584
223,2024-08-10 07:00:00,24028.80741543982,10469.049194719324,19728.06678766541,24028.80741543982,24028.80741543982,-9061.301778486215,-9061.301778486215,-9061.301778486215,-361.9678764073253,-361.9678764073253,-361.9678764073253,-8045.056095758535,-8045.056095758535,-8045.056095758535,118.8712119757716,118.8712119757716,118.8712119757716,-8045.056095758535,-8045.056095758535,-8045.056095758535,494.6428651849455,494.6428651849455,494.6428651849455,-1267.7918834810714,-1267.7918834810714,-1267.7918834810714,0.0,0.0,0.0,14967.505636953605
224,2024-08-10 08:00:00,24028.858089637095,13842.757759087654,23016.435446790692,24028.858089637095,24028.858089637095,-5802.267447656341,-5802.267447656341,-5802.267447656341,71.60833916931198,71.60833916931198,71.60833916931198,-5212.181412267387,-5212.181412267387,-5212.181412267387,109.22700144266517,109.22700144266517,109.22700144266517,-5212.181412267387,-5212.181412267387,-5212.181412267387,502.98500450507817,502.98500450507817,502.98500450507817,-1273.9063805060098,-1273.9063805060098,-1273.9063805060098,0.0,0.0,0.0,18226.590641980754
225,2024-08-10 09:00:00,24028.908763834377,17495.34835725947,26785.19576704504,24028.908763834377,24028.908763834377,-1879.4793104314986,-1879.4793104314986,-1879.4793104314986,233.64907572411565,233.64907572411565,233.64907572411565,-1442.212847708506,-1442.212847708506,-1442.212847708506,99.30800869509068,99.30800869509068,99.30800869509068,-1442.212847708506,-1442.212847708506,-1442.212847708506,509.7599264598908,509.7599264598908,509.7599264598908,-1279.9834736020898,-1279.9834736020898,-1279.9834736020898,0.0,0.0,0.0,22149.429453402878
226,2024-08-10 10:00:00,24028.959438031652,21337.62960013275,30618.99470897751,24028.959438031652,24028.959438031652,1801.725376290205,1801.725376290205,1801.725376290205,218.53733281706246,218.53733281706246,218.53733281706246,2265.1799674444883,2265.1799674444883,2265.1799674444883,89.1944125430596,89.1944125430596,89.1944125430596,2265.1799674444883,2265.1799674444883,2265.1799674444883,514.8366217022183,514.8366217022183,514.8366217022183,-1286.022958216623,-1286.022958216623,-1286.022958216623,0.0,0.0,0.0,25830.684814321856
227,2024-08-10 11:00:00,24029.010112228927,23497.48974311726,33089.77966788367,24029.010112228927,24029.010112228927,4063.284639529101,4063.284639529101,4063.284639529101,181.73159348675986,181.73159348675986,181.73159348675986,4576.516626837981,4576.516626837981,4576.516626837981,78.96757793463567,78.96757793463567,78.96757793463567,4576.516626837981,4576.516626837981,4576.516626837981,518.0934727701498,518.0934727701498,518.0934727701498,-1292.024631500425,-1292.024631500425,-1292.024631500425,0.0,0.0,0.0,28092.29475175803
228,2024-08-10 12:00:00,24029.060786426206,24389.77906809491,33613.95187650695,24029.060786426206,24029.060786426206,5034.657076925311,5034.657076925311,5034.657076925311,228.04123329568944,228.04123329568944,228.04123329568944,5516.474890801053,5516.474890801053,5516.474890801053,68.70949152874431,68.70949152874431,68.70949152874431,5516.474890801053,5516.474890801053,5516.474890801053,519.4197536153046,519.4197536153046,519.4197536153046,-1297.988292315481,-1297.988292315481,-1297.988292315481,0.0,0.0,0.0,29063.717863351518
229,2024-08-10 13:00:00,24029.111460623484,25259.76566858532,34761.746527249496,24029.111460623484,24029.111460623484,6081.895100619856,6081.895100619856,6081.895100619856,368.02072766357844,368.02072766357844,368.02072766357844,6440.568880266861,6440.568880266861,6440.568880266861,58.50219430814526,58.50219430814526,58.50219430814526,6440.568880266861,6440.568880266861,6440.568880266861,518.7170396192516,518.7170396192516,518.7170396192516,-1303.9137412379807,-1303.9137412379807,-1303.9137412379807,0.0,0.0,0.0,30111.00656124334
230,2024-08-10 14:00:00,24029.162134820763,26423.948039685907,35682.11671778681,24029.162134820763,24029.162134820763,7024.4410235097275,7024.4410235097275,7024.4410235097275,554.4194560673897,554.4194560673897,554.4194560673897,7215.494622029198,7215.494622029198,7215.494622029198,48.42721520664181,48.42721520664181,48.42721520664181,7215.494622029198,7215.494622029198,7215.494622029198,515.9005107721426,515.9005107721426,515.9005107721426,-1309.8007805656446,-1309.8007805656446,-1309.8007805656446,0.0,0.0,0.0,31053.60315833049
231,2024-08-10 15:00:00,24029.212809018038,27764.520661088187,37061.82236987352,24029.212809018038,24029.212809018038,8460.572842680149,8460.572842680149,8460.572842680149,743.2220194206318,743.2220194206318,743.2220194206318,8483.534896081586,8483.534896081586,8483.534896081586,38.56500967692885,38.56500967692885,38.56500967692885,8483.534896081586,8483.534896081586,8483.534896081586,510.9001318256043,510.9001318256043,510.9001318256043,-1315.649214324602,-1315.649214324602,-1315.649214324602,0.0,0.0,0.0,32489.785651698185
232,2024-08-10 16:00:00,24029.263483215313,29715.426809955683,39248.186377261,24029.263483215313,24029.263483215313,10317.946544973141,10317.946544973141,10317.946544973141,918.6862356904811,918.6862356904811,918.6862356904811,10188.063055954613,10188.063055954613,10188.063055954613,28.99440710432427,28.99440710432427,28.99440710432427,10188.063055954613,10188.063055954613,10188.063055954613,503.66169449784553,503.66169449784553,503.66169449784553,-1321.4588482741228,-1321.4588482741228,-1321.4588482741228,0.0,0.0,0.0,34347.210028188456
233,2024-08-10 17:00:00,24029.314157412595,33109.841909664814,42512.69014528117,24029.314157412595,24029.314157412595,13842.167323945878,13842.167323945878,13842.167323945878,1072.8799105439705,1072.8799105439705,1072.8799105439705,13582.577124078172,13582.577124078172,13582.577124078172,19.792070892203622,19.792070892203622,19.792070892203622,13582.577124078172,13582.577124078172,13582.577124078172,494.14770834298787,494.14770834298787,494.14770834298787,-1327.229489911456,-1327.229489911456,-1327.229489911456,0.0,0.0,0.0,37871.481481358474
234,2024-08-10 18:00:00,24029.36483160987,34434.418326064035,43848.85105172792,24029.36483160987,24029.36483160987,15260.138647979846,15260.138647979846,15260.138647979846,1179.0448825318188,1179.0448825318188,1179.0448825318188,14920.68461049349,14920.68461049349,14920.68461049349,11.03197491726125,11.03197491726125,11.03197491726125,14920.68461049349,14920.68461049349,14920.68461049349,482.33812851595246,482.33812851595246,482.33812851595246,-1332.960948478678,-1332.960948478678,-1332.960948478678,0.0,0.0,0.0,39289.503479589715
235,2024-08-10 19:00:00,24029.415505807145,36677.26027718874,46154.19526300432,24029.415505807145,24029.415505807145,17610.342524975953,17610.342524975953,17610.342524975953,1196.1622846238645,1196.1622846238645,1196.1622846238645,17281.81746483674,17281.81746483674,17281.81746483674,2.78489997979137,2.78489997979137,2.78489997979137,17281.81746483674,17281.81746483674,17281.81746483674,468.2309105029395,468.2309105029395,468.2309105029395,-1338.6530349673828,-1338.6530349673828,-1338.6530349673828,0.0,0.0,0.0,41639.758030783094
236,2024-08-10 20:00:00,24029.466180004423,33578.10267350509,42794.6507869919,24029.466180004423,24029.466180004423,14089.790502260426,14089.790502260426,14089.790502260426,1098.5103073348364,1098.5103073348364,1098.5103073348364,13888.62541958795,13888.62541958795,13888.62541958795,-4.8820463504606275,-4.8820463504606275,-4.8820463504606275,13888.62541958795,13888.62541958795,13888.62541958795,451.8423838136692,451.8423838136692,451.8423838136692,-1344.3055621255685,-1344.3055621255685,-1344.3055621255685,0.0,0.0,0.0,38119.25668226485
237,2024-08-10 21:00:00,24029.5168542017,32025.087341297505,41591.72365682142,24029.5168542017,24029.5168542017,12689.50889055575,12689.50889055575,12689.50889055575,891.5583668549024,891.5583668549024,891.5583668549024,12726.567312663137,12726.567312663137,12726.567312663137,-11.905883196036658,-11.905883196036658,-11.905883196036658,12726.567312663137,12726.567312663137,12726.567312663137,433.2074386951813,433.2074386951813,433.2074386951813,-1349.9183444614368,-1349.9183444614368,-1349.9183444614368,0.0,0.0,0.0,36719.025744757455
238,2024-08-10 22:00:00,24029.56752839898,34852.81573689951,43938.48799460294,24029.56752839898,24029.56752839898,15391.176775051106,15391.176775051106,15391.176775051106,591.9068211224328,591.9068211224328,591.9068211224328,15760.609810265465,15760.609810265465,15760.609810265465,-18.22818010127905,-18.22818010127905,-18.22818010127905,15760.609810265465,15760.609810265465,15760.609810265465,412.37952201327386,412.37952201327386,412.37952201327386,-1355.4911982487877,-1355.4911982487877,-1355.4911982487877,0.0,0.0,0.0,39420.74430345009
239,2024-08-10 23:00:00,24029.618202596255,33610.00087688958,43667.85138007509,24029.618202596255,24029.618202596255,14398.440980033476,14398.440980033476,14398.440980033476,195.74085202005588,195.74085202005588,195.74085202005588,15198.08907704987,15198.08907704987,15198.08907704987,-23.79544818365486,-23.79544818365486,-23.79544818365486,15198.08907704987,15198.08907704987,15198.08907704987,389.4304406794986,389.4304406794986,389.4304406794986,-1361.0239415322942,-1361.0239415322942,-1361.0239415322942,0.0,0.0,0.0,38428.05918262973
240,2024-08-11 00:00:00,24029.668876793534,28407.57605616331,38414.561681045285,24029.668876793534,24029.668876793534,9494.016950252795,9494.016950252795,9494.016950252795,-317.3808373369136,-317.3808373369136,-317.3808373369136,10842.02370467529,10842.02370467529,10842.02370467529,-28.559496102533434,-28.559496102533434,-28.559496102533434,10842.02370467529,10842.02370467529,10842.02370467529,364.4499731506841,364.4499731506841,364.4499731506841,-1366.5163941337312,-1366.5163941337312,-1366.5163941337312,0.0,0.0,0.0,33523.68582704633
241,2024-08-11 01:00:00,24029.719550990812,23087.536144978967,32611.71739684907,24029.719550990812,24029.719550990812,3832.114916155464,3832.114916155464,3832.114916155464,-931.8802473719288,-931.8802473719288,-931.8802473719288,5830.895997851056,5830.895997851056,5830.895997851056,-32.4777485096182,-32.4777485096182,-32.4777485096182,5830.895997851056,5830.895997851056,5830.895997851056,337.5452918413769,337.5452918413769,337.5452918413769,-1371.968377655422,-1371.968377655422,-1371.968377655422,0.0,0.0,0.0,27861.834467146276
242,2024-08-11 02:00:00,24029.770225188087,16406.537107811837,26243.521243260344,24029.770225188087,24029.770225188087,-2673.4657216477576,-2673.4657216477576,-2673.4657216477576,-1540.6626251621863,-1540.6626251621863,-1540.6626251621863,-28.750057431169942,-28.750057431169942,-28.750057431169942,-35.513524905080075,-35.513524905080075,-35.513524905080075,-28.750057431169942,-28.750057431169942,-28.750057431169942,308.84020133569055,308.84020133569055,308.84020133569055,-1377.3797154850129,-1377.3797154850129,-1377.3797154850129,0.0,0.0,0.0,21356.30450354033
243,2024-08-11 03:00:00,24029.820899385366,10967.899361387887,20166.622168291062,24029.820899385366,24029.820899385366,-8337.846761900073,-8337.846761900073,-8337.846761900073,-1954.8888731303834,-1954.8888731303834,-1954.8888731303834,-5241.045578366581,-5241.045578366581,-5241.045578366581,-37.63627713733077,-37.63627713733077,-37.63627713733077,-5241.045578366581,-5241.045578366581,-5241.045578366581,278.47419953659545,278.47419953659545,278.47419953659545,-1382.7502328023734,-1382.7502328023734,-1382.7502328023734,0.0,0.0,0.0,15691.974137485293
244,2024-08-11 04:00:00,24029.87157358264,6168.18339444529,15348.35386598831,24029.87157358264,24029.87157358264,-13271.75362803883,-13271.75362803883,-13271.75362803883,-1999.4652781639902,-1999.4652781639902,-1999.4652781639902,-10091.988180197575,-10091.988180197575,-10091.988180197575,-38.82178404265178,-38.82178404265178,-38.82178404265178,-10091.988180197575,-10091.988180197575,-10091.988180197575,246.601370947585,246.601370947585,246.601370947585,-1388.0797565821974,-1388.0797565821974,-1388.0797565821974,0.0,0.0,0.0,10758.11794554381
245,2024-08-11 05:00:00,24029.92224777992,3691.7717831028954,12852.037709567676,24029.92224777992,24029.92224777992,-15753.444231350612,-15753.444231350612,-15753.444231350612,-1634.227833467828,-1634.227833467828,-1634.227833467828,-12900.18510335964,-12900.18510335964,-12900.18510335964,-39.05230207358479,-39.05230207358479,-39.05230207358479,-12900.18510335964,-12900.18510335964,-12900.18510335964,213.38912314861236,213.38912314861236,213.38912314861236,-1393.3681155981703,-1393.3681155981703,-1393.3681155981703,0.0,0.0,0.0,8276.478016429308
246,2024-08-11 06:00:00,24029.972921977198,5410.817312686343,14976.015595735356,24029.972921977198,24029.972921977198,-13923.712254837652,-13923.712254837652,-13923.712254837652,-1003.245867375345,-1003.245867375345,-1003.245867375345,-11662.551355427016,-11662.551355427016,-11662.551355427016,-38.31667105565212,-38.31667105565212,-38.31667105565212,-11662.551355427016,-11662.551355427016,-11662.551355427016,179.01677945194746,179.01677945194746,179.01677945194746,-1398.6151404315854,-1398.6151404315854,-1398.6151404315854,0.0,0.0,0.0,10106.260667139546
247,2024-08-11 07:00:00,24030.023596174473,7796.952545353562,16799.3748021125,24030.023596174473,24030.023596174473,-11749.83170359828,-11749.83170359828,-11749.83170359828,-361.96787640352954,-361.96787640352954,-361.96787640352954,-10091.106831614394,-10091.106831614394,-10091.106831614394,-36.610374529365224,-36.610374529365224,-36.610374529365224,-10091.106831614394,-10091.106831614394,-10091.106831614394,143.67404241920096,143.67404241920096,143.67404241920096,-1403.8206634701912,-1403.8206634701912,-1403.8206634701912,0.0,0.0,0.0,12280.191892576193
248,2024-08-11 08:00:00,24030.07427037175,9639.365531713178,19311.231037666425,24030.07427037175,24030.07427037175,-9293.82555974565,-9293.82555974565,-9293.82555974565,71.608339173433,71.608339173433,71.608339173433,-8030.07316984445,-8030.07316984445,-8030.07316984445,-33.935554487334045,-33.935554487334045,-33.935554487334045,-8030.07316984445,-8030.07316984445,-8030.07316984445,107.55934432893443,107.55934432893443,107.55934432893443,-1408.984518916234,-1408.984518916234,-1408.984518916234,0.0,0.0,0.0,14736.248710626101
249,2024-08-11 09:00:00,24030.12494456903,14926.740144570325,24430.21805163892,24030.12494456903,24030.12494456903,-4319.8922621195625,-4319.8922621195625,-4319.8922621195625,233.6490757221115,233.6490757221115,233.6490757221115,-3180.0119165966353,-3180.0119165966353,-3180.0119165966353,-30.300980593987173,-30.300980593987173,-30.300980593987173,-3180.0119165966353,-3180.0119165966353,-3180.0119165966353,70.87810213937124,70.87810213937124,70.87810213937124,-1414.1065427904223,-1414.1065427904223,-1414.1065427904223,0.0,0.0,0.0,19710.232682449467
250,2024-08-11 10:00:00,24030.175618766305,18362.13649122295,28261.062118573966,24030.175618766305,24030.175618766305,-532.2861214156727,-532.2861214156727,-532.2861214156727,218.53733281296695,218.53733281296695,218.53733281296695,660.2441974709703,660.2441974709703,660.2441974709703,-25.721974345083517,-25.721974345083517,-25.721974345083517,660.2441974709703,660.2441974709703,660.2441974709703,33.84089557983451,33.84089557983451,33.84089557983451,-1419.1865729343608,-1419.1865729343608,-1419.1865729343608,0.0,0.0,0.0,23497.889497350632
251,2024-08-11 11:00:00,24030.226292963584,21609.685719677283,30703.26882314659,24030.226292963584,24030.226292963584,1904.9344172357173,1904.9344172357173,1904.9344172357173,181.73159348694622,181.73159348694622,181.73159348694622,3170.9859738092787,3170.9859738092787,3170.9859738092787,-20.220288903367432,-20.220288903367432,-20.220288903367432,3170.9859738092787,3170.9859738092787,3170.9859738092787,-3.3384121414402,-3.3384121414402,-3.3384121414402,-1424.2244490157,-1424.2244490157,-1424.2244490157,0.0,0.0,0.0,25935.1607101993
252,2024-08-11 12:00:00,24030.27696716086,22446.278152190396,31753.448616588266,24030.27696716086,24030.27696716086,3055.7833876189493,3055.7833876189493,3055.7833876189493,228.04123329522244,228.04123329522244,228.04123329522244,4311.230703300348,4311.230703300348,4311.230703300348,-13.823945673954992,-13.823945673954992,-13.823945673954992,4311.230703300348,4311.230703300348,4311.230703300348,-40.444590768818536,-40.444590768818536,-40.444590768818536,-1429.2200125338477,-1429.2200125338477,-1429.2200125338477,0.0,0.0,0.0,27086.06035477981
253,2024-08-11 13:00:00,24030.32764135814,23424.61618409098,33028.53991121471,24030.32764135814,24030.32764135814,4029.5970108633037,4029.5970108633037,4029.5970108633037,368.02072766921015,368.02072766921015,368.02072766921015,5179.579394879925,5179.579394879925,5179.579394879925,-6.567028987992481,-6.567028987992481,-6.567028987992481,5179.579394879925,5179.579394879925,5179.579394879925,-77.26297587714998,-77.26297587714998,-77.26297587714998,-1434.1731068206884,-1434.1731068206884,-1434.1731068206884,0.0,0.0,0.0,28059.924652221445
254,2024-08-11 14:00:00,24030.378315555416,25309.008196675146,34201.16575434824,24030.378315555416,24030.378315555416,5716.611307878004,5716.611307878004,5716.611307878004,554.4194560598506,554.4194560598506,554.4194560598506,6713.346266761536,6713.346266761536,6713.346266761536,1.510559473660117,1.510559473660117,1.510559473660117,6713.346266761536,6713.346266761536,6713.346266761536,-113.58139737148143,-113.58139737148143,-113.58139737148143,-1439.083577045561,-1439.083577045561,-1439.083577045561,0.0,0.0,0.0,29746.98962343342
255,2024-08-11 15:00:00,24030.42898975269,23825.817500646943,33178.89267289825,24030.42898975269,24030.42898975269,4384.749886481668,4384.749886481668,4384.749886481668,743.2220194254528,743.2220194254528,743.2220194254528,5224.307835476386,5224.307835476386,5224.307835476386,10.36338457177878,10.36338457177878,10.36338457177878,5224.307835476386,5224.307835476386,5224.307835476386,-149.19208276993297,-149.19208276993297,-149.19208276993297,-1443.9512702220165,-1443.9512702220165,-1443.9512702220165,0.0,0.0,0.0,28415.178876234357
256,2024-08-11 16:00:00,24030.47966394997,25395.901326846695,34444.835308293805,24030.47966394997,24030.47966394997,5768.33974126163,5768.33974126163,5768.33974126163,918.6862356925325,918.6862356925325,918.6862356925325,6462.382257700603,6462.382257700603,6462.382257700603,19.940797737498126,19.940797737498126,19.940797737498126,6462.382257700603,6462.382257700603,6462.382257700603,-183.89351466246077,-183.89351466246077,-183.89351466246077,-1448.7760352065438,-1448.7760352065438,-1448.7760352065438,0.0,0.0,0.0,29798.819405211598
257,2024-08-11 17:00:00,24030.530338147248,26247.981562801848,35482.92009254402,24030.530338147248,24030.530338147248,7091.270889799856,7091.270889799856,7091.270889799856,1072.8799105386197,1072.8799105386197,1072.8799105386197,7659.253633661085,7659.253633661085,7659.253633661085,30.187290706837707,30.187290706837707,30.187290706837707,7659.253633661085,7659.253633661085,7659.253633661085,-217.4922224019342,-217.4922224019342,-217.4922224019342,-1453.5577227047502,-1453.5577227047502,-1453.5577227047502,0.0,0.0,0.0,31121.801227947104
258,2024-08-11 18:00:00,24030.581012344523,24715.267144627243,34350.26438817085,24030.581012344523,24030.581012344523,5550.661015185563,5550.661015185563,5550.661015185563,1179.0448825291453,1179.0448825291453,1179.0448825291453,6038.673926336096,6038.673926336096,6038.673926336096,41.042880319222604,41.042880319222604,41.042880319222604,6038.673926336096,6038.673926336096,6038.673926336096,-249.80448872294104,-249.80448872294104,-249.80448872294104,-1458.2961852759584,-1458.2961852759584,-1458.2961852759584,0.0,0.0,0.0,29581.242027530086
259,2024-08-11 19:00:00,24030.6316865418,22390.958847934642,32105.98322333061,24030.6316865418,24030.6316865418,3190.429785061431,3190.429785061431,3190.429785061431,1196.1622846286816,1196.1622846286816,1196.1622846286816,3685.4732092414806,3685.4732092414806,3685.4732092414806,52.443521491482,52.443521491482,52.443521491482,3685.4732092414806,3685.4732092414806,3685.4732092414806,-280.6579529662166,-280.6579529662166,-280.6579529662166,-1462.9912773339959,-1462.9912773339959,-1462.9912773339959,0.0,0.0,0.0,27221.061471603232
260,2024-08-11 20:00:00,24030.682360739076,21331.313774662176,30515.64611898148,24030.682360739076,24030.682360739076,1906.5076345033233,1906.5076345033233,1906.5076345033233,1098.5103073409202,1098.5103073409202,1098.5103073409202,2521.2117308587144,2521.2117308587144,2521.2117308587144,64.32154535771497,64.32154535771497,64.32154535771497,2521.2117308587144,2521.2117308587144,2521.2117308587144,-309.8930939024158,-309.8930939024158,-309.8930939024158,-1467.6428551516112,-1467.6428551516112,-1467.6428551516112,0.0,0.0,0.0,25937.1899952424
261,2024-08-11 21:00:00,24030.73303493636,21413.676764832948,30885.720499510364,24030.73303493636,24030.73303493636,1982.504102123036,1982.504102123036,1982.504102123036,891.5583668648943,891.5583668648943,891.5583668648943,2823.9549691815614,2823.9549691815614,2823.9549691815614,76.60611936164871,76.60611936164871,76.60611936164871,2823.9549691815614,2823.9549691815614,2823.9549691815614,-337.36457641945447,-337.36457641945447,-337.36457641945447,-1472.2507768656137,-1472.2507768656137,-1472.2507768656137,0.0,0.0,0.0,26013.237137059394
262,2024-08-11 22:00:00,24030.783709133633,19070.912276066338,28605.507650094787,24030.783709133633,24030.783709133633,-160.60576133844953,-160.60576133844953,-160.60576133844953,591.9068211359378,591.9068211359378,591.9068211359378,998.0210419752816,998.0210419752816,998.0210419752816,89.2237259518381,89.2237259518381,89.2237259518381,998.0210419752816,998.0210419752816,998.0210419752816,-362.9424479253023,-362.9424479253023,-362.9424479253023,-1476.8149024762045,-1476.8149024762045,-1476.8149024762045,0.0,0.0,0.0,23870.177947795182
263,2024-08-11 23:00:00,24030.834383330908,13712.387090116312,23426.643678420078,24030.834383330908,24030.834383330908,-5214.711714642986,-5214.711714642986,-5214.711714642986,195.7408520071838,195.7408520071838,195.7408520071838,-3644.7029570790833,-3644.7029570790833,-3644.7029570790833,102.0986564635266,102.0986564635266,102.0986564635266,-3644.7029570790833,-3644.7029570790833,-3644.7029570790833,-386.5131721818752,-386.5131721818752,-386.5131721818752,-1481.3350938527383,-1481.3350938527383,-1481.3350938527383,0.0,0.0,0.0,18816.122668687924
264,2024-08-12 00:00:00,24030.885057528187,8750.772537990288,18354.47157515783,24030.885057528187,24030.885057528187,-10389.835758793679,-10389.835758793679,-10389.835758793679,-317.38083731447796,-317.38083731447796,-317.38083731447796,-8293.816733361515,-8293.816733361515,-8293.816733361515,115.15351662587454,115.15351662587454,115.15351662587454,-8293.816733361515,-8293.816733361515,-8293.816733361515,-407.98049000711615,-407.98049000711615,-407.98049000711615,-1485.8112147364452,-1485.8112147364452,-1485.8112147364452,0.0,0.0,0.0,13641.049298734508
265,2024-08-12 01:00:00,24030.935731725465,3148.419838265402,12566.506937355243,24030.935731725465,24030.935731725465,-16136.413086591854,-16136.413086591854,-16136.413086591854,-931.8802473469334,-931.8802473469334,-931.8802473469334,-13415.333350229232,-13415.333350229232,-13415.333350229232,128.30974012537143,128.30974012537143,128.30974012537143,-13415.333350229232,-13415.333350229232,-13415.333350229232,-427.2660983977266,-427.2660983977266,-427.2660983977266,-1490.2431307433353,-1490.2431307433353,-1490.2431307433353,0.0,0.0,0.0,7894.522645133611
266,2024-08-12 02:00:00,24030.986405922744,-325.8443715107745,9374.235771041893,24030.986405922744,24030.986405922744,-19357.83378314118,-19357.83378314118,-19357.83378314118,-1540.662625174417,-1540.662625174417,-1540.662625174417,-16019.718413530572,-16019.718413530572,-16019.718413530572,141.48810657816972,141.48810657816972,141.48810657816972,-16019.718413530572,-16019.718413530572,-16019.718413530572,-444.3101416496668,-444.3101416496668,-444.3101416496668,-1494.6307093646944,-1494.6307093646944,-1494.6307093646944,0.0,0.0,0.0,4673.152622781563
267,2024-08-12 03:00:00,24031.03708012002,-1152.6941428776408,8350.171037565206,24031.03708012002,24031.03708012002,-20362.37746725602,-20362.37746725602,-20362.37746725602,-1954.8888731363197,-1954.8888731363197,-1954.8888731363197,-16604.05252417991,-16604.05252417991,-16604.05252417991,154.60926032307088,154.60926032307088,154.60926032307088,-16604.05252417991,-16604.05252417991,-16604.05252417991,-459.0715102898211,-459.0715102898211,-459.0715102898211,-1498.9738199730425,-1498.9738199730425,-1498.9738199730425,0.0,0.0,0.0,3668.6596128639976
268,2024-08-12 04:00:00,24031.087754317294,460.27944815279966,9743.396505465396,24031.087754317294,24031.087754317294,-18911.109241290967,-18911.109241290967,-18911.109241290967,-1999.4652781706227,-1999.4652781706227,-1999.4652781706227,-15104.437909896582,-15104.437909896582,-15104.437909896582,167.59422637116623,167.59422637116623,167.59422637116623,-15104.437909896582,-15104.437909896582,-15104.437909896582,-471.52794577247323,-471.52794577247323,-471.52794577247323,-1503.2723338224532,-1503.2723338224532,-1503.2723338224532,0.0,0.0,0.0,5119.978513026326
269,2024-08-12 05:00:00,24031.138428514576,3476.618211985775,13144.1508575745,24031.138428514576,24031.138428514576,-15893.101303170322,-15893.101303170322,-15893.101303170322,-1634.2278334562316,-1634.2278334562316,-1634.2278334562316,-12450.036314499688,-12450.036314499688,-12450.036314499688,180.3649200090346,180.3649200090346,180.3649200090346,-12450.036314499688,-12450.036314499688,-12450.036314499688,-481.67595117105463,-481.67595117105463,-481.67595117105463,-1507.5261240523828,-1507.5261240523828,-1507.5261240523828,0.0,0.0,0.0,8138.037125344254
270,2024-08-12 06:00:00,24031.18910271185,9540.974327085829,18986.28982413093,24031.18910271185,24031.18910271185,-9685.851299821537,-9685.851299821537,-9685.851299821537,-1003.2458673739583,-1003.2458673739583,-1003.2458673739583,-6874.184503001907,-6874.184503001907,-6874.184503001907,192.84464651350547,192.84464651350547,192.84464651350547,-6874.184503001907,-6874.184503001907,-6874.184503001907,-489.5305102692787,-489.5305102692787,-489.5305102692787,-1511.7350656898984,-1511.7350656898984,-1511.7350656898984,0.0,0.0,0.0,14345.337802890313
271,2024-08-12 07:00:00,24031.239776909126,17512.83705803864,26865.84646145729,24031.239776909126,24031.239776909126,-2037.6995822780334,-2037.6995822780334,-2037.6995822780334,-361.96787639246475,-361.96787639246475,-361.96787639246475,130.33336183309143,130.33336183309143,130.33336183309143,204.95858761989223,204.95858761989223,204.95858761989223,130.33336183309143,130.33336183309143,130.33336183309143,-495.12461968709886,-495.12461968709886,-495.12461968709886,-1515.8990356514528,-1515.8990356514528,-1515.8990356514528,0.0,0.0,0.0,21993.540194631092
272,2024-08-12 08:00:00,24031.290451106404,25443.13842575332,35115.23418054451,24031.290451106404,24031.290451106404,6094.663224449093,6094.663224449093,6094.663224449093,71.60833917755413,71.60833917755413,71.60833917755413,7824.947167299208,7824.947167299208,7824.947167299208,216.634271454426,216.634271454426,216.634271454426,7824.947167299208,7824.947167299208,7824.947167299208,-498.5086407381016,-498.5086407381016,-498.5086407381016,-1520.017912743994,-1520.017912743994,-1520.017912743994,0.0,0.0,0.0,30125.9536755555
273,2024-08-12 09:00:00,24031.341125303683,21298.743524081194,30377.37580085319,24031.341125303683,24031.341125303683,2001.0164715478477,2001.0164715478477,2001.0164715478477,233.6490757201077,233.6490757201077,233.6490757201077,3563.4064304708427,3563.4064304708427,3563.4064304708427,227.8020228136438,227.8020228136438,227.8020228136438,3563.4064304708427,3563.4064304708427,3563.4064304708427,-499.7494797858096,-499.7494797858096,-499.7494797858096,-1524.0915776709364,-1524.0915776709364,-1524.0915776709364,0.0,0.0,0.0,26032.35759685153
274,2024-08-12 10:00:00,24031.39179950096,17477.871471091035,27396.19601854305,24031.39179950096,24031.39179950096,-1428.546240888599,-1428.546240888599,-1428.546240888599,218.53733280887158,218.53733280887158,218.53733280887158,141.5705562686556,141.5705562686556,141.5705562686556,238.3953908111455,238.3953908111455,238.3953908111455,141.5705562686556,141.5705562686556,141.5705562686556,-498.9296077472415,-498.9296077472415,-498.9296077472415,-1528.1199130300306,-1528.1199130300306,-1528.1199130300306,0.0,0.0,0.0,22602.845558612364
275,2024-08-12 11:00:00,24031.442473698236,18028.55530213765,27009.162505552147,24031.442473698236,24031.442473698236,-1678.9152137436497,-1678.9152137436497,-1678.9152137436497,181.73159349232003,181.73159349232003,181.73159349232003,-80.74962383887865,-80.74962383887865,-80.74962383887865,248.35155113297608,248.35155113297608,248.35155113297608,-80.74962383887865,-80.74962383887865,-80.74962383887865,-496.1459312123262,-496.1459312123262,-496.1459312123262,-1532.102803317741,-1532.102803317741,-1532.102803317741,0.0,0.0,0.0,22352.527259954586
276,2024-08-12 12:00:00,24031.49314789551,18297.09683841364,27998.782177388108,24031.49314789551,24031.49314789551,-1063.2093611994226,-1063.2093611994226,-1063.2093611994226,228.0412332975315,228.0412332975315,228.0412332975315,478.6863893355806,478.6863893355806,478.6863893355806,257.6116803277562,257.6116803277562,257.6116803277562,478.6863893355806,478.6863893355806,478.6863893355806,-491.5085292295423,-491.5085292295423,-491.5085292295423,-1536.0401349307488,-1536.0401349307488,-1536.0401349307488,0.0,0.0,0.0,22968.283786696087
277,2024-08-12 13:00:00,24031.543822092794,19473.02069625307,28972.940279847015,24031.543822092794,24031.543822092794,144.9349748322032,144.9349748322032,144.9349748322032,368.02072766364654,368.02072766364654,368.02072766364654,1535.8640148617942,1535.8640148617942,1535.8640148617942,266.12129976684514,266.12129976684514,266.12129976684514,1535.8640148617942,1535.8640148617942,1535.8640148617942,-485.13927129323434,-485.13927129323434,-485.13927129323434,-1539.931796166848,-1539.931796166848,-1539.931796166848,0.0,0.0,0.0,24176.478796924996
278,2024-08-12 14:00:00,24031.59449629007,20465.94072695666,29861.54250402404,24031.59449629007,24031.59449629007,1124.9222408696721,1124.9222408696721,1124.9222408696721,554.4194560662753,554.4194560662753,554.4194560662753,2317.6202081437873,2317.6202081437873,2317.6202081437873,273.83058718478674,273.83058718478674,273.83058718478674,2317.6202081437873,2317.6202081437873,2317.6202081437873,-477.1703332976117,-477.1703332976117,-477.1703332976117,-1543.777677227566,-1543.777677227566,-1543.777677227566,0.0,0.0,0.0,25156.51673715974
279,2024-08-12 15:00:00,24031.645170487347,21136.851301491544,30113.111353895456,24031.645170487347,24031.645170487347,1544.791030629078,1544.791030629078,1544.791030629078,743.2220194302743,743.2220194302743,743.2220194302743,2536.1946567728005,2536.1946567728005,2536.1946567728005,280.6946539347231,280.6946539347231,280.6946539347231,2536.1946567728005,2536.1946567728005,2536.1946567728005,-467.74262928814875,-467.74262928814875,-467.74262928814875,-1547.5776702205706,-1547.5776702205706,-1547.5776702205706,0.0,0.0,0.0,25576.436201116427
280,2024-08-12 16:00:00,24031.695844684622,21876.316965416238,30934.83269517171,24031.695844684622,24031.695844684622,2478.8397333545986,2478.8397333545986,2478.8397333545986,918.686235694584,918.686235694584,918.686235694584,3281.815558144352,3281.815558144352,3281.815558144352,286.67378634710826,286.67378634710826,286.67378634710826,3281.815558144352,3281.815558144352,3281.815558144352,-457.00417767270284,-457.00417767270284,-457.00417767270284,-1551.3316691587434,-1551.3316691587434,-1551.3316691587434,0.0,0.0,0.0,26510.53557803922
281,2024-08-12 17:00:00,24031.7465188819,25099.449060050665,34554.58223119559,24031.7465188819,24031.7465188819,5774.848260619897,5774.848260619897,5774.848260619897,1072.879910538064,1072.879910538064,1072.879910538064,6410.382691292894,6410.382691292894,6410.382691292894,291.7336498981677,291.7336498981677,291.7336498981677,6410.382691292894,6410.382691292894,6410.382691292894,-445.10842114544175,-445.10842114544175,-445.10842114544175,-1555.039569963788,-1555.039569963788,-1555.039569963788,0.0,0.0,0.0,29806.594779501796
282,2024-08-12 18:00:00,24031.79719307918,25568.495165995882,34877.805017339146,24031.79719307918,24031.79719307918,5954.070605047897,5954.070605047897,5954.070605047897,1179.0448825400583,1179.0448825400583,1179.0448825400583,6470.094057803441,6470.094057803441,6470.094057803441,295.84545512252487,295.84545512252487,295.84545512252487,6470.094057803441,6470.094057803441,6470.094057803441,-432.2125199512813,-432.2125199512813,-432.2125199512813,-1558.7012704668468,-1558.7012704668468,-1558.7012704668468,0.0,0.0,0.0,29985.867798127074
283,2024-08-12 19:00:00,24031.847867276454,22899.17730932149,31977.967696050364,24031.847867276454,24031.847867276454,3375.437974906489,3375.437974906489,3375.437974906489,1196.1622846262296,1196.1622846262296,1196.1622846262296,3861.0819144403954,3861.0819144403954,3861.0819144403954,298.98608452109016,298.98608452109016,298.98608452109016,3861.0819144403954,3861.0819144403954,3861.0819144403954,-418.4756382712103,-418.4756382712103,-418.4756382712103,-1562.3166704100163,-1562.3166704100163,-1562.3166704100163,0.0,0.0,0.0,27407.285842182944
284,2024-08-12 20:00:00,24031.898541473736,21468.141136692808,30980.576508274222,24031.898541473736,24031.898541473736,2315.1346054031687,2315.1346054031687,2315.1346054031687,1098.510307339064,1098.510307339064,1098.510307339064,2885.429032858471,2885.429032858471,2885.429032858471,301.1381800068944,301.1381800068944,301.1381800068944,2885.429032858471,2885.429032858471,2885.429032858471,-404.0572433546874,-404.0572433546874,-404.0572433546874,-1565.885671446573,-1565.885671446573,-1565.885671446573,0.0,0.0,0.0,26347.033146876904
285,2024-08-12 21:00:00,24031.94921567101,20688.105814119433,30157.003815068467,24031.94921567101,24031.94921567101,1613.7582040762786,1613.7582040762786,1613.7582040762786,891.5583668635041,891.5583668635041,891.5583668635041,2378.4332603833113,2378.4332603833113,2378.4332603833113,302.2901906977291,302.2901906977291,302.2901906977291,2378.4332603833113,2378.4332603833113,2378.4332603833113,-389.1154367242236,-389.1154367242236,-389.1154367242236,-1569.4081771440422,-1569.4081771440422,-1569.4081771440422,0.0,0.0,0.0,25645.70741974729
286,2024-08-12 22:00:00,24031.999889868286,17663.6680329144,27539.166769232543,24031.999889868286,24031.999889868286,-1676.2269150881139,-1676.2269150881139,-1676.2269150881139,591.9068211335402,591.9068211335402,591.9068211335402,-623.8806882244802,-623.8806882244802,-623.8806882244802,302.4363811835066,302.4363811835066,302.4363811835066,-623.8806882244802,-623.8806882244802,-623.8806882244802,-373.8053361977294,-373.8053361977294,-373.8053361977294,-1572.884092982951,-1572.884092982951,-1572.884092982951,0.0,0.0,0.0,22355.77297478017
287,2024-08-12 23:00:00,24032.050564065565,12462.764262970662,21652.132367347578,24032.050564065565,24032.050564065565,-6895.350867304305,-6895.350867304305,-6895.350867304305,195.7408520248833,195.7408520248833,195.7408520248833,-5458.077666975027,-5458.077666975027,-5458.077666975027,301.5768006539295,301.5768006539295,301.5768006539295,-5458.077666975027,-5458.077666975027,-5458.077666975027,-358.2775266495815,-358.2775266495815,-358.2775266495815,-1576.3133263585094,-1576.3133263585094,-1576.3133263585094,0.0,0.0,0.0,17136.699696761258
288,2024-08-13 00:00:00,24032.10123826284,6712.033719547992,16101.70930966068,24032.10123826284,24032.10123826284,-12717.713384688674,-12717.713384688674,-12717.713384688674,-317.38083732457767,-317.38083732457767,-317.38083732457767,-10777.677377912787,-10777.677377912787,-10777.677377912787,299.71721358011547,299.71721358011547,299.71721358011547,-10777.677377912787,-10777.677377912787,-10777.677377912787,-342.6765964472713,-342.6765964472713,-342.6765964472713,-1579.695786584154,-1579.695786584154,-1579.695786584154,0.0,0.0,0.0,11314.387853574166
289,2024-08-13 01:00:00,24032.151912460122,1775.9586243260198,11228.002586453928,24032.151912460122,24032.151912460122,-17471.587910749757,-17471.587910749757,-17471.587910749757,-931.880247349016,-931.880247349016,-931.880247349016,-14926.40549609392,-14926.40549609392,-14926.40549609392,296.8689928946917,296.8689928946917,296.8689928946917,-14926.40549609392,-14926.40549609392,-14926.40549609392,-327.1397753144083,-327.1397753144083,-327.1397753144083,-1583.0313848871047,-1583.0313848871047,-1583.0313848871047,0.0,0.0,0.0,6560.564001710365
290,2024-08-13 02:00:00,24032.202586657397,-657.8028888254559,8888.969585205461,24032.202586657397,24032.202586657397,-19982.89859502387,-19982.89859502387,-19982.89859502387,-1540.6626251530276,-1540.6626251530276,-1540.6626251530276,-16837.169224431418,-16837.169224431418,-16837.169224431418,293.0489768907203,293.0489768907203,293.0489768907203,-16837.169224431418,-16837.169224431418,-16837.169224431418,-311.7956879178939,-311.7956879178939,-311.7956879178939,-1586.3200344122508,-1586.3200344122508,-1586.3200344122508,0.0,0.0,0.0,4049.3039916335256
291,2024-08-13 03:00:00,24032.25326085467,-1593.0008810466472,7960.06227493981,24032.25326085467,24032.25326085467,-20862.726870194565,-20862.726870194565,-20862.726870194565,-1954.8888731264954,-1954.8888731264954,-1954.8888731264954,-17309.7924021625,-17309.7924021625,-17309.7924021625,288.2792913055471,288.2792913055471,288.2792913055471,-17309.7924021625,-17309.7924021625,-17309.7924021625,-296.76323598705835,-296.76323598705835,-296.76323598705835,-1589.5616502240578,-1589.5616502240578,-1589.5616502240578,0.0,0.0,0.0,3169.5263906601067
292,2024-08-13 04:00:00,24032.303935051954,-598.9002089983093,9119.630994165453,24032.303935051954,24032.303935051954,-19602.469499779127,-19602.469499779127,-19602.469499779127,-1999.4652781671482,-1999.4652781671482,-1999.4652781671482,-16010.684590552963,-16010.684590552963,-16010.684590552963,282.5871383046584,282.5871383046584,282.5871383046584,-16010.684590552963,-16010.684590552963,-16010.684590552963,-282.1506200598479,-282.1506200598479,-282.1506200598479,-1592.7561493038263,-1592.7561493038263,-1592.7561493038263,0.0,0.0,0.0,4429.834435272827
293,2024-08-13 05:00:00,24032.35460924923,3046.1068062121417,12325.573136152685,24032.35460924923,24032.35460924923,-16350.194951947762,-16350.194951947762,-16350.194951947762,-1634.2278334772152,-1634.2278334772152,-1634.2278334772152,-13128.01371211206,-13128.01371211206,-13128.01371211206,276.0045542929282,276.0045542929282,276.0045542929282,-13128.01371211206,-13128.01371211206,-13128.01371211206,-268.0545101003531,-268.0545101003531,-268.0545101003531,-1595.9034505510624,-1595.9034505510624,-1595.9034505510624,0.0,0.0,0.0,7682.159657301467
294,2024-08-13 06:00:00,24032.405283446504,10436.636667583098,19723.45048455297,24032.405283446504,24032.405283446504,-9150.207343243386,-9150.207343243386,-9150.207343243386,-1003.2458674006233,-1003.2458674006233,-1003.2458674006233,-6561.96676740986,-6561.96676740986,-6561.96676740986,268.568138692716,268.568138692716,268.568138692716,-6561.96676740986,-6561.96676740986,-6561.96676740986,-254.55937234007678,-254.55937234007678,-254.55937234007678,-1599.0034747855414,-1599.0034747855414,-1599.0034747855414,0.0,0.0,0.0,14882.197940203117
295,2024-08-13 07:00:00,24032.455957643782,20115.678445033558,29988.167762814188,24032.455957643782,24032.455957643782,808.0048596664292,808.0048596664292,808.0048596664292,-361.96787641452306,-361.96787641452306,-361.96787641452306,2753.4470825270414,2753.4470825270414,2753.4470825270414,260.31875602881934,260.31875602881934,260.31875602881934,2753.4470825270414,2753.4470825270414,2753.4470825270414,-241.7369577289345,-241.7369577289345,-241.7369577289345,-1602.0561447459734,-1602.0561447459734,-1602.0561447459734,0.0,0.0,0.0,24840.46081731021
296,2024-08-13 08:00:00,24032.506631841057,28861.72284538799,38151.13382446778,24032.506631841057,24032.506631841057,9546.596994489499,9546.596994489499,9546.596994489499,71.6083391816752,71.6083391816752,71.6083391816752,11058.394781846348,11058.394781846348,11058.394781846348,251.30121380307733,251.30121380307733,251.30121380307733,11058.394781846348,11058.394781846348,11058.394781846348,-229.64595525247185,-229.64595525247185,-229.64595525247185,-1605.0613850891302,-1605.0613850891302,-1605.0613850891302,0.0,0.0,0.0,33579.10362633056
297,2024-08-13 09:00:00,24032.55730603834,24402.508439963498,33894.449173934765,24032.55730603834,24032.55730603834,5194.091085276419,5194.091085276419,5194.091085276419,233.64907571821172,233.64907571821172,233.64907571821172,6545.229024519664,6545.229024519664,6545.229024519664,241.56391883024128,241.56391883024128,241.56391883024128,6545.229024519664,6545.229024519664,6545.229024519664,-218.33181139870388,-218.33181139870388,-218.33181139870388,-1608.019122392994,-1608.019122392994,-1608.019122392994,0.0,0.0,0.0,29226.64839131476
298,2024-08-13 10:00:00,24032.607980235614,20753.15684593885,29933.88279657497,24032.607980235614,24032.607980235614,1226.6255336613772,1226.6255336613772,1226.6255336613772,218.53733281085465,218.53733281085465,218.53733281085465,2595.685686137552,2595.685686137552,2595.685686137552,231.15851479312906,231.15851479312906,231.15851479312906,2595.685686137552,2595.685686137552,2595.685686137552,-207.82671492594272,-207.82671492594272,-207.82671492594272,-1610.9292851542152,-1610.9292851542152,-1610.9292851542152,0.0,0.0,0.0,25259.23351389699
299,2024-08-13 11:00:00,24032.65865443289,19743.801128944524,29017.40329093234,24032.65865443289,24032.65865443289,286.860017981628,286.860017981628,286.860017981628,181.7315934904246,181.7315934904246,181.7315934904246,1696.9304684382137,1696.9304684382137,1696.9304684382137,220.13950392970906,220.13950392970906,220.13950392970906,1696.9304684382137,1696.9304684382137,1696.9304684382137,-198.14974408843224,-198.14974408843224,-198.14974408843224,-1613.7918037882873,-1613.7918037882873,-1613.7918037882873,0.0,0.0,0.0,24319.518672414517
300,2024-08-13 12:00:00,24032.709328630168,20055.69097456509,29587.218914071338,24032.709328630168,24032.709328630168,597.0941047504928,597.0941047504928,597.0941047504928,228.0412332998406,228.0412332998406,228.0412332998406,1966.4027977459582,1966.4027977459582,1966.4027977459582,208.5638557825133,208.5638557825133,208.5638557825133,1966.4027977459582,1966.4027977459582,1966.4027977459582,-189.3071714482499,-189.3071714482499,-189.3071714482499,-1616.6066106295698,-1616.6066106295698,-1616.6066106295698,0.0,0.0,0.0,24629.80343338066
301,2024-08-13 13:00:00,24032.760002827446,20718.91927296385,29889.19678633801,24032.760002827446,24032.760002827446,1315.6833684082144,1315.6833684082144,1315.6833684082144,368.02072765688933,368.02072765688933,368.02072765688933,2551.8385941242723,2551.8385941242723,2551.8385941242723,196.4906060882467,196.4906060882467,196.4906060882467,2551.8385941242723,2551.8385941242723,2551.8385941242723,-181.29291952953773,-181.29291952953773,-181.29291952953773,-1619.3736399316558,-1619.3736399316558,-1619.3736399316558,0.0,0.0,0.0,25348.443371235662
302,2024-08-13 14:00:00,24032.810677024725,22484.306604304846,31739.64675113317,24032.810677024725,24032.810677024725,2703.2667685159704,2703.2667685159704,2703.2667685159704,554.4194560596438,554.4194560596438,554.4194560596438,3761.0488502492944,3761.0488502492944,3761.0488502492944,183.98044882095522,183.98044882095522,183.98044882095522,3761.0488502492944,3761.0488502492944,3761.0488502492944,-174.08915874679818,-174.08915874679818,-174.08915874679818,-1622.0928278671256,-1622.0928278671256,-1622.0928278671256,0.0,0.0,0.0,26736.077445540694
303,2024-08-13 15:00:00,24032.861351222,23024.364080464504,32224.081297380795,24032.861351222,24032.861351222,3328.2364159594717,3328.2364159594717,3328.2364159594717,743.2220194350954,743.2220194350954,743.2220194350954,4206.35022190175,4206.35022190175,4206.35022190175,171.0953245150826,171.0953245150826,171.0953245150826,4206.35022190175,4206.35022190175,4206.35022190175,-167.66703736711094,-167.66703736711094,-167.66703736711094,-1624.7641125253454,-1624.7641125253454,-1624.7641125253454,0.0,0.0,0.0,27361.097767181473
304,2024-08-13 16:00:00,24032.912025419275,24519.42181511152,34145.261354811155,24032.912025419275,24032.912025419275,5411.153679740324,5411.153679740324,5411.153679740324,918.6862356880353,918.6862356880353,918.6862356880353,6123.944401758906,6123.944401758906,6123.944401758906,157.89800790571954,157.89800790571954,157.89800790571954,6123.944401758906,6123.944401758906,6123.944401758906,-161.98753169978158,-161.98753169978158,-161.98753169978158,-1627.387433912555,-1627.387433912555,-1627.387433912555,0.0,0.0,0.0,29444.0657051596
305,2024-08-13 17:00:00,24032.962699616557,30841.21708039312,40150.58247245719,24032.962699616557,24032.962699616557,11740.276241102047,11740.276241102047,11740.276241102047,1072.8799105375085,1072.8799105375085,1072.8799105375085,12309.909769964082,12309.909769964082,12309.909769964082,144.45169792447965,144.45169792447965,144.45169792447965,12309.909769964082,12309.909769964082,12309.909769964082,-157.00240337071608,-157.00240337071608,-157.00240337071608,-1629.9627339533074,-1629.9627339533074,-1629.9627339533074,0.0,0.0,0.0,35773.238940718606
306,2024-08-13 18:00:00,24033.013373813832,34278.302185453475,44016.647476954386,24033.013373813832,24033.013373813832,15150.703103969527,15150.703103969527,15150.703103969527,1179.0448825379149,1179.0448825379149,1179.0448825379149,15625.983814184488,15625.983814184488,15625.983814184488,130.81961303972884,130.81961303972884,130.81961303972884,15625.983814184488,15625.983814184488,15625.983814184488,-152.6552493050873,-152.6552493050873,-152.6552493050873,-1632.4899564875184,-1632.4899564875184,-1632.4899564875184,0.0,0.0,0.0,39183.71647778336
307,2024-08-13 19:00:00,24033.06404801111,30226.08872528118,39813.4133756771,24033.06404801111,24033.06404801111,11307.611440282704,11307.611440282704,11307.611440282704,1196.1622846237774,1196.1622846237774,1196.1622846237774,11778.236237159841,11778.236237159841,11778.236237159841,117.0645948249743,117.0645948249743,117.0645948249743,11778.236237159841,11778.236237159841,11778.236237159841,-148.8826290567449,-148.8826290567449,-148.8826290567449,-1634.9690472691443,-1634.9690472691443,-1634.9690472691443,0.0,0.0,0.0,35340.67548829381
308,2024-08-13 20:00:00,24033.114722208386,28813.918909181717,38278.243346038864,24033.114722208386,24033.114722208386,9402.554344418271,9402.554344418271,9402.554344418271,1098.5103073372077,1098.5103073372077,1098.5103073372077,9983.810521802301,9983.810521802301,9983.810521802301,103.24872255740236,103.24872255740236,103.24872255740236,9983.810521802301,9983.810521802301,9983.810521802301,-145.61525331079423,-145.61525331079423,-145.61525331079423,-1637.3999539678439,-1637.3999539678439,-1637.3999539678439,0.0,0.0,0.0,33435.66906662666
309,2024-08-13 21:00:00,24033.165396405664,29368.226829045834,38575.89149295526,24033.165396405664,24033.165396405664,10117.571171094167,10117.571171094167,10117.571171094167,891.5583668509187,891.5583668509187,891.5583668509187,10919.14170570367,10919.14170570367,10919.14170570367,89.43294151343052,89.43294151343052,89.43294151343052,10919.14170570367,10919.14170570367,10919.14170570367,-142.7792168085591,-142.7792168085591,-142.7792168085591,-1639.7826261652942,-1639.7826261652942,-1639.7826261652942,0.0,0.0,0.0,34150.73656749983
310,2024-08-13 22:00:00,24033.216070602943,24678.146952408344,34689.21201328246,24033.216070602943,24033.216070602943,5795.717266948845,5795.717266948845,5795.717266948845,591.9068211311426,591.9068211311426,591.9068211311426,6910.548012248398,6910.548012248398,6910.548012248398,75.6767075110791,75.6767075110791,75.6767075110791,6910.548012248398,6910.548012248398,6910.548012248398,-140.29725858470073,-140.29725858470073,-140.29725858470073,-1642.1170153570736,-1642.1170153570736,-1642.1170153570736,0.0,0.0,0.0,29828.93333755179
311,2024-08-13 23:00:00,24033.266744800218,17134.6328640366,26189.46298266266,24033.266744800218,24033.266744800218,-2364.7460333538634,-2364.7460333538634,-2364.7460333538634,195.74085201928045,195.74085201928045,195.74085201928045,-840.0314282497437,-840.0314282497437,-840.0314282497437,62.03765005550555,62.03765005550555,62.03765005550555,-840.0314282497437,-840.0314282497437,-840.0314282497437,-138.0900322311844,-138.0900322311844,-138.0900322311844,-1644.4030749477206,-1644.4030749477206,-1644.4030749477206,0.0,0.0,0.0,21668.520711446356
312,2024-08-14 00:00:00,24033.3174189975,8523.651557966801,17928.52142813457,24033.3174189975,24033.3174189975,-10856.306284805796,-10856.306284805796,-10856.306284805796,-317.3808373346775,-317.3808373346775,-317.3808373346775,-8804.77857446099,-8804.77857446099,-8804.77857446099,48.571256282081755,48.571256282081755,48.571256282081755,-8804.77857446099,-8804.77857446099,-8804.77857446099,-136.07736903901352,-136.07736903901352,-136.07736903901352,-1646.6407602531974,-1646.6407602531974,-1646.6407602531974,0.0,0.0,0.0,13177.011134191704
313,2024-08-14 01:00:00,24033.368093194775,2840.672125531752,12384.196994650965,24033.368093194775,24033.368093194775,-16324.043197098468,-16324.043197098468,-16324.043197098468,-931.8802473622934,-931.8802473622934,-931.8802473622934,-13644.483981856421,-13644.483981856421,-13644.483981856421,35.3305777353808,35.3305777353808,35.3305777353808,-13644.483981856421,-13644.483981856421,-13644.483981856421,-134.17951711793958,-134.17951711793958,-134.17951711793958,-1648.8300284971945,-1648.8300284971945,-1648.8300284971945,0.0,0.0,0.0,7709.3248960963065
314,2024-08-14 02:00:00,24033.41876739205,-232.7802498969284,9031.2747292485,24033.41876739205,24033.41876739205,-19532.827915865844,-19532.827915865844,-19532.827915865844,-1540.6626251522027,-1540.6626251522027,-1540.6626251522027,-16231.242073494135,-16231.242073494135,-16231.242073494135,22.36596174530384,22.36596174530384,22.36596174530384,-16231.242073494135,-16231.242073494135,-16231.242073494135,-132.31834015465023,-132.31834015465023,-132.31834015465023,-1650.9708388101642,-1650.9708388101642,-1650.9708388101642,0.0,0.0,0.0,4500.590851526205
315,2024-08-14 03:00:00,24033.46944158933,-1344.9032673747358,7779.323504000637,24033.46944158933,24033.46944158933,-20718.9492173089,-20718.9492173089,-20718.9492173089,-1954.888873132431,-1954.888873132431,-1954.888873132431,-16990.303540759203,-16990.303540759203,-16990.303540759203,9.72480899815585,9.72480899815585,9.72480899815585,-16990.303540759203,-16990.303540759203,-16990.303540759203,-130.4184601855538,-130.4184601855538,-130.4184601855538,-1653.0631522298663,-1653.0631522298663,-1653.0631522298663,0.0,0.0,0.0,3314.52022428043
316,2024-08-14 04:00:00,24033.520115786603,218.90339770724768,9662.758842964648,24033.520115786603,24033.520115786603,-19426.04736647246,-19426.04736647246,-19426.04736647246,-1999.4652781664497,-1999.4652781664497,-1999.4652781664497,-15640.51818561673,-15640.51818561673,-15640.51818561673,-2.5486413138035995,-2.5486413138035995,-2.5486413138035995,-15640.51818561673,-15640.51818561673,-15640.51818561673,-128.4083296800075,-128.4083296800075,-128.4083296800075,-1655.106931695467,-1655.106931695467,-1655.106931695467,0.0,0.0,0.0,4607.472749314144
317,2024-08-14 05:00:00,24033.57078998388,3277.2049968089104,12530.337595849724,24033.57078998388,24033.57078998388,-16240.930217596631,-16240.930217596631,-16240.930217596631,-1634.2278334656198,-1634.2278334656198,-1634.2278334656198,-12808.965525000356,-12808.965525000356,-12808.965525000356,-14.413497697971463,-14.413497697971463,-14.413497697971463,-12808.965525000356,-12808.965525000356,-12808.965525000356,-126.22121938179625,-126.22121938179625,-126.22121938179625,-1657.1021420508887,-1657.1021420508887,-1657.1021420508887,0.0,0.0,0.0,7792.64057238725
318,2024-08-14 06:00:00,24033.62146418116,10114.058981424734,19921.330484257425,24033.62146418116,24033.62146418116,-9013.638634033006,-9013.638634033006,-9013.638634033006,-1003.2458673861805,-1003.2458673861805,-1003.2458673861805,-6201.71553403442,-6201.71553403442,-6201.71553403442,-25.83237299097454,-25.83237299097454,-25.83237299097454,-6201.71553403442,-6201.71553403442,-6201.71553403442,-123.79610958179684,-123.79610958179684,-123.79610958179684,-1659.0487500396328,-1659.0487500396328,-1659.0487500396328,0.0,0.0,0.0,15019.982830148154
319,2024-08-14 07:00:00,24033.672138378435,20806.58164837815,30212.63616862578,24033.672138378435,24033.672138378435,1447.8616401065003,1447.8616401065003,1447.8616401065003,-361.9678764034584,-361.9678764034584,-361.9678764034584,3628.626225626274,3628.626225626274,3628.626225626274,-36.77151080962628,-36.77151080962628,-36.77151080962628,3628.626225626274,3628.626225626274,3628.626225626274,-121.07847400268942,-121.07847400268942,-121.07847400268942,-1660.9467243040003,-1660.9467243040003,-1660.9467243040003,0.0,0.0,0.0,25481.533778484936
320,2024-08-14 08:00:00,24033.722812575717,30448.032240298726,39497.1652160957,24033.722812575717,24033.722812575717,10876.955175352767,10876.955175352767,10876.955175352767,71.60833917018948,71.60833917018948,71.60833917018948,12633.364699991693,12633.364699991693,12633.364699991693,-47.20088143360486,-47.20088143360486,-47.20088143360486,12633.364699991693,12633.364699991693,12633.364699991693,-118.02094699222455,-118.02094699222455,-118.02094699222455,-1662.7960353832875,-1662.7960353832875,-1662.7960353832875,0.0,0.0,0.0,34910.67798792849
321,2024-08-14 09:00:00,24033.773486772992,25974.65548488752,35050.55924946993,24033.773486772992,24033.773486772992,6640.301039465312,6640.301039465312,6640.301039465312,233.6490757274029,233.6490757274029,233.6490757274029,8242.926732873035,8242.926732873035,8242.926732873035,-57.09424698629634,-57.09424698629634,-57.09424698629634,8242.926732873035,8242.926732873035,8242.926732873035,-114.58386643746012,-114.58386643746012,-114.58386643746012,-1664.5966557113702,-1664.5966557113702,-1664.5966557113702,0.0,0.0,0.0,30674.074526238306
322,2024-08-14 10:00:00,24033.824160970267,20619.920638211235,30312.114877182,24033.824160970267,24033.824160970267,1198.0975111810917,1198.0975111810917,1198.0975111810917,218.53733280675922,218.53733280675922,218.53733280675922,2823.0736205983803,2823.0736205983803,2823.0736205983803,-66.42919602673366,-66.42919602673366,-66.42919602673366,2823.0736205983803,2823.0736205983803,2823.0736205983803,-110.73568658116805,-110.73568658116805,-110.73568658116805,-1666.3485596161454,-1666.3485596161454,-1666.3485596161454,0.0,0.0,0.0,25231.92167215136
323,2024-08-14 11:00:00,24033.874835167546,19881.443560434258,29192.800517719123,24033.874835167546,24033.874835167546,454.22062533842194,454.22062533842194,454.22062533842194,181.73159349061092,181.73159349061092,181.73159349061092,2122.1811598232894,2122.1811598232894,2122.1811598232894,-75.18714790602016,-75.18714790602016,-75.18714790602016,2122.1811598232894,2122.1811598232894,2122.1811598232894,-106.45325675509098,-106.45325675509098,-106.45325675509098,-1668.0517233143669,-1668.0517233143669,-1668.0517233143669,0.0,0.0,0.0,24488.095460505967
324,2024-08-14 12:00:00,24033.92550936482,20812.343555737334,30150.524299061286,24033.92550936482,24033.92550936482,1348.3660681321317,1348.3660681321317,1348.3660681321317,228.04123329598818,228.04123329598818,228.04123329598818,2975.106251197189,2975.106251197189,2975.106251197189,-83.35332751180043,-83.35332751180043,-83.35332751180043,2975.106251197189,2975.106251197189,2975.106251197189,-101.72196393625987,-101.72196393625987,-101.72196393625987,-1669.7061249129852,-1669.7061249129852,-1669.7061249129852,0.0,0.0,0.0,25382.29157749695
325,2024-08-14 13:00:00,24033.976183562103,22096.197445552967,31038.98298447493,24033.976183562103,24033.976183562103,2409.7787966684346,2409.7787966684346,2409.7787966684346,368.020727662521,368.020727662521,368.020727662521,3900.5222635377677,3900.5222635377677,3900.5222635377677,-90.91671119000576,-90.91671119000576,-90.91671119000576,3900.5222635377677,3900.5222635377677,3900.5222635377677,-96.53573893734041,-96.53573893734041,-96.53573893734041,-1671.311744404508,-1671.311744404508,-1671.311744404508,0.0,0.0,0.0,26443.754980230537
326,2024-08-14 14:00:00,24034.026857759378,23095.435310374265,32368.878850759083,24034.026857759378,24034.026857759378,3316.893469860902,3316.893469860902,3316.893469860902,554.4194560521048,554.4194560521048,554.4194560521048,4624.109450329782,4624.109450329782,4624.109450329782,-97.86994493459665,-97.86994493459665,-97.86994493459665,4624.109450329782,4624.109450329782,4624.109450329782,-90.89692792176639,-90.89692792176639,-90.89692792176639,-1672.8685636646223,-1672.8685636646223,-1672.8685636646223,0.0,0.0,0.0,27350.92032762028
327,2024-08-14 15:00:00,24034.077531956653,23091.879501697367,32646.63246422563,24034.077531956653,24034.077531956653,3945.9259488722487,3945.9259488722487,3945.9259488722487,743.2220194279299,743.2220194279299,743.2220194279299,5066.105764795306,5066.105764795306,5066.105764795306,-104.20923609361695,-104.20923609361695,-104.20923609361695,5066.105764795306,5066.105764795306,5066.105764795306,-84.81603280573819,-84.81603280573819,-84.81603280573819,-1674.3765664516316,-1674.3765664516316,-1674.3765664516316,0.0,0.0,0.0,27980.003480828902
328,2024-08-14 16:00:00,24034.128206153935,24921.0199348191,34653.891409105134,24034.128206153935,24034.128206153935,5626.935444774662,5626.935444774662,5626.935444774662,918.6862356928626,918.6862356928626,918.6862356928626,6572.330493452495,6572.330493452495,6572.330493452495,-109.9342200460142,-109.9342200460142,-109.9342200460142,6572.330493452495,6572.330493452495,6572.330493452495,-78.31132592402932,-78.31132592402932,-78.31132592402932,-1675.8357384006522,-1675.8357384006522,-1675.8357384006522,0.0,0.0,0.0,29661.063650928598
329,2024-08-14 17:00:00,24034.17888035121,29561.902969893392,39240.3359935878,24034.17888035121,24034.17888035121,10680.263949879287,10680.263949879287,10680.263949879287,1072.8799105369526,1072.8799105369526,1072.8799105369526,11471.086255921087,11471.086255921087,11471.086255921087,-115.0478035291382,-115.0478035291382,-115.0478035291382,11471.086255921087,11471.086255921087,11471.086255921087,-71.40834602507007,-71.40834602507007,-71.40834602507007,-1677.2460670245432,-1677.2460670245432,-1677.2460670245432,0.0,0.0,0.0,34714.442830230495
330,2024-08-14 18:00:00,24034.229554548485,30797.813214183527,40414.80943298163,24034.229554548485,24034.229554548485,11569.364182150133,11569.364182150133,11569.364182150133,1179.0448825352416,1179.0448825352416,1179.0448825352416,12252.622112057283,12252.622112057283,12252.622112057283,-119.55598640137994,-119.55598640137994,-119.55598640137994,12252.622112057283,12252.622112057283,12252.622112057283,-64.13928433177189,-64.13928433177189,-64.13928433177189,-1678.6075417092406,-1678.6075417092406,-1678.6075417092406,0.0,0.0,0.0,35603.59373669862
331,2024-08-14 19:00:00,24034.280228745763,27954.651213197787,37055.19288624542,24034.280228745763,24034.280228745763,8443.10087775592,8443.10087775592,8443.10087775592,1196.1622846252912,1196.1622846252912,1196.1622846252912,9106.868681536704,9106.868681536704,9106.868681536704,-123.46766384403801,-123.46766384403801,-123.46766384403801,9106.868681536704,9106.868681536704,9106.868681536704,-56.54227085184319,-56.54227085184319,-56.54227085184319,-1679.920153710194,-1679.920153710194,-1679.920153710194,0.0,0.0,0.0,32477.381106501685
332,2024-08-14 20:00:00,24034.33090294304,27249.005935694888,36481.45526324386,24034.33090294304,24034.33090294304,7865.540748368762,7865.540748368762,7865.540748368762,1098.5103073325747,1098.5103073325747,1098.5103073325747,8623.669320807445,8623.669320807445,8623.669320807445,-126.79441109740226,-126.79441109740226,-126.79441109740226,8623.669320807445,8623.669320807445,8623.669320807445,-48.66057252277894,-48.66057252277894,-48.66057252277894,-1681.183896151076,-1681.183896151076,-1681.183896151076,0.0,0.0,0.0,31899.8716513118
333,2024-08-14 21:00:00,24034.38157714032,31184.11231198063,41025.35756016706,24034.38157714032,24034.38157714032,11962.616354967397,11962.616354967397,11962.616354967397,891.5583668609108,891.5583668609108,891.5583668609108,12923.548721004205,12923.548721004205,12923.548721004205,-129.55025295571082,-129.55025295571082,-129.55025295571082,12923.548721004205,12923.548721004205,12923.548721004205,-40.541715921109,-40.541715921109,-40.541715921109,-1682.3987640208989,-1682.3987640208989,-1682.3987640208989,0.0,0.0,0.0,35996.99793210772
334,2024-08-14 22:00:00,24034.432251337596,28597.25006973107,38184.96665608777,24034.432251337596,24034.432251337596,9408.345389154509,9408.345389154509,9408.345389154509,591.9068211446476,591.9068211446476,591.9068211446476,10663.991290872624,10663.991290872624,10663.991290872624,-131.75142036623794,-131.75142036623794,-131.75142036623794,10663.991290872624,10663.991290872624,10663.991290872624,-32.236548325697136,-32.236548325697136,-32.236548325697136,-1683.5647541708288,-1683.5647541708288,-1683.5647541708288,0.0,0.0,0.0,33442.7776404921
335,2024-08-14 23:00:00,24034.48292553487,19659.324426006468,28805.665161305427,24034.48292553487,24034.48292553487,59.80892989272881,59.80892989272881,59.80892989272881,195.74085201367757,195.74085201367757,195.74085201367757,1705.9642914158242,1705.9642914158242,1705.9642914158242,-133.41609650175658,-133.41609650175658,-133.41609650175658,1705.9642914158242,1705.9642914158242,1705.9642914158242,-23.798251727044256,-23.798251727044256,-23.798251727044256,-1684.681865307972,-1684.681865307972,-1684.681865307972,0.0,0.0,0.0,24094.2918554276
336,2024-08-15 00:00:00,24034.533599732153,10626.514757533461,19966.07301879509,24034.533599732153,24034.533599732153,-9020.330466623855,-9020.330466623855,-9020.330466623855,-317.38083734477726,-317.38083734477726,-317.38083734477726,-6867.354051482251,-6867.354051482251,-6867.354051482251,-134.56415480729655,-134.56415480729655,-134.56415480729655,-6867.354051482251,-6867.354051482251,-6867.354051482251,-15.281324992394925,-15.281324992394925,-15.281324992394925,-1685.7500979971367,-1685.7500979971367,-1685.7500979971367,0.0,0.0,0.0,15014.203133108298
337,2024-08-15 01:00:00,24034.584273929428,4007.039280280085,13792.320467194777,24034.584273929428,24034.584273929428,-15183.982663178718,-15183.982663178718,-15183.982663178718,-931.8802473372981,-931.8802473372981,-931.8802473372981,-12423.375519858448,-12423.375519858448,-12423.375519858448,-135.21689147485202,-135.21689147485202,-135.21689147485202,-12423.375519858448,-12423.375519858448,-12423.375519858448,-6.740549853024337,-6.740549853024337,-6.740549853024337,-1686.7694546550943,-1686.7694546550943,-1686.7694546550943,0.0,0.0,0.0,8850.60161075071
338,2024-08-15 02:00:00,24034.634948126706,797.1585509310659,10073.546358813837,24034.634948126706,24034.634948126706,-18690.550063305174,-18690.550063305174,-18690.550063305174,-1540.662625164434,-1540.662625164434,-1540.662625164434,-15328.520787170479,-15328.520787170479,-15328.520787170479,-135.39675489190023,-135.39675489190023,-135.39675489190023,-15328.520787170479,-15328.520787170479,-15328.520787170479,1.7700434676233203,1.7700434676233203,1.7700434676233203,-1687.739939545985,-1687.739939545985,-1687.739939545985,0.0,0.0,0.0,5344.084884821532
339,2024-08-15 03:00:00,24034.68562232398,-916.9268023795745,8891.188258196313,24034.68562232398,24034.68562232398,-20058.77173988428,-20058.77173988428,-20058.77173988428,-1954.8888731310979,-1954.8888731310979,-1954.8888731310979,-16290.292428567294,-16290.292428567294,-16290.292428567294,-135.12707454065824,-135.12707454065824,-135.12707454065824,-16290.292428567294,-16290.292428567294,-16290.292428567294,10.198195135045696,10.198195135045696,10.198195135045696,-1688.6615587802746,-1688.6615587802746,-1688.6615587802746,0.0,0.0,0.0,3975.9138824397014
340,2024-08-15 04:00:00,24034.736296521256,644.2487833532281,10143.626243570186,24034.736296521256,24034.736296521256,-18714.596859827656,-18714.596859827656,-18714.596859827656,-1999.465278162975,-1999.465278162975,-1999.465278162975,-14909.65987301347,-14909.65987301347,-14909.65987301347,-134.43179183764335,-134.43179183764335,-134.43179183764335,-14909.65987301347,-14909.65987301347,-14909.65987301347,18.494403497404395,18.494403497404395,18.494403497404395,-1689.5343203109724,-1689.5343203109724,-1689.5343203109724,0.0,0.0,0.0,5320.1394366936
341,2024-08-15 05:00:00,24034.78697071854,3676.8545619457595,13363.686383573617,24034.78697071854,24034.78697071854,-15685.024313685413,-15685.024313685413,-15685.024313685413,-1634.2278334540238,-1634.2278334540238,-1634.2278334540238,-12253.71591759601,-12253.71591759601,-12253.71591759601,-133.33519534075938,-133.33519534075938,-133.33519534075938,-12253.71591759601,-12253.71591759601,-12253.71591759601,26.612866631867345,26.612866631867345,26.612866631867345,-1690.358233926487,-1690.358233926487,-1690.358233926487,0.0,0.0,0.0,8349.762657033125
342,2024-08-15 06:00:00,24034.837644915813,10710.56519938121,20345.217624780154,24034.837644915813,24034.837644915813,-8598.379509793087,-8598.379509793087,-8598.379509793087,-1003.2458673717376,-1003.2458673717376,-1003.2458673717376,-5806.651031623311,-5806.651031623311,-5806.651031623311,-131.8616626743345,-131.8616626743345,-131.8616626743345,-5806.651031623311,-5806.651031623311,-5806.651031623311,34.512363129299914,34.512363129299914,34.512363129299914,-1691.1333112530037,-1691.1333112530037,-1691.1333112530037,0.0,0.0,0.0,15436.458135122726
343,2024-08-15 07:00:00,24034.88831911309,20437.9970777234,30162.691685939917,24034.88831911309,24034.88831911309,1171.3976377008034,1171.3976377008034,1171.3976377008034,-361.9678763923934,-361.9678763923934,-361.9678763923934,3313.1034328472956,3313.1034328472956,3313.1034328472956,-130.03541145572297,-130.03541145572297,-130.03541145572297,3313.1034328472956,3313.1034328472956,3313.1034328472956,42.15705844682108,42.15705844682108,42.15705844682108,-1691.8595657451963,-1691.8595657451963,-1691.8595657451963,0.0,0.0,0.0,25206.285956813896
344,2024-08-15 08:00:00,24034.93899331037,29068.034604113473,38264.42370044465,24034.93899331037,24034.93899331037,9566.880999655952,9566.880999655952,9566.880999655952,71.60833917708673,71.60833917708673,71.60833917708673,11266.172710331386,11266.172710331386,11266.172710331386,-127.88026137382602,-127.88026137382602,-127.88026137382602,11266.172710331386,11266.172710331386,11266.172710331386,49.5172242077555,49.5172242077555,49.5172242077555,-1692.5370126864502,-1692.5370126864502,-1692.5370126864502,0.0,0.0,0.0,33601.819992966324
345,2024-08-15 09:00:00,24034.989667507645,25228.988689422153,34320.41952552548,24034.989667507645,24034.989667507645,5817.788405583232,5817.788405583232,5817.788405583232,233.64907572539911,233.64907572539911,233.64907572539911,7346.154549485856,7346.154549485856,7346.154549485856,-125.41940947404845,-125.41940947404845,-125.41940947404845,7346.154549485856,7346.154549485856,7346.154549485856,56.56985902738675,56.56985902738675,56.56985902738675,-1693.1656691813603,-1693.1656691813603,-1693.1656691813603,0.0,0.0,0.0,29852.778073090878
346,2024-08-15 10:00:00,24035.040341704924,21005.10520703034,30571.91727344131,24035.040341704924,24035.040341704924,1831.8407810454537,1831.8407810454537,1831.8407810454537,218.53733281572002,218.53733281572002,218.53733281572002,3366.425022129776,3366.425022129776,3366.425022129776,-122.67522054133023,-122.67522054133023,-122.67522054133023,3366.425022129776,3366.425022129776,3366.425022129776,63.299200796504635,63.299200796504635,63.299200796504635,-1693.7455541552174,-1693.7455541552174,-1693.7455541552174,0.0,0.0,0.0,25866.881122750376
347,2024-08-15 11:00:00,24035.0910159022,22201.689264815144,31700.77919306377,24035.0910159022,24035.0910159022,2559.0034134838093,2559.0034134838093,2559.0034134838093,181.73159348871548,181.73159348871548,181.73159348871548,4121.520420770529,4121.520420770529,4121.520420770529,-119.66903432834226,-119.66903432834226,-119.66903432834226,4121.520420770529,4121.520420770529,4121.520420770529,69.69712190057558,69.69712190057558,69.69712190057558,-1694.27668834767,-1694.27668834767,-1694.27668834767,0.0,0.0,0.0,26594.09442938601
348,2024-08-15 12:00:00,24035.14169009948,21785.129916913334,31215.883199730906,24035.14169009948,24035.14169009948,2122.132122440947,2122.132122440947,2122.132122440947,228.04123329829724,228.04123329829724,228.04123329829724,3629.507574209456,3629.507574209456,3629.507574209456,-116.4209911991411,-116.4209911991411,-116.4209911991411,3629.507574209456,3629.507574209456,3629.507574209456,75.76340044143234,75.76340044143234,75.76340044143234,-1694.759094309097,-1694.759094309097,-1694.759094309097,0.0,0.0,0.0,26157.27381254043
349,2024-08-15 13:00:00,24035.192364296756,21815.14221111393,31232.58676554991,24035.192364296756,24035.192364296756,2491.0082988119843,2491.0082988119843,2491.0082988119843,368.02072766815263,368.02072766815263,368.02072766815263,3849.624382859036,3849.624382859036,3849.624382859036,-112.94987758866218,-112.94987758866218,-112.94987758866218,3849.624382859036,3849.624382859036,3849.624382859036,81.50586227027861,81.50586227027861,81.50586227027861,-1695.1927963968203,-1695.1927963968203,-1695.1927963968203,0.0,0.0,0.0,26526.20066310874
350,2024-08-15 14:00:00,24035.24303849403,23369.503737036153,32494.569914069376,24035.24303849403,24035.24303849403,3907.9028895669103,3907.9028895669103,3907.9028895669103,554.4194560585294,554.4194560585294,554.4194560585294,5071.393856294396,5071.393856294396,5071.393856294396,-109.2729924685703,-109.2729924685703,-109.2729924685703,5071.393856294396,5071.393856294396,5071.393856294396,86.94039045389292,86.94039045389292,86.94039045389292,-1695.577820771337,-1695.577820771337,-1695.577820771337,0.0,0.0,0.0,27943.14592806094
351,2024-08-15 15:00:00,24035.29371269131,24303.75174636776,33453.709457297395,24035.29371269131,24035.29371269131,5191.207899629689,5191.207899629689,5191.207899629689,743.2220194254821,743.2220194254821,743.2220194254821,6157.215310774008,6157.215310774008,6157.215310774008,-105.4060358180282,-105.4060358180282,-105.4060358180282,6157.215310774008,6157.215310774008,6157.215310774008,92.09080063771685,92.09080063771685,92.09080063771685,-1695.9141953894887,-1695.9141953894887,-1695.9141953894887,0.0,0.0,0.0,29226.501612320997
352,2024-08-15 16:00:00,24035.344386888588,26536.181248577897,35896.33755876205,24035.344386888588,24035.344386888588,7100.344673659359,7100.344673659359,7100.344673659359,918.686235694914,918.686235694914,918.686235694914,7882.234825206005,7882.234825206005,7882.234825206005,-101.36301989264075,-101.36301989264075,-101.36301989264075,7882.234825206005,7882.234825206005,7882.234825206005,96.98858265494586,96.98858265494586,96.98858265494586,-1696.201950003865,-1696.201950003865,-1696.201950003865,0.0,0.0,0.0,31135.689060547946
353,2024-08-15 17:00:00,24035.395061085863,31411.69521689225,40660.501002165576,24035.395061085863,24035.395061085863,12166.572768891869,12166.572768891869,12166.572768891869,1072.879910531602,1072.879910531602,1072.879910531602,12785.617667736298,12785.617667736298,12785.617667736298,-97.15620385345188,-97.15620385345188,-97.15620385345188,12785.617667736298,12785.617667736298,12785.617667736298,101.67251063183109,101.67251063183109,101.67251063183109,-1696.4411161544108,-1696.4411161544108,-1696.4411161544108,0.0,0.0,0.0,36201.96782997773
354,2024-08-15 18:00:00,24035.44573528314,32045.47390494413,41037.0025218926,24035.44573528314,24035.44573528314,12752.724051538082,12752.724051538082,12752.724051538082,1179.0448825330982,1179.0448825330982,1179.0448825330982,13256.91882259261,13256.91882259261,13256.91882259261,-92.79605211242675,-92.79605211242675,-92.79605211242675,13256.91882259261,13256.91882259261,13256.91882259261,106.18812569247382,106.18812569247382,106.18812569247382,-1696.631727167673,-1696.631727167673,-1696.631727167673,0.0,0.0,0.0,36788.16978682122
355,2024-08-15 19:00:00,24035.496409480416,29928.240915944705,39440.71982025075,24035.496409480416,24035.496409480416,10614.672060865121,10614.672060865121,10614.672060865121,1196.1622846228393,1196.1622846228393,1196.1622846228393,11092.987713736222,11092.987713736222,11092.987713736222,-88.29121653161374,-88.29121653161374,-88.29121653161374,11092.987713736222,11092.987713736222,11092.987713736222,110.587097185516,110.587097185516,110.587097185516,-1696.7738181478426,-1696.7738181478426,-1696.7738181478426,0.0,0.0,0.0,34650.16847034554
356,2024-08-15 20:00:00,24035.5470836777,28184.38518430899,37542.799776863256,24035.5470836777,24035.5470836777,8798.465299810467,8798.465299810467,8798.465299810467,1098.5103073386585,1098.5103073386585,1098.5103073386585,9365.544490700475,9365.544490700475,9365.544490700475,-83.64854237357648,-83.64854237357648,-83.64854237357648,9365.544490700475,9365.544490700475,9365.544490700475,114.92647012128172,114.92647012128172,114.92647012128172,-1696.867425976372,-1696.867425976372,-1696.867425976372,0.0,0.0,0.0,32834.01238348817
357,2024-08-15 21:00:00,24035.597757874973,30045.295070786407,39172.628949435166,24035.597757874973,24035.597757874973,10481.603192356857,10481.603192356857,10481.603192356857,891.5583668595208,891.5583668595208,891.5583668595208,11246.562704355601,11246.562704355601,11246.562704355601,-78.87309769965549,-78.87309769965549,-78.87309769965549,11246.562704355601,11246.562704355601,11246.562704355601,119.26780814634668,119.26780814634668,119.26780814634668,-1696.9125893049543,-1696.9125893049543,-1696.9125893049543,0.0,0.0,0.0,34517.20095023183
358,2024-08-15 22:00:00,24035.64843207225,28631.62759509045,37695.393344641554,24035.64843207225,24035.64843207225,8812.618672929912,8812.618672929912,8812.618672929912,591.9068211291936,591.9068211291936,591.9068211291936,9867.913183113933,9867.913183113933,9867.913183113933,-73.96822569525462,-73.96822569525462,-73.96822569525462,9867.913183113933,9867.913183113933,9867.913183113933,123.6762429307831,123.6762429307831,123.6762429307831,-1696.909348548744,-1696.909348548744,-1696.909348548744,0.0,0.0,0.0,32848.26710500216
359,2024-08-15 23:00:00,24035.699106269527,22919.324573112688,32246.262603895597,24035.699106269527,24035.699106269527,3431.037017154466,3431.037017154466,3431.037017154466,195.740852031377,195.740852031377,195.740852031377,4872.870087932761,4872.870087932761,4872.870087932761,-68.93561917340388,-68.93561917340388,-68.93561917340388,4872.870087932761,4872.870087932761,4872.870087932761,128.21944224988795,128.21944224988795,128.21944224988795,-1696.8577458861562,-1696.8577458861562,-1696.8577458861562,0.0,0.0,0.0,27466.736123423994
360,2024-08-16 00:00:00,24035.749780466802,14461.952127199731,24156.428087656415,24035.749780466802,24035.749780466802,-4489.507156723325,-4489.507156723325,-4489.507156723325,-317.38083732234156,-317.38083732234156,-317.38083732234156,-2544.559588122772,-2544.559588122772,-2544.559588122772,-63.77541632174526,-63.77541632174526,-63.77541632174526,-2544.559588122772,-2544.559588122772,-2544.559588122772,132.96651029418982,132.96651029418982,132.96651029418982,-1696.7578252506562,-1696.7578252506562,-1696.7578252506562,0.0,0.0,0.0,19546.242623743477
361,2024-08-16 01:00:00,24035.800454664084,8410.631944922015,17697.93904027259,24035.800454664084,24035.800454664084,-10971.703325100214,-10971.703325100214,-10971.703325100214,-931.8802473505758,-931.8802473505758,-931.8802473505758,-8422.71396365181,-8422.71396365181,-8422.71396365181,-58.48631656496698,-58.48631656496698,-58.48631656496698,-8422.71396365181,-8422.71396365181,-8422.71396365181,137.98683479313263,137.98683479313263,137.98683479313263,-1696.6096323259953,-1696.6096323259953,-1696.6096323259953,0.0,0.0,0.0,13064.09712956387
362,2024-08-16 02:00:00,24035.85112886136,3747.006576408775,13148.705414163476,24035.85112886136,24035.85112886136,-15488.202760041653,-15488.202760041653,-15488.202760041653,-1540.6626251430441,-1540.6626251430441,-1540.6626251430441,-12341.410101622567,-12341.410101622567,-12341.410101622567,-53.06571521015092,-53.06571521015092,-53.06571521015092,-12341.410101622567,-12341.410101622567,-12341.410101622567,143.3488964751063,143.3488964751063,143.3488964751063,-1696.4132145409965,-1696.4132145409965,-1696.4132145409965,0.0,0.0,0.0,8547.648368819706
363,2024-08-16 03:00:00,24035.901803058634,1005.6005917879429,10613.643502923029,24035.901803058634,24035.901803058634,-18045.09466861174,-18045.09466861174,-18045.09466861174,-1954.8888731212737,-1954.8888731212737,-1954.8888731212737,-14495.646376063956,-14495.646376063956,-14495.646376063956,-47.509855390765395,-47.509855390765395,-47.509855390765395,-14495.646376063956,-14495.646376063956,-14495.646376063956,149.1190570292356,149.1190570292356,149.1190570292356,-1696.1686210649796,-1696.1686210649796,-1696.1686210649796,0.0,0.0,0.0,5990.807134446895
364,2024-08-16 04:00:00,24035.952477255916,2116.933984358095,11277.198457898794,24035.952477255916,24035.952477255916,-17341.95581779589,-17341.95581779589,-17341.95581779589,-1999.4652781696075,-1999.4652781696075,-1999.4652781696075,-13760.160983398993,-13760.160983398993,-13760.160983398993,-41.813995663091816,-41.813995663091816,-41.813995663091816,-13760.160983398993,-13760.160983398993,-13760.160983398993,155.36034223928812,155.36034223928812,155.36034223928812,-1695.8759028034829,-1695.8759028034829,-1695.8759028034829,0.0,0.0,0.0,6693.996659460026
365,2024-08-16 05:00:00,24036.00315145319,4302.491122810919,13421.32498532286,24036.00315145319,24036.00315145319,-15059.170995200015,-15059.170995200015,-15059.170995200015,-1634.2278334424286,-1634.2278334424286,-1634.2278334424286,-11855.566695143763,-11855.566695143763,-11855.566695143763,-35.97259144605858,-35.97259144605858,-35.97259144605858,-11855.566695143763,-11855.566695143763,-11855.566695143763,162.13123722197716,162.13123722197716,162.13123722197716,-1695.5351123897426,-1695.5351123897426,-1695.5351123897426,0.0,0.0,0.0,8976.832156253176
366,2024-08-16 06:00:00,24036.05382565047,10584.391460840503,19734.260690554685,24036.05382565047,24036.05382565047,-9023.024223923423,-9023.024223923423,-9023.024223923423,-1003.2458673984027,-1003.2458673984027,-1003.2458673984027,-6464.137074676713,-6464.137074676713,-6464.137074676713,-29.979488403171224,-29.979488403171224,-29.979488403171224,-6464.137074676713,-6464.137074676713,-6464.137074676713,169.48451073695477,169.48451073695477,169.48451073695477,-1695.1463041820898,-1695.1463041820898,-1695.1463041820898,0.0,0.0,0.0,15013.029601727047
367,2024-08-16 07:00:00,24036.104499847745,17664.2286629009,27540.69387720463,24036.104499847745,24036.104499847745,-1385.7940611620984,-1385.7940611620984,-1385.7940611620984,-361.967876414452,-361.967876414452,-361.967876414452,517.2453898497714,517.2453898497714,517.2453898497714,-23.82812570645615,-23.82812570645615,-23.82812570645615,517.2453898497714,517.2453898497714,517.2453898497714,177.46608536699748,177.46608536699748,177.46608536699748,-1694.7095342579591,-1694.7095342579591,-1694.7095342579591,0.0,0.0,0.0,22650.310438685647
368,2024-08-16 08:00:00,24036.15517404502,24028.723492772206,33690.8201824485,24036.15517404502,24036.15517404502,4680.726623530973,4680.726623530973,4680.726623530973,71.60833918120795,71.60833918120795,71.60833918120795,6134.74092190288,6134.74092190288,6134.74092190288,-17.51174708716824,-17.51174708716824,-17.51174708716824,6134.74092190288,6134.74092190288,6134.74092190288,186.11396994239246,186.11396994239246,186.11396994239246,-1694.2248604083384,-1694.2248604083384,-1694.2248604083384,0.0,0.0,0.0,28716.881797575992
369,2024-08-16 09:00:00,24036.2058482423,21430.75184151016,30940.42837923811,24036.2058482423,24036.2058482423,2464.507207550579,2464.507207550579,2464.507207550579,233.64907572339507,233.64907572339507,233.64907572339507,3740.1168213987344,3740.1168213987344,3740.1168213987344,-11.023617437335346,-11.023617437335346,-11.023617437335346,3740.1168213987344,3740.1168213987344,3740.1168213987344,195.45726999541844,195.45726999541844,195.45726999541844,-1693.6923421296337,-1693.6923421296337,-1693.6923421296337,0.0,0.0,0.0,26500.71305579288
370,2024-08-16 10:00:00,24036.256522439577,19700.053088439112,29272.95285196778,24036.256522439577,24036.256522439577,504.1572044297633,504.1572044297633,504.1572044297633,218.53733281770315,218.53733281770315,218.53733281770315,1777.5738637993213,1777.5738637993213,1777.5738637993213,-4.357242740187906,-4.357242740187906,-4.357242740187906,1777.5738637993213,1777.5738637993213,1777.5738637993213,205.51529117465802,205.51529117465802,205.51529117465802,-1693.1120406217312,-1693.1120406217312,-1693.1120406217312,0.0,0.0,0.0,24540.41372686934
371,2024-08-16 11:00:00,24036.307196636855,20079.56671274291,29510.710938818014,24036.307196636855,24036.307196636855,690.5251426212302,690.5251426212302,690.5251426212302,181.73159349408928,181.73159349408928,181.73159349408928,1982.4874093890207,1982.4874093890207,1982.4874093890207,2.4934089923514726,2.4934089923514726,2.4934089923514726,1982.4874093890207,1982.4874093890207,1982.4874093890207,216.29674952669308,216.29674952669308,216.29674952669308,-1692.4840187809245,-1692.4840187809245,-1692.4840187809245,0.0,0.0,0.0,24726.832339258086
372,2024-08-16 12:00:00,24036.357870834134,21284.89041006612,31065.728260136486,24036.357870834134,24036.357870834134,2169.7362183074943,2169.7362183074943,2169.7362183074943,228.04123330060634,228.04123330060634,228.04123330060634,3396.1705368121525,3396.1705368121525,3396.1705368121525,9.533688061674889,9.533688061674889,9.533688061674889,3396.1705368121525,3396.1705368121525,3396.1705368121525,227.79910132608134,227.79910132608134,227.79910132608134,-1691.808341193021,-1691.808341193021,-1691.808341193021,0.0,0.0,0.0,26206.09408914163
373,2024-08-16 13:00:00,24036.40854503141,22347.541937172024,32013.58299016175,24036.40854503141,24036.40854503141,3135.655183271127,3135.655183271127,3135.655183271127,368.0207276625891,368.0207276625891,368.0207276625891,4201.943478985842,4201.943478985842,4201.943478985842,16.768047003203186,16.768047003203186,16.768047003203186,4201.943478985842,4201.943478985842,4201.943478985842,240.00800374693938,240.00800374693938,240.00800374693938,-1691.0850741274467,-1691.0850741274467,-1691.0850741274467,0.0,0.0,0.0,27172.063728302535
374,2024-08-16 14:00:00,24036.459219228687,24478.806552668448,33769.06773982101,24036.459219228687,24036.459219228687,5102.757842342258,5102.757842342258,5102.757842342258,554.4194560649541,554.4194560649541,554.4194560649541,5961.555925307713,5961.555925307713,5961.555925307713,24.199830391921385,24.199830391921385,24.199830391921385,5961.555925307713,5961.555925307713,5961.555925307713,252.89691611182678,252.89691611182678,252.89691611182678,-1690.3142855341569,-1690.3142855341569,-1690.3142855341569,0.0,0.0,0.0,29139.217061570947
375,2024-08-16 15:00:00,24036.509893425962,25211.916202190536,34643.02376932807,24036.509893425962,24036.509893425962,5807.095028774192,5807.095028774192,5807.095028774192,743.2220194303032,743.2220194303032,743.2220194303032,6455.111131889355,6455.111131889355,6455.111131889355,31.831072718981527,31.831072718981527,31.831072718981527,6455.111131889355,6455.111131889355,6455.111131889355,266.4268497683868,266.4268497683868,266.4268497683868,-1689.4960450328356,-1689.4960450328356,-1689.4960450328356,0.0,0.0,0.0,29843.604922200153
376,2024-08-16 16:00:00,24036.560567623237,26818.34942185735,36256.63683246931,24036.560567623237,24036.560567623237,7457.397313814006,7457.397313814006,7457.397313814006,918.6862356969655,918.6862356969655,918.6862356969655,7907.132922680882,7907.132922680882,7907.132922680882,39.66230654182863,39.66230654182863,39.66230654182863,7907.132922680882,7907.132922680882,7907.132922680882,280.5462728058984,280.5462728058984,280.5462728058984,-1688.6304239115677,-1688.6304239115677,-1688.6304239115677,0.0,0.0,0.0,31493.957881437243
377,2024-08-16 17:00:00,24036.61124182052,30538.16785265015,40105.977780466426,24036.61124182052,24036.61124182052,11234.60650874477,11234.60650874477,11234.60650874477,1072.8799105310466,1072.8799105310466,1072.8799105310466,11506.560536394143,11506.560536394143,11506.560536394143,47.69238297005831,47.69238297005831,47.69238297005831,11506.560536394143,11506.560536394143,11506.560536394143,295.1911739676159,295.1911739676159,295.1911739676159,-1687.7174951180934,-1687.7174951180934,-1687.7174951180934,0.0,0.0,0.0,35271.21775056529
378,2024-08-16 18:00:00,24036.661916017794,37740.618440739956,47064.33186185263,24036.661916017794,24036.661916017794,18216.435228768278,18216.435228768278,18216.435228768278,1179.0448825440112,1179.0448825440112,1179.0448825440112,18357.944084901355,18357.944084901355,18357.944084901355,55.91830647449146,55.91830647449146,55.91830647449146,18357.944084901355,18357.944084901355,18357.944084901355,310.28528810063455,310.28528810063455,310.28528810063455,-1686.7573332522152,-1686.7573332522152,-1686.7573332522152,0.0,0.0,0.0,42253.09714478607
379,2024-08-16 19:00:00,24036.71259021507,35320.126152360834,44497.23392101408,24036.71259021507,24036.71259021507,16095.161826871368,16095.161826871368,16095.161826871368,1196.1622846203875,1196.1622846203875,1196.1622846203875,16194.673987482352,16194.673987482352,16194.673987482352,64.33508587630182,64.33508587630182,64.33508587630182,16194.673987482352,16194.673987482352,16194.673987482352,325.74048345745126,325.74048345745126,325.74048345745126,-1685.7500145651254,-1685.7500145651254,-1685.7500145651254,0.0,0.0,0.0,40131.87441708644
380,2024-08-16 20:00:00,24036.76326441235,29048.185842238017,38127.71129146437,24036.76326441235,24036.76326441235,9504.868143339778,9504.868143339778,9504.868143339778,1098.510307336802,1098.510307336802,1098.510307336802,9676.660540563546,9676.660540563546,9676.660540563546,72.93560322774606,72.93560322774606,72.93560322774606,9676.660540563546,9676.660540563546,9676.660540563546,341.4573091563327,341.4573091563327,341.4573091563327,-1684.6956169446482,-1684.6956169446482,-1684.6956169446482,0.0,0.0,0.0,33541.63140775213
381,2024-08-16 21:00:00,24036.813938609626,29274.34432799764,38652.36538493205,24036.813938609626,24036.813938609626,10127.891470874763,10127.891470874763,10127.891470874763,891.5583668581304,891.5583668581304,891.5583668581304,10480.891122716666,10480.891122716666,10480.891122716666,81.71050218508303,81.71050218508303,81.71050218508303,10480.891122716666,10480.891122716666,10480.891122716666,357.32569903233525,357.32569903233525,357.32569903233525,-1683.5942199174542,-1683.5942199174542,-1683.5942199174542,0.0,0.0,0.0,34164.70540948439
382,2024-08-16 22:00:00,24036.864612806905,31837.018566128085,41458.945824095805,24036.864612806905,24036.864612806905,12360.781333096844,12360.781333096844,12360.781333096844,591.906821126796,591.906821126796,591.906821126796,12987.446493284862,12987.446493284862,12987.446493284862,90.64809723172218,90.64809723172218,90.64809723172218,12987.446493284862,12987.446493284862,12987.446493284862,373.2258260897312,373.2258260897312,373.2258260897312,-1682.4459046362663,-1682.4459046362663,-1682.4459046362663,0.0,0.0,0.0,36397.64594590375
383,2024-08-16 23:00:00,24036.91528700418,31806.163171224376,40852.925312945685,24036.91528700418,24036.91528700418,12097.34317486826,12097.34317486826,12097.34317486826,195.74085201850494,195.74085201850494,195.74085201850494,13094.089671849824,13094.089671849824,13094.089671849824,99.73430501679397,99.73430501679397,99.73430501679397,13094.089671849824,13094.089671849824,13094.089671849824,389.0290998592403,389.0290998592403,389.0290998592403,-1681.2507538761056,-1681.2507538761056,-1681.2507538761056,0.0,0.0,0.0,36134.258461872436
384,2024-08-17 00:00:00,24036.965961201455,26311.49331412475,35357.37086470948,24036.965961201455,24036.965961201455,6922.7994387055805,6922.7994387055805,6922.7994387055805,-317.3808373324413,-317.3808373324413,-317.3808373324413,8406.637232199,8406.637232199,8406.637232199,108.95259882526508,108.95259882526508,108.95259882526508,8406.637232199,8406.637232199,8406.637232199,404.5992970424937,404.5992970424937,404.5992970424937,-1680.0088520287366,-1680.0088520287366,-1680.0088520287366,0.0,0.0,0.0,30959.765399907035
385,2024-08-17 01:00:00,24037.016635398737,20259.222330869914,29544.534325289653,24037.016635398737,24037.016635398737,881.2108166565832,881.2108166565832,881.2108166565832,-931.8802473526582,-931.8802473526582,-931.8802473526582,2953.7335480550378,2953.7335480550378,2953.7335480550378,118.28398699632233,118.28398699632233,118.28398699632233,2953.7335480550378,2953.7335480550378,2953.7335480550378,419.79381404886544,419.79381404886544,419.79381404886544,-1678.7202850909841,-1678.7202850909841,-1678.7202850909841,0.0,0.0,0.0,24918.227452055322
386,2024-08-17 02:00:00,24037.067309596012,14810.857982592479,24279.57347547696,24037.067309596012,24037.067309596012,-4684.4057140938385,-4684.4057140938385,-4684.4057140938385,-1540.6626251552755,-1540.6626251552755,-1540.6626251552755,-2028.5299926700013,-2028.5299926700013,-2028.5299926700013,127.70701595313778,127.70701595313778,127.70701595313778,-2028.5299926700013,-2028.5299926700013,-2028.5299926700013,434.46502844442216,434.46502844442216,434.46502844442216,-1677.3851406661208,-1677.3851406661208,-1677.3851406661208,0.0,0.0,0.0,19352.661595502173
387,2024-08-17 03:00:00,24037.11798379329,9100.731478827114,18328.285399903747,24037.11798379329,24037.11798379329,-10122.568179528149,-10122.568179528149,-10122.568179528149,-1954.8888731272095,-1954.8888731272095,-1954.8888731272095,-7077.335351425244,-7077.335351425244,-7077.335351425244,137.19779821130246,137.19779821130246,137.19779821130246,-7077.335351425244,-7077.335351425244,-7077.335351425244,448.46175476152763,448.46175476152763,448.46175476152763,-1676.0035079485249,-1676.0035079485249,-1676.0035079485249,0.0,0.0,0.0,13914.549804265142
388,2024-08-17 04:00:00,24037.16865799057,4831.7745096880335,14728.172370181046,24037.16865799057,24037.16865799057,-14315.76012997971,-14315.76012997971,-14315.76012997971,-1999.465278166133,-1999.465278166133,-1999.465278166133,-11250.080218498073,-11250.080218498073,-11250.080218498073,146.73006557754212,146.73006557754212,146.73006557754212,-11250.080218498073,-11250.080218498073,-11250.080218498073,461.6307788300141,461.6307788300141,461.6307788300141,-1674.5754777230602,-1674.5754777230602,-1674.5754777230602,0.0,0.0,0.0,9721.40852801086
389,2024-08-17 05:00:00,24037.219332187844,3678.5935724382275,12806.983030660807,24037.219332187844,24037.219332187844,-15924.2310455095,-15924.2310455095,-15924.2310455095,-1634.227833463412,-1634.227833463412,-1634.227833463412,-13246.995770841562,-13246.995770841562,-13246.995770841562,156.27524749997252,156.27524749997252,156.27524749997252,-13246.995770841562,-13246.995770841562,-13246.995770841562,473.81845365079744,473.81845365079744,473.81845365079744,-1673.101142355294,-1673.101142355294,-1673.101142355294,0.0,0.0,0.0,8112.988286678345
390,2024-08-17 06:00:00,24037.270006385123,6244.287468045626,15772.044361657485,24037.270006385123,24037.270006385123,-13186.096910179022,-13186.096910179022,-13186.096910179022,-1003.2458673970161,-1003.2458673970161,-1003.2458673970161,-11161.945360179921,-11161.945360179921,-11161.945360179921,165.80257431156357,165.80257431156357,165.80257431156357,-11161.945360179921,-11161.945360179921,-11161.945360179921,484.87233887093566,484.87233887093566,484.87233887093566,-1671.5805957845841,-1671.5805957845841,-1671.5805957845841,0.0,0.0,0.0,10851.173096206101
391,2024-08-17 07:00:00,24037.320680582397,9536.549890782697,18335.310668704806,24037.320680582397,24037.320680582397,-10091.042336165327,-10091.042336165327,-10091.042336165327,-361.9678764033871,-361.9678764033871,-361.9678764033871,-8728.982596307382,-8728.982596307382,-8728.982596307382,175.27920487995038,175.27920487995038,175.27920487995038,-8728.982596307382,-8728.982596307382,-8728.982596307382,494.64286518480674,494.64286518480674,494.64286518480674,-1670.0139335193173,-1670.0139335193173,-1670.0139335193173,0.0,0.0,0.0,13946.278344417071
392,2024-08-17 08:00:00,24037.37135477968,12615.2056487346,21947.419171519527,24037.37135477968,24037.37135477968,-6769.771163328859,-6769.771163328859,-6769.771163328859,71.60833916972231,71.60833916972231,71.60833916972231,-5860.633632343178,-5860.633632343178,-5860.633632343178,184.6703779655504,184.6703779655504,184.6703779655504,-5860.633632343178,-5860.633632343178,-5860.633632343178,502.9850045050682,502.9850045050682,502.9850045050682,-1668.4012526260212,-1668.4012526260212,-1668.4012526260212,0.0,0.0,0.0,17267.60019145082
393,2024-08-17 09:00:00,24037.422028976955,17068.9625226859,26611.888275247107,24037.422028976955,24037.44823236793,-2257.097723437386,-2257.097723437386,-2257.097723437386,233.6490757214991,233.6490757214991,233.6490757214991,-1527.703660277112,-1527.703660277112,-1527.703660277112,193.93958638401756,193.93958638401756,193.93958638401756,-1527.703660277112,-1527.703660277112,-1527.703660277112,509.7599264599989,509.7599264599989,509.7599264599989,-1666.7426517257898,-1666.7426517257898,-1666.7426517257898,0.0,0.0,0.0,21780.32430553957
394,2024-08-17 10:00:00,24037.47270317423,19679.105262499193,29181.046148607224,24037.47270317423,24037.551313347158,642.2159890049068,642.2159890049068,642.2159890049068,218.53733281360766,218.53733281360766,218.53733281360766,1370.8314926610574,1370.8314926610574,1370.8314926610574,203.04877281273463,203.04877281273463,203.04877281273463,1370.8314926610574,1370.8314926610574,1370.8314926610574,514.8366217024471,514.8366217024471,514.8366217024471,-1665.0382309849404,-1665.0382309849404,-1665.0382309849404,0.0,0.0,0.0,24679.688692179137
395,2024-08-17 11:00:00,24037.523377371508,22374.85234433791,31893.09122557991,24037.523377371508,24038.089772484556,3006.239313170201,3006.239313170201,3006.239313170201,181.73159349427556,181.73159349427556,181.73159349427556,3757.7437930623646,3757.7437930623646,3757.7437930623646,211.9585459538496,211.9585459538496,211.9585459538496,3757.7437930623646,3757.7437930623646,3757.7437930623646,518.0934727694302,518.0934727694302,518.0934727694302,-1663.2880921097187,-1663.2880921097187,-1663.2880921097187,0.0,0.0,0.0,27043.76269054171
396,2024-08-17 12:00:00,24037.574051568787,23831.157921841437,33037.605120956774,24037.574051568787,24039.063609780118,4388.787440524273,4388.787440524273,4388.787440524273,228.04123329675392,228.04123329675392,228.04123329675392,5082.190376438368,5082.190376438368,5082.190376438368,220.62841550984436,220.62841550984436,220.62841550984436,5082.190376438368,5082.190376438368,5082.190376438368,519.4197536155616,519.4197536155616,519.4197536155616,-1661.4923383362552,-1661.4923383362552,-1661.4923383362552,0.0,0.0,0.0,28426.36149209306
397,2024-08-17 13:00:00,24037.624725766065,25009.9382315288,34654.33320532878,24037.624725766065,24039.98907718962,5450.710234297358,5450.710234297358,5450.710234297358,368.02072765583176,368.02072765583176,368.02072765583176,5994.60649717702,5994.60649717702,5994.60649717702,229.0170442701287,229.0170442701287,229.0170442701287,5994.60649717702,5994.60649717702,5994.60649717702,518.7170396189892,518.7170396189892,518.7170396189892,-1659.651074424612,-1659.651074424612,-1659.651074424612,0.0,0.0,0.0,29488.334960063425
398,2024-08-17 14:00:00,24037.67539996334,25730.72068205786,34925.19829906962,24037.67539996334,24040.608163126275,6353.289507998435,6353.289507998435,6353.289507998435,554.4194560713787,554.4194560713787,554.4194560713787,6703.65143234654,6703.65143234654,6703.65143234654,237.08251546144777,237.08251546144777,237.08251546144777,6703.65143234654,6703.65143234654,6703.65143234654,515.9005107722825,515.9005107722825,515.9005107722825,-1657.7644066532139,-1657.7644066532139,-1657.7644066532139,0.0,0.0,0.0,30390.964907961774
399,2024-08-17 15:00:00,24037.726074160615,27352.866364758433,36807.13719371277,24037.726074160615,24041.227249062926,8023.643642383669,8023.643642383669,8023.643642383669,743.2220194231379,743.2220194231379,743.2220194231379,8180.571320612943,8180.571320612943,8180.571320612943,244.7826133303924,244.7826133303924,244.7826133303924,8180.571320612943,8180.571320612943,8180.571320612943,510.90013182567986,510.90013182567986,510.90013182567986,-1655.8324428084848,-1655.8324428084848,-1655.8324428084848,0.0,0.0,0.0,32061.369716544286
400,2024-08-17 16:00:00,24037.776748357897,28731.83365941347,38447.999326878875,24037.776748357897,24041.846334999576,9615.703549431226,9615.703549431226,9615.703549431226,918.6862356904169,918.6862356904169,918.6862356904169,9595.135796619255,9595.135796619255,9595.135796619255,252.07511480115156,252.07511480115156,252.07511480115156,9595.135796619255,9595.135796619255,9595.135796619255,503.66169449785366,503.66169449785366,503.66169449785366,-1653.8552921774535,-1653.8552921774535,-1653.8552921774535,0.0,0.0,0.0,33653.48029778912
401,2024-08-17 17:00:00,24037.827422555172,32682.675725875706,42046.04559739918,24037.827422555172,24042.465420936227,13317.77817293739,13317.77817293739,13317.77817293739,1072.8799105416863,1072.8799105416863,1072.8799105416863,13143.665529653787,13143.665529653787,13143.665529653787,258.9180899416443,258.9180899416443,258.9180899416443,13143.665529653787,13143.665529653787,13143.665529653787,494.14770834292614,494.14770834292614,494.14770834292614,-1651.8330655426507,-1651.8330655426507,-1651.8330655426507,0.0,0.0,0.0,37355.60559549256
402,2024-08-17 18:00:00,24037.878096752447,33555.43874722243,43235.688747828935,24037.878096752447,24043.045661211207,14697.847308570881,14697.847308570881,14697.847308570881,1179.044882541868,1179.044882541868,1179.044882541868,14420.95996382958,14420.95996382958,14420.95996382958,265.2702088571401,265.2702088571401,265.2702088571401,14420.95996382958,14420.95996382958,14420.95996382958,482.33812851562834,482.33812851562834,482.33812851562834,-1649.765875173335,-1649.765875173335,-1649.765875173335,0.0,0.0,0.0,38735.72540532333
403,2024-08-17 19:00:00,24037.928770949726,36282.74371739116,46044.30536565185,24037.928770949726,24043.59209415138,16935.517572098102,16935.517572098102,16935.517572098102,1196.1622846219013,1196.1622846219013,1196.1622846219013,16647.68715923765,16647.68715923765,16647.68715923765,271.0910525513433,271.0910525513433,271.0910525513433,16647.68715923765,16647.68715923765,16647.68715923765,468.2309105027329,468.2309105027329,468.2309105027329,-1647.6538348155218,-1647.6538348155218,-1647.6538348155218,0.0,0.0,0.0,40973.44634304783
404,2024-08-17 20:00:00,24037.979445147004,33114.25209335226,42612.596835575256,24037.979445147004,24044.121356226195,13908.31534841869,13908.31534841869,13908.31534841869,1098.5103073349455,1098.5103073349455,1098.5103073349455,13727.11829171994,13727.11829171994,13727.11829171994,276.3414252361106,276.3414252361106,276.3414252361106,13727.11829171994,13727.11829171994,13727.11829171994,451.8423838151234,451.8423838151234,451.8423838151234,-1645.49705968743,-1645.49705968743,-1645.49705968743,0.0,0.0,0.0,37946.29479356569
405,2024-08-17 21:00:00,24038.030119344283,31945.126217909026,41083.129269384015,24038.030119344283,24044.864711166356,12294.397289144299,12294.397289144299,12294.397289144299,891.5583668567399,891.5583668567399,891.5583668567399,12331.94348454362,12331.94348454362,12331.94348454362,280.98366551767236,280.98366551767236,280.98366551767236,12331.94348454362,12331.94348454362,12331.94348454362,433.20743869674544,433.20743869674544,433.20743869674544,-1643.2956664704795,-1643.2956664704795,-1643.2956664704795,0.0,0.0,0.0,36332.427408488584
406,2024-08-17 22:00:00,24038.080793541558,34453.1884330809,43792.76784214859,24038.080793541558,24045.412761688218,15026.102711755795,15026.102711755795,15026.102711755795,591.906821140301,591.906821140301,591.906821140301,15377.884188018897,15377.884188018897,15377.884188018897,284.98195388375245,284.98195388375245,284.98195388375245,15377.884188018897,15377.884188018897,15377.884188018897,412.37952201501736,412.37952201501736,412.37952201501736,-1641.0497733021734,-1641.0497733021734,-1641.0497733021734,0.0,0.0,0.0,39064.183505297355
407,2024-08-17 23:00:00,24038.131467738833,33113.10660167433,42463.18401906632,24038.131467738833,24046.116274316446,13888.570733755167,13888.570733755167,13888.570733755167,195.7408520129022,195.7408520129022,195.7408520129022,14653.85632693529,14653.85632693529,14653.85632693529,288.3026138927595,288.3026138927595,288.3026138927595,14653.85632693529,14653.85632693529,14653.85632693529,389.43044067928577,389.43044067928577,389.43044067928577,-1638.7594997650738,-1638.7594997650738,-1638.7594997650738,0.0,0.0,0.0,37926.702201494
408,2024-08-18 00:00:00,24038.182141936115,28457.103948588963,37759.94101216215,24038.182141936115,24046.58467603753,9045.840665756132,9045.840665756132,9045.840665756132,-317.380837339765,-317.380837339765,-317.380837339765,10344.282092323534,10344.282092323534,10344.282092323534,290.91440450472925,290.91440450472925,290.91440450472925,10344.282092323534,10344.282092323534,10344.282092323534,364.44997315032793,364.44997315032793,364.44997315032793,-1636.4249668826951,-1636.4249668826951,-1636.4249668826951,0.0,0.0,0.0,33084.02280769225
409,2024-08-18 01:00:00,24038.23281613339,22863.581748569788,32369.81542349367,24038.23281613339,24047.002231063227,3399.7653053478707,3399.7653053478707,3399.7653053478707,-931.8802473659357,-931.8802473659357,-931.8802473659357,5335.357756957256,5335.357756957256,5335.357756957256,292.78880102544275,292.78880102544275,292.78880102544275,5335.357756957256,5335.357756957256,5335.357756957256,337.545291841285,337.545291841285,337.545291841285,-1634.0462971101765,-1634.0462971101765,-1634.0462971101765,0.0,0.0,0.0,27437.99812148126
410,2024-08-18 02:00:00,24038.28349033067,16541.952377878315,25804.454616703253,24038.28349033067,24047.561811875803,-2891.7849115813888,-2891.7849115813888,-2891.7849115813888,-1540.662625167507,-1540.662625167507,-1540.662625167507,-322.23913563061063,-322.23913563061063,-322.23913563061063,293.90026220743204,293.90026220743204,293.90026220743204,-322.23913563061063,-322.23913563061063,-322.23913563061063,308.8402013350061,308.8402013350061,308.8402013350061,-1631.6236143257092,-1631.6236143257092,-1631.6236143257092,0.0,0.0,0.0,21146.49857874928
411,2024-08-18 03:00:00,24038.334164527943,10959.235990486823,20258.617830950447,24038.334164527943,24048.121392688383,-8366.525456191293,-8366.525456191293,-8366.525456191293,-1954.8888731331454,-1954.8888731331454,-1954.8888731331454,-5355.180219888586,-5355.180219888586,-5355.180219888586,294.22648111708634,294.22648111708634,294.22648111708634,-5355.180219888586,-5355.180219888586,-5355.180219888586,278.4741995358559,278.4741995358559,278.4741995358559,-1629.1570438225044,-1629.1570438225044,-1629.1570438225044,0.0,0.0,0.0,15671.80870833665
412,2024-08-18 04:00:00,24038.38483872522,6483.298919839677,15956.631705034735,24038.38483872522,24048.733334347984,-12997.514396948545,-12997.514396948545,-12997.514396948545,-1999.4652781626583,-1999.4652781626583,-1999.4652781626583,-9911.752394936959,-9911.752394936959,-9911.752394936959,293.74861750514606,293.74861750514606,293.74861750514606,-9911.752394936959,-9911.752394936959,-9911.752394936959,246.60137094679556,246.60137094679556,246.60137094679556,-1626.6467123008701,-1626.6467123008701,-1626.6467123008701,0.0,0.0,0.0,11040.870441776673
413,2024-08-18 05:00:00,24038.4355129225,3614.428553370643,13111.105459728504,24038.4355129225,24050.062715546268,-15637.461788960854,-15637.461788960854,-15637.461788960854,-1634.2278334630114,-1634.2278334630114,-1634.2278334630114,-12884.98184029976,-12884.98184029976,-12884.98184029976,292.45150951582383,292.45150951582383,292.45150951582383,-12884.98184029976,-12884.98184029976,-12884.98184029976,213.38912314777878,213.38912314777878,213.38912314777878,-1624.0927478616838,-1624.0927478616838,-1624.0927478616838,0.0,0.0,0.0,8400.973723961646
414,2024-08-18 06:00:00,24038.486187119775,5673.666625849531,14875.216469740102,24038.486187119775,24052.38819820162,-13782.036905856663,-13782.036905856663,-13782.036905856663,-1003.2458673825731,-1003.2458673825731,-1003.2458673825731,-11626.636400662368,-11626.636400662368,-11626.636400662368,290.3238627301451,290.3238627301451,290.3238627301451,-11626.636400662368,-11626.636400662368,-11626.636400662368,179.01677945158647,179.01677945158647,179.01677945158647,-1621.4952799934542,-1621.4952799934542,-1621.4952799934542,0.0,0.0,0.0,10256.449281263112
415,2024-08-18 07:00:00,24038.536861317054,7967.781665043089,17060.874319205665,24038.528086624512,24052.95422527592,-11777.285383725011,-11777.285383725011,-11777.285383725011,-361.96787639959126,-361.96787639959126,-361.96787639959126,-10227.495524861733,-10227.495524861733,-10227.495524861733,287.35841468774646,287.35841468774646,287.35841468774646,-10227.495524861733,-10227.495524861733,-10227.495524861733,143.6740424182982,143.6740424182982,143.6740424182982,-1618.85443956973,-1618.85443956973,-1618.85443956973,0.0,0.0,0.0,12261.251477592043
416,2024-08-18 08:00:00,24038.587535514333,9715.51408799339,18996.160807899243,24038.561211436703,24053.13785755981,-9475.470490153873,-9475.470490153873,-9475.470490153873,71.6083391738434,71.6083391738434,71.6083391738434,-8322.019888023322,-8322.019888023322,-8322.019888023322,283.55207320532674,283.55207320532674,283.55207320532674,-8322.019888023322,-8322.019888023322,-8322.019888023322,107.55934432800737,107.55934432800737,107.55934432800737,-1616.1703588377284,-1616.1703588377284,-1616.1703588377284,0.0,0.0,0.0,14563.117045360459
417,2024-08-18 09:00:00,24038.638209711607,14359.845847021083,23961.689628941527,24038.59963248391,24053.321489843704,-4729.576872929279,-4729.576872929279,-4729.576872929279,233.64907571949533,233.64907571949533,233.64907571949533,-3699.5669063821315,-3699.5669063821315,-3699.5669063821315,278.9060270031279,278.9060270031279,278.9060270031279,-3699.5669063821315,-3699.5669063821315,-3699.5669063821315,70.87810213842714,70.87810213842714,70.87810213842714,-1613.4431714081975,-1613.4431714081975,-1613.4431714081975,0.0,0.0,0.0,19309.061336782328
418,2024-08-18 10:00:00,24038.688883908886,18088.630286613283,27754.812705209875,24038.649571876853,24053.505122127597,-1135.8730656592,-1135.8730656592,-1135.8730656592,218.53733280951224,218.53733280951224,218.53733280951224,-51.004109156502906,-51.004109156502906,-51.004109156502906,273.4258273610505,273.4258273610505,273.4258273610505,-51.004109156502906,-51.004109156502906,-51.004109156502906,33.84089557888082,33.84089557888082,33.84089557888082,-1610.6730122521406,-1610.6730122521406,-1610.6730122521406,0.0,0.0,0.0,22902.815818249685
419,2024-08-18 11:00:00,24038.73955810616,20141.80421002206,29781.64651602673,24038.69951126979,24053.68875441149,1043.3435414642586,1043.3435414642586,1043.3435414642586,181.73159349238017,181.73159349238017,181.73159349238017,2205.6889380797365,2205.6889380797365,2205.6889380797365,267.1214397211468,267.1214397211468,267.1214397211468,2205.6889380797365,2205.6889380797365,2205.6889380797365,-3.3384121411995085,-3.3384121411995085,-3.3384121411995085,-1607.860017687806,-1607.860017687806,-1607.860017687806,0.0,0.0,0.0,25082.08309957042
420,2024-08-18 12:00:00,24038.790232303443,21369.623378532822,30712.89137743352,24038.749450662737,24053.872386695384,1997.5009437195517,1997.5009437195517,1997.5009437195517,228.04123329628683,228.04123329628683,228.04123329628683,3154.901362166216,3154.901362166216,3154.901362166216,260.00726439865485,260.00726439865485,260.00726439865485,3154.901362166216,3154.901362166216,3154.901362166216,-40.44459076917517,-40.44459076917517,-40.44459076917517,-1605.0043253724305,-1605.0043253724305,-1605.0043253724305,0.0,0.0,0.0,26036.291176022994
421,2024-08-18 13:00:00,24038.840906500718,22033.183546891425,31702.370061934394,24038.799390055672,24055.877700865512,2709.955127924189,2709.955127924189,2709.955127924189,368.02072766146347,368.02072766146347,368.02072766146347,3769.2013246437236,3769.2013246437236,3769.2013246437236,252.10212579360967,252.10212579360967,252.10212579360967,3769.2013246437236,3769.2013246437236,3769.2013246437236,-77.26297587692413,-77.26297587692413,-77.26297587692413,-1602.106074297684,-1602.106074297684,-1602.106074297684,0.0,0.0,0.0,26748.796034424908
422,2024-08-18 14:00:00,24038.891580697993,23397.23689066612,32779.50981087348,24038.84932944861,24058.729677878488,4113.089322212814,4113.089322212814,4113.089322212814,554.4194560638398,554.4194560638398,554.4194560638398,5027.987438572705,5027.987438572705,5027.987438572705,243.42922972404867,243.42922972404867,243.42922972404867,5027.987438572705,5027.987438572705,5027.987438572705,-113.58139737183612,-113.58139737183612,-113.58139737183612,-1599.1654047759432,-1599.1654047759432,-1599.1654047759432,0.0,0.0,0.0,28151.980902910807
423,2024-08-18 15:00:00,24038.94225489527,22698.720394393265,31831.50822086913,24038.899268841553,24061.54528608818,3323.197798778158,3323.197798778158,3323.197798778158,743.2220194279593,743.2220194279593,743.2220194279593,4091.3342317965635,4091.3342317965635,4091.3342317965635,234.01608876000915,234.01608876000915,234.01608876000915,4091.3342317965635,4091.3342317965635,4091.3342317965635,-149.1920827702866,-149.1920827702866,-149.1920827702866,-1596.1824584360875,-1596.1824584360875,-1596.1824584360875,0.0,0.0,0.0,27362.14005367343
424,2024-08-18 16:00:00,24038.99292909255,24303.831507380117,33770.55372851958,24038.949208234495,24062.016600286363,5121.951801083334,5121.951801083334,5121.951801083334,918.6862356924684,918.6862356924684,918.6862356924684,5756.422042572219,5756.422042572219,5756.422042572219,223.89441569092443,223.89441569092443,223.89441569092443,5756.422042572219,5756.422042572219,5756.422042572219,-183.89351466281323,-183.89351466281323,-183.89351466281323,-1593.157378209465,-1593.157378209465,-1593.157378209465,0.0,0.0,0.0,29160.944730175885
425,2024-08-18 17:00:00,24039.043603289825,24876.871297983904,34637.43610881644,24038.999147627434,24062.331855795554,5623.053458761294,5623.053458761294,5623.053458761294,1072.8799105363353,1072.8799105363353,1072.8799105363353,6144.65609346367,6144.65609346367,6144.65609346367,213.09998548918205,213.09998548918205,213.09998548918205,6144.65609346367,6144.65609346367,6144.65609346367,-217.49222240023425,-217.49222240023425,-217.49222240023425,-1590.09030832766,-1590.09030832766,-1590.09030832766,0.0,0.0,0.0,29662.097062051118
426,2024-08-18 18:00:00,24039.094277487104,23937.682534833395,33254.520033830195,24039.049087020372,24062.64711130474,4424.733691084751,4424.733691084751,4424.733691084751,1179.0448825391943,1179.0448825391943,1179.0448825391943,4880.8022251813945,4880.8022251813945,4880.8022251813945,201.67246639440302,201.67246639440302,201.67246639440302,4880.8022251813945,4880.8022251813945,4880.8022251813945,-249.80448872084224,-249.80448872084224,-249.80448872084224,-1586.9813943093989,-1586.9813943093989,-1586.9813943093989,0.0,0.0,0.0,28463.827968571855
427,2024-08-18 19:00:00,24039.14495168438,21196.877535089076,30719.690279152146,24039.09902641331,24062.935903751197,1983.9308197945604,1983.9308197945604,1983.9308197945604,1196.1622846267187,1196.1622846267187,1196.1622846267187,2462.602050077145,2462.602050077145,2462.602050077145,189.65522100649116,189.65522100649116,189.65522100649116,2462.602050077145,2462.602050077145,2462.602050077145,-280.657952964557,-280.657952964557,-280.657952964557,-1583.830782951237,-1583.830782951237,-1583.830782951237,0.0,0.0,0.0,26023.07577147894
428,2024-08-18 20:00:00,24039.19562588166,20851.33086242816,30610.272533409523,24039.148965806256,24063.205066635284,1400.391313698755,1400.391313698755,1400.391313698755,1098.5103073410291,1098.5103073410291,1098.5103073410291,2015.317644112532,2015.317644112532,2015.317644112532,177.0950784706438,177.0950784706438,177.0950784706438,2015.317644112532,2015.317644112532,2015.317644112532,-309.89309390307295,-309.89309390307295,-309.89309390307295,-1580.6386223223767,-1580.6386223223767,-1580.6386223223767,0.0,0.0,0.0,25439.586939580415
429,2024-08-18 21:00:00,24039.246300078936,21117.36808451864,30506.178477884077,24039.198905199195,24063.474229519372,1420.5530268789566,1420.5530268789566,1420.5530268789566,891.5583668667324,891.5583668667324,891.5583668667324,2279.7222190669827,2279.7222190669827,2279.7222190669827,164.04207911670875,164.04207911670875,164.04207911670875,2279.7222190669827,2279.7222190669827,2279.7222190669827,-337.3645764200497,-337.3645764200497,-337.3645764200497,-1577.4050617514174,-1577.4050617514174,-1577.4050617514174,0.0,0.0,0.0,25459.79932695789
430,2024-08-18 22:00:00,24039.29697427621,18619.18587836202,27657.383812372813,24039.137072461235,24063.743392403456,-778.5060455480702,-778.5060455480702,-778.5060455480702,591.9068211379032,591.9068211379032,591.9068211379032,416.11063992969395,416.11063992969395,416.11063992969395,150.54919313228734,150.54919313228734,150.54919313228734,416.11063992969395,416.11063992969395,416.11063992969395,-362.94244792583197,-362.94244792583197,-362.94244792583197,-1574.1302518221228,-1574.1302518221228,-1574.1302518221228,0.0,0.0,0.0,23260.79092872814
431,2024-08-18 23:00:00,24039.34764847349,13548.44979129542,23061.93726262463,24038.96346759238,24064.012555287547,-5831.477328327877,-5831.477328327877,-5831.477328327877,195.7408520306016,195.7408520306016,195.7408520306016,-4206.562678857291,-4206.562678857291,-4206.562678857291,136.67201503845,136.67201503845,136.67201503845,-4206.562678857291,-4206.562678857291,-4206.562678857291,-386.51317218008126,-386.51317218008126,-386.51317218008126,-1570.8143443595561,-1570.8143443595561,-1570.8143443595561,0.0,0.0,0.0,18207.870320145612
432,2024-08-19 00:00:00,24039.398322670768,7764.995868317727,17214.421010517926,24038.88983340772,24064.28171817163,-11600.005103726153,-11600.005103726153,-11600.005103726153,-317.38083731732934,-317.38083731732934,-317.38083731732934,-9429.654719936676,-9429.654719936676,-9429.654719936676,122.4684359594254,122.4684359594254,122.4684359594254,-9429.654719936676,-9429.654719936676,-9429.654719936676,-407.9804900074465,-407.9804900074465,-407.9804900074465,-1567.4574924241265,-1567.4574924241265,-1567.4574924241265,0.0,0.0,0.0,12439.393218944615
433,2024-08-19 01:00:00,24039.448996868046,2861.629686789943,12492.40709330506,24038.909056114655,24064.550881055726,-16458.59019627513,-16458.59019627513,-16458.59019627513,-931.8802473409405,-931.8802473409405,-931.8802473409405,-13643.382296127445,-13643.382296127445,-13643.382296127445,107.99829589357077,107.99829589357077,107.99829589357077,-13643.382296127445,-13643.382296127445,-13643.382296127445,-427.26609839805894,-427.26609839805894,-427.26609839805894,-1564.059850302256,-1564.059850302256,-1564.059850302256,0.0,0.0,0.0,7580.858800592916
434,2024-08-19 02:00:00,24039.49967106532,-133.70061308903016,9247.995306159104,24038.928278821586,24064.820043939813,-19532.582450649323,-19532.582450649323,-19532.582450649323,-1540.6626251797377,-1540.6626251797377,-1540.6626251797377,-16080.311128624302,-16080.311128624302,-16080.311128624302,93.32301830110477,93.32301830110477,93.32301830110477,-16080.311128624302,-16080.311128624302,-16080.311128624302,-444.31014164998487,-444.31014164998487,-444.31014164998487,-1560.6215734964032,-1560.6215734964032,-1560.6215734964032,0.0,0.0,0.0,4506.917220415999
435,2024-08-19 03:00:00,24039.550345262596,-1068.5490633537156,8574.754021149098,24038.967851186,24065.95209496655,-20539.83657733847,-20539.83657733847,-20539.83657733847,-1954.8888731233212,-1954.8888731233212,-1954.8888731233212,-16647.238604755803,-16647.238604755803,-16647.238604755803,78.50522954540465,78.50522954540465,78.50522954540465,-16647.238604755803,-16647.238604755803,-16647.238604755803,-459.07151028873756,-459.07151028873756,-459.07151028873756,-1557.142818716012,-1557.142818716012,-1557.142818716012,0.0,0.0,0.0,3499.7137679241278
436,2024-08-19 04:00:00,24039.60101945988,-129.9353885072038,9800.402544623501,24039.01030854804,24068.275963248234,-19214.835096728115,-19214.835096728115,-19214.835096728115,-1999.4652781692912,-1999.4652781692912,-1999.4652781692912,-15253.826494745847,-15253.826494745847,-15253.826494745847,63.60836582837007,63.60836582837007,63.60836582837007,-15253.826494745847,-15253.826494745847,-15253.826494745847,-471.5279457727751,-471.5279457727751,-471.5279457727751,-1553.6237438685748,-1553.6237438685748,-1553.6237438685748,0.0,0.0,0.0,4824.765922731764
437,2024-08-19 05:00:00,24039.651693657153,2774.7757615216415,12177.126483438544,24039.052765910077,24070.545848754937,-16457.74575913274,-16457.74575913274,-16457.74575913274,-1634.227833451415,-1634.227833451415,-1634.227833451415,-12840.473736849095,-12840.473736849095,-12840.473736849095,48.69627039006491,48.69627039006491,48.69627039006491,-12840.473736849095,-12840.473736849095,-12840.473736849095,-481.6759511700719,-481.6759511700719,-481.6759511700719,-1550.0645080522233,-1550.0645080522233,-1550.0645080522233,0.0,0.0,0.0,7581.905934524413
438,2024-08-19 06:00:00,24039.70236785443,9509.211798453465,18859.399438243527,24039.099018679957,24071.053963378683,-10071.507022329819,-10071.507022329819,-10071.507022329819,-1003.2458673681302,-1003.2458673681302,-1003.2458673681302,-7066.098156989679,-7066.098156989679,-7066.098156989679,33.832783837747264,33.832783837747264,33.832783837747264,-7066.098156989679,-7066.098156989679,-7066.098156989679,-489.5305102684193,-489.5305102684193,-489.5305102684193,-1546.4652715413383,-1546.4652715413383,-1546.4652715413383,0.0,0.0,0.0,13968.19534552461
439,2024-08-19 07:00:00,24039.753042051707,16333.599946427907,25937.24157481083,24039.206414830653,24071.499227123135,-2831.9737272560765,-2831.9737272560765,-2831.9737272560765,-361.96787642164975,-361.96787642164975,-361.96787642164975,-451.13636592090546,-451.13636592090546,-451.13636592090546,19.081330556945154,19.081330556945154,19.081330556945154,-451.13636592090546,-451.13636592090546,-451.13636592090546,-495.12461968674216,-495.12461968674216,-495.12461968674216,-1542.8261957837244,-1542.8261957837244,-1542.8261957837244,0.0,0.0,0.0,21207.77931479563
440,2024-08-19 08:00:00,24039.803716248985,24542.531709030536,33692.08495748062,24039.301527031705,24071.73201039473,4876.734187679748,4876.734187679748,4876.734187679748,71.6083391807407,71.6083391807407,71.6083391807407,6838.277428427515,6838.277428427515,6838.277428427515,4.5045041961301076,4.5045041961301076,4.5045041961301076,6838.277428427515,6838.277428427515,6838.277428427515,-498.50864073835623,-498.50864073835623,-498.50864073835623,-1539.1474433862804,-1539.1474433862804,-1539.1474433862804,0.0,0.0,0.0,28916.537903928733
441,2024-08-19 09:00:00,24039.854390446264,19957.932047213482,29336.738725765037,24039.28781313688,24071.96434773839,761.1843589116912,761.1843589116912,761.1843589116912,233.64907571749114,233.64907571749114,233.64907571749114,2572.5502858290374,2572.5502858290374,2572.5502858290374,-9.836344740448865,-9.836344740448865,-9.836344740448865,2572.5502858290374,2572.5502858290374,2572.5502858290374,-499.7494797855769,-499.7494797855769,-499.7494797855769,-1535.4291781088114,-1535.4291781088114,-1535.4291781088114,0.0,0.0,0.0,24801.038749357955
442,2024-08-19 10:00:00,24039.90506464354,16757.87104446657,26321.31864890968,24039.32084418179,24072.196685082043,-2390.419843208818,-2390.419843208818,-2390.419843208818,218.53733281847303,218.53733281847303,218.53733281847303,-554.4744872989368,-554.4744872989368,-554.4744872989368,-23.881516128232985,-23.881516128232985,-23.881516128232985,-554.4744872989368,-554.4744872989368,-554.4744872989368,-498.9296077474647,-498.9296077474647,-498.9296077474647,-1531.6715648526565,-1531.6715648526565,-1531.6715648526565,0.0,0.0,0.0,21649.48522143472
443,2024-08-19 11:00:00,24039.955738840814,16528.798304004176,25795.917419626774,24039.353875226705,24072.429022425687,-2917.095640405335,-2917.095640405335,-2917.095640405335,181.73159349048487,181.73159349048487,181.73159349048487,-1037.233173736605,-1037.233173736605,-1037.233173736605,-37.57335929447661,-37.57335929447661,-37.57335929447661,-1037.233173736605,-1037.233173736605,-1037.233173736605,-496.1459312119892,-496.1459312119892,-496.1459312119892,-1527.8747696527485,-1527.8747696527485,-1527.8747696527485,0.0,0.0,0.0,21122.860098435478
444,2024-08-19 12:00:00,24040.006413038096,17135.880540151065,26729.535230734837,24039.386906271626,24073.079881474016,-2140.3310347150264,-2140.3310347150264,-2140.3310347150264,228.04123329859596,228.04123329859596,228.04123329859596,-301.96811821743603,-301.96811821743603,-301.96811821743603,-50.85666090056244,-50.85666090056244,-50.85666090056244,-301.96811821743603,-301.96811821743603,-301.96811821743603,-491.50852922916124,-491.50852922916124,-491.50852922916124,-1524.0389596664627,-1524.0389596664627,-1524.0389596664627,0.0,0.0,0.0,21899.67537832307
445,2024-08-19 13:00:00,24040.05708723537,18319.62324058848,27564.63572945077,24039.41993731654,24073.46065499304,-1001.0569817844812,-1001.0569817844812,-1001.0569817844812,368.02072766709523,368.02072766709523,368.02072766709523,699.904883714138,699.904883714138,699.904883714138,-63.679018708102916,-63.679018708102916,-63.679018708102916,699.904883714138,699.904883714138,699.904883714138,-485.139271292815,-485.139271292815,-485.139271292815,-1520.1643031647966,-1520.1643031647966,-1520.1643031647966,0.0,0.0,0.0,23039.00010545089
446,2024-08-19 14:00:00,24040.10776143265,19424.86702685851,28526.63517891612,24039.313950102056,24073.781879340888,-133.1446951840412,-133.1446951840412,-133.1446951840412,554.4194560702643,554.4194560702643,554.4194560702643,1381.8483499508263,1381.8483499508263,1381.8483499508263,-75.99119838314161,-75.99119838314161,-75.99119838314161,1381.8483499508263,1381.8483499508263,1381.8483499508263,-477.17033329715997,-477.17033329715997,-477.17033329715997,-1516.25096952483,-1516.25096952483,-1516.25096952483,0.0,0.0,0.0,23906.96306624861
447,2024-08-19 15:00:00,24040.158435629924,20200.19505732425,29904.118972994933,24038.901596225573,24074.103103688733,805.9867616785868,805.9867616785868,805.9867616785868,743.2220194255112,743.2220194255112,743.2220194255112,2130.5539713635135,2130.5539713635135,2130.5539713635135,-87.74747060533498,-87.74747060533498,-87.74747060533498,2130.5539713635135,2130.5539713635135,2130.5539713635135,-467.7426292888675,-467.7426292888675,-467.7426292888675,-1512.2991292162353,-1512.2991292162353,-1512.2991292162353,0.0,0.0,0.0,24846.145197308513
448,2024-08-19 16:00:00,24040.209109827203,20380.101685286994,30333.0048380313,24038.83726863226,24074.424328036574,1220.5615586237038,1220.5615586237038,1220.5615586237038,918.6862356945196,918.6862356945196,918.6862356945196,2366.0943802187703,2366.0943802187703,2366.0943802187703,-98.90592582112969,-98.90592582112969,-98.90592582112969,2366.0943802187703,2366.0943802187703,2366.0943802187703,-457.00417767220574,-457.00417767220574,-457.00417767220574,-1508.3089537962508,-1508.3089537962508,-1508.3089537962508,0.0,0.0,0.0,25260.770668450907
449,2024-08-19 17:00:00,24040.25978402448,23126.674403386067,32410.0370557478,24038.86248055038,24074.745552384422,3695.0185432235967,3695.0185432235967,3695.0185432235967,1072.8799105357796,1072.8799105357796,1072.8799105357796,4680.956433944989,4680.956433944989,4680.956433944989,-109.42876421547898,-109.42876421547898,-109.42876421547898,4680.956433944989,4680.956433944989,4680.956433944989,-445.10842114551326,-445.10842114551326,-445.10842114551326,-1504.2806158961796,-1504.2806158961796,-1504.2806158961796,0.0,0.0,0.0,27735.278327248077
450,2024-08-19 18:00:00,24040.310458221757,23186.5319715474,32645.66014225379,24038.887692468496,24075.066776732267,4170.305879291099,4170.305879291099,4170.305879291099,1179.0448825370513,1179.0448825370513,1179.0448825370513,5042.970364486791,5042.970364486791,5042.970364486791,-119.2825585668417,-119.2825585668417,-119.2825585668417,5042.970364486791,5042.970364486791,5042.970364486791,-432.2125199513268,-432.2125199513268,-432.2125199513268,-1500.2142892145757,-1500.2142892145757,-1500.2142892145757,0.0,0.0,0.0,28210.616337512856
451,2024-08-19 19:00:00,24040.361132419035,20986.417472900514,30897.932448018153,24038.912904386623,24075.38800108012,1913.8562183198185,1913.8562183198185,1913.8562183198185,1196.1622846242667,1196.1622846242667,1196.1622846242667,2760.7182083382886,2760.7182083382886,2760.7182083382886,-128.43848786781908,-128.43848786781908,-128.43848786781908,2760.7182083382886,2760.7182083382886,2760.7182083382886,-418.4756382712291,-418.4756382712291,-418.4756382712291,-1496.1101485036884,-1496.1101485036884,-1496.1101485036884,0.0,0.0,0.0,25954.217350738854
452,2024-08-19 20:00:00,24040.411806616314,20449.711549858122,29931.207120047886,24038.93811630474,24075.70922542796,940.1343625525986,940.1343625525986,940.1343625525986,1098.5103073363969,1098.5103073363969,1098.5103073363969,1874.5222079492867,1874.5222079492867,1874.5222079492867,-136.87253981207436,-136.87253981207436,-136.87253981207436,1874.5222079492867,1874.5222079492867,1874.5222079492867,-404.0572433551815,-404.0572433551815,-404.0572433551815,-1491.9683695658289,-1491.9683695658289,-1491.9683695658289,0.0,0.0,0.0,24980.546169168912
453,2024-08-19 21:00:00,24040.46248081359,19484.33855280106,29104.528117759353,24038.963328222857,24076.0304497758,206.98769268810386,206.98769268810386,206.98769268810386,891.5583668653422,891.5583668653422,891.5583668653422,1336.8995722085697,1336.8995722085697,1336.8995722085697,-144.56568042377518,-144.56568042377518,-144.56568042377518,1336.8995722085697,1336.8995722085697,1336.8995722085697,-389.11543672418753,-389.11543672418753,-389.11543672418753,-1487.7891292378454,-1487.7891292378454,-1487.7891292378454,0.0,0.0,0.0,24247.450173501693
454,2024-08-19 22:00:00,24040.513155010867,16581.222782837962,25850.150939734096,24038.98854014098,24076.35167412365,-2847.950763112554,-2847.950763112554,-2847.950763112554,591.9068211224493,591.9068211224493,591.9068211224493,-1430.9756532729416,-1430.9756532729416,-1430.9756532729416,-151.50398938040038,-151.50398938040038,-151.50398938040038,-1430.9756532729416,-1430.9756532729416,-1430.9756532729416,-373.8053361980832,-373.8053361980832,-373.8053361980832,-1483.5726053835788,-1483.5726053835788,-1483.5726053835788,0.0,0.0,0.0,21192.562391898315
455,2024-08-19 23:00:00,24040.563829208142,11822.585018551303,20842.908932125913,24039.013752059098,24076.672898471494,-7667.87984375234,-7667.87984375234,-7667.87984375234,195.74085202499876,195.74085202499876,195.74085202499876,-5868.345432446016,-5868.345432446016,-5868.345432446016,-157.67875979464608,-157.67875979464608,-157.67875979464608,-5868.345432446016,-5868.345432446016,-5868.345432446016,-358.27752664912276,-358.27752664912276,-358.27752664912276,-1479.3189768875543,-1479.3189768875543,-1479.3189768875543,0.0,0.0,0.0,16372.683985455802
456,2024-08-20 00:00:00,24040.614503405424,6275.9716694221115,15918.325072039645,24038.293164029594,24076.99412281934,-13131.815431866762,-13131.815431866762,-13131.815431866762,-317.38083732742916,-317.38083732742916,-317.38083732742916,-10833.64301294481,-10833.64301294481,-10833.64301294481,-163.08656151122386,-163.08656151122386,-163.08656151122386,-10833.64301294481,-10833.64301294481,-10833.64301294481,-342.67659644684,-342.67659644684,-342.67659644684,-1475.0284236364587,-1475.0284236364587,-1475.0284236364587,0.0,0.0,0.0,10908.799071538662
457,2024-08-20 01:00:00,24040.6651776027,1125.8486965046473,10373.763230512635,24038.075919855564,24077.315347167183,-17848.313335651874,-17848.313335651874,-17848.313335651874,-931.8802473542182,-931.8802473542182,-931.8802473542182,-14950.862919277204,-14950.862919277204,-14950.862919277204,-167.72926718714544,-167.72926718714544,-167.72926718714544,-14950.862919277204,-14950.862919277204,-14950.862919277204,-327.1397753140088,-327.1397753140088,-327.1397753140088,-1470.7011265192966,-1470.7011265192966,-1470.7011265192966,0.0,0.0,0.0,6192.3518419508255
458,2024-08-20 02:00:00,24040.715851799974,-636.794042177746,8457.811444886385,24038.025731244375,24077.636571515024,-20393.459652267775,-20393.459652267775,-20393.459652267775,-1540.6626251583484,-1540.6626251583484,-1540.6626251583484,-16903.050031024235,-16903.050031024235,-16903.050031024235,-171.61404075418244,-171.61404075418244,-171.61404075418244,-16903.050031024235,-16903.050031024235,-16903.050031024235,-311.79568791872344,-311.79568791872344,-311.79568791872344,-1466.337267412285,-1466.337267412285,-1466.337267412285,0.0,0.0,0.0,3647.2561995321994
459,2024-08-20 03:00:00,24040.766525997253,-1952.904153925841,7551.733718149059,24037.97554263319,24077.957795862872,-21254.100463566825,-21254.100463566825,-21254.100463566825,-1954.888873121988,-1954.888873121988,-1954.888873121988,-17365.758037194522,-17365.758037194522,-17365.758037194522,-174.75328809661988,-174.75328809661988,-174.75328809661988,-17365.758037194522,-17365.758037194522,-17365.758037194522,-296.76323598811405,-296.76323598811405,-296.76323598811405,-1461.9370291655798,-1461.9370291655798,-1461.9370291655798,0.0,0.0,0.0,2786.6660624304277
460,2024-08-20 04:00:00,24040.81720019453,-339.47336057813374,8748.86175507038,24037.925354021998,24078.279020210717,-19923.88093441001,-19923.88093441001,-19923.88093441001,-1999.4652781658167,-1999.4652781658167,-1999.4652781658167,-16007.599870511827,-16007.599870511827,-16007.599870511827,-177.1645700682778,-177.1645700682778,-177.1645700682778,-16007.599870511827,-16007.599870511827,-16007.599870511827,-282.1506200608728,-282.1506200608728,-282.1506200608728,-1457.5005956032162,-1457.5005956032162,-1457.5005956032162,0.0,0.0,0.0,4116.936265784523
461,2024-08-20 05:00:00,24040.867874391806,2462.4131360018305,12155.968863754515,24037.87516541081,24078.60024455856,-16847.277887928016,-16847.277887928016,-16847.277887928016,-1634.2278334723985,-1634.2278334723985,-1634.2278334723985,-13313.096914580177,-13313.096914580177,-13313.096914580177,-178.87047827308737,-178.87047827308737,-178.87047827308737,-13313.096914580177,-13313.096914580177,-13313.096914580177,-268.0545101001054,-268.0545101001054,-268.0545101001054,-1453.028151502249,-1453.028151502249,-1453.028151502249,0.0,0.0,0.0,7193.58998646379
462,2024-08-20 06:00:00,24040.918548589085,9770.329840277314,19268.811433662464,24037.82497679962,24078.921468906407,-9779.136756987506,-9779.136756987506,-9779.136756987506,-1003.2458673947954,-1003.2458673947954,-1003.2458673947954,-6892.913160394513,-6892.913160394513,-6892.913160394513,-179.89847426704716,-179.89847426704716,-179.89847426704716,-6892.913160394513,-6892.913160394513,-6892.913160394513,-254.55937233980697,-254.55937233980697,-254.55937233980697,-1448.5198825913437,-1448.5198825913437,-1448.5198825913437,0.0,0.0,0.0,14261.78179160158
463,2024-08-20 07:00:00,24040.96922278636,18579.492721757586,28543.265427185335,24037.17668456017,24079.242693254248,-416.0150442958239,-416.0150442958239,-416.0150442958239,-361.96787641058467,-361.96787641058467,-361.96787641058467,1811.9464585434,1811.9464585434,1811.9464585434,-180.28069316422705,-180.28069316422705,-180.28069316422705,1811.9464585434,1811.9464585434,1811.9464585434,-241.73695772864417,-241.73695772864417,-241.73695772864417,-1443.9759755357677,-1443.9759755357677,-1443.9759755357677,0.0,0.0,0.0,23624.954178490534
464,2024-08-20 08:00:00,24041.019896983642,27148.926608093898,36559.91401261859,24036.20847762096,24079.67519579869,7819.851221202057,7819.851221202057,7819.851221202057,71.6083391692549,71.6083391692549,71.6083391692549,9597.339168077211,9597.339168077211,9597.339168077211,-180.05371286060597,-180.05371286060597,-180.05371286060597,9597.339168077211,9597.339168077211,9597.339168077211,-229.64595525319936,-229.64595525319936,-229.64595525319936,-1439.3966179306035,-1439.3966179306035,-1439.3966179306035,0.0,0.0,0.0,31860.8711181857
465,2024-08-20 09:00:00,24041.070571180917,22700.721821181505,32795.535214612515,24036.17882849528,24080.378570992627,3682.872469040351,3682.872469040351,3682.872469040351,233.64907571559513,233.64907571559513,233.64907571559513,5281.595493383184,5281.595493383184,5281.595493383184,-179.25829037308364,-179.25829037308364,-179.25829037308364,5281.595493383184,5281.595493383184,5281.595493383184,-218.3318113983779,-218.3318113983779,-218.3318113983779,-1434.7819982869664,-1434.7819982869664,-1434.7819982869664,0.0,0.0,0.0,27723.943040221267
466,2024-08-20 10:00:00,24041.12124537819,19255.677897278238,29100.24011107883,24036.213251924266,24081.081946186565,-173.64834750915725,-173.64834750915725,-173.64834750915725,218.5373328204562,218.5373328204562,218.5373328204562,1423.7124076519478,1423.7124076519478,1423.7124076519478,-177.93906703169367,-177.93906703169367,-177.93906703169367,1423.7124076519478,1423.7124076519478,1423.7124076519478,-207.82671492527749,-207.82671492527749,-207.82671492527749,-1430.1323060245902,-1430.1323060245902,-1430.1323060245902,0.0,0.0,0.0,23867.472897869033
467,2024-08-20 11:00:00,24041.17191957547,18124.215280381137,27183.281012502768,24036.247675353254,24081.785321380503,-1249.271972978797,-1249.271972978797,-1249.271972978797,181.73159348858954,181.73159348858954,181.73159348858954,368.73815358368813,368.73815358368813,368.73815358368813,-176.14424450075023,-176.14424450075023,-176.14424450075023,368.73815358368813,368.73815358368813,368.73815358368813,-198.14974408807925,-198.14974408807925,-198.14974408807925,-1425.4477314622447,-1425.4477314622447,-1425.4477314622447,0.0,0.0,0.0,22791.899946596674
468,2024-08-20 12:00:00,24041.22259377275,18347.003982750615,27929.673478602348,24036.282098782238,24082.48869657444,-842.1335139102084,-842.1335139102084,-842.1335139102084,228.0412332947436,228.0412332947436,228.0412332947436,713.7861238992466,713.7861238992466,713.7861238992466,-173.92523384817272,-173.92523384817272,-173.92523384817272,713.7861238992466,713.7861238992466,713.7861238992466,-189.30717144892077,-189.30717144892077,-189.30717144892077,-1420.7284658071042,-1420.7284658071042,-1420.7284658071042,0.0,0.0,0.0,23199.08907986254
469,2024-08-20 13:00:00,24041.273267970028,19314.915989153855,28183.154415486017,24035.215714306865,24083.192071768382,-162.17430504051632,-162.17430504051632,-162.17430504051632,368.0207276603379,368.0207276603379,368.0207276603379,1238.4088680380366,1238.4088680380366,1238.4088680380366,-171.3362800676393,-171.3362800676393,-171.3362800676393,1238.4088680380366,1238.4088680380366,1238.4088680380366,-181.2929195296396,-181.2929195296396,-181.2929195296396,-1415.9747011416114,-1415.9747011416114,-1415.9747011416114,0.0,0.0,0.0,23879.09896292951
470,2024-08-20 14:00:00,24041.323942167302,20564.337407806317,29989.14804620067,24034.26258667486,24083.89544696232,1269.2607552367213,1269.2607552367213,1269.2607552367213,554.4194560636327,554.4194560636327,554.4194560636327,2468.55115301362,2468.55115301362,2468.55115301362,-168.43406467387052,-168.43406467387052,-168.43406467387052,2468.55115301362,2468.55115301362,2468.55115301362,-174.08915874836114,-174.08915874836114,-174.08915874836114,-1411.1866304183002,-1411.1866304183002,-1411.1866304183002,0.0,0.0,0.0,25310.584697404025
471,2024-08-20 15:00:00,24041.374616364577,20945.554762215772,30483.558309734322,24033.895421082343,24084.727660537814,1799.4447228349015,1799.4447228349015,1799.4447228349015,743.2220194303325,743.2220194303325,743.2220194303325,2795.531477373958,2795.531477373958,2795.531477373958,-165.27728915365668,-165.27728915365668,-165.27728915365668,2795.531477373958,2795.531477373958,2795.531477373958,-167.6670373681343,-167.6670373681343,-167.6670373681343,-1406.364447447598,-1406.364447447598,-1406.364447447598,0.0,0.0,0.0,25840.81933919948
472,2024-08-20 16:00:00,24041.42529056186,23411.54173675122,32575.06740314737,24032.486844777904,24085.60567128647,3864.085040123484,3864.085040123484,3864.085040123484,918.686235687971,918.686235687971,918.686235687971,4670.820925238401,4670.820925238401,4670.820925238401,-161.9262422177005,-161.9262422177005,-161.9262422177005,4670.820925238401,4670.820925238401,4670.820925238401,-161.9875316999711,-161.9875316999711,-161.9875316999711,-1401.5083468852176,-1401.5083468852176,-1401.5083468852176,0.0,0.0,0.0,27905.51033068534
473,2024-08-20 17:00:00,24041.475964759135,28865.455574888845,38458.671971382704,24031.195979962955,24086.483682035127,9645.82802911395,9645.82802911395,9645.82802911395,1072.879910535224,1072.879910535224,1072.879910535224,10285.01140010458,10285.01140010458,10285.01140010458,-158.44235392835935,-158.44235392835935,-158.44235392835935,10285.01140010458,10285.01140010458,10285.01140010458,-157.00240337092617,-157.00240337092617,-157.00240337092617,-1396.6185242265653,-1396.6185242265653,-1396.6185242265653,0.0,0.0,0.0,33687.30399387309
474,2024-08-20 18:00:00,24041.526638956413,31052.800677938732,40510.42464727369,24031.090389883702,24087.361692783787,11960.03710121121,11960.03710121121,11960.03710121121,1179.0448825349079,1179.0448825349079,1179.0448825349079,12480.23038366391,12480.23038366391,12480.23038366391,-154.8877398901683,-154.8877398901683,-154.8877398901683,12480.23038366391,12480.23038366391,12480.23038366391,-152.65524930531342,-152.65524930531342,-152.65524930531342,-1391.6951757921267,-1391.6951757921267,-1391.6951757921267,0.0,0.0,0.0,36001.56374016762
475,2024-08-20 19:00:00,24041.577313153688,27271.714657119388,36627.96679878039,24031.093555969706,24088.239703532443,8083.970892497642,8083.970892497642,8083.970892497642,1196.1622846218145,1196.1622846218145,1196.1622846218145,8574.754474440871,8574.754474440871,8574.754474440871,-151.32473878738128,-151.32473878738128,-151.32473878738128,8574.754474440871,8574.754474440871,8574.754474440871,-148.88262905698204,-148.88262905698204,-148.88262905698204,-1386.7384987206801,-1386.7384987206801,-1386.7384987206801,0.0,0.0,0.0,32125.54820565133
476,2024-08-20 20:00:00,24041.627987350967,26781.142916690947,36290.86733527054,24031.096722055703,24089.1177142811,7467.733880977882,7467.733880977882,7467.733880977882,1098.5103073345401,1098.5103073345401,1098.5103073345401,8044.402964511401,8044.402964511401,8044.402964511401,-147.8154466004539,-147.8154466004539,-147.8154466004539,8044.402964511401,8044.402964511401,8044.402964511401,-145.61525330985015,-145.61525330985015,-145.61525330985015,-1381.7486909577553,-1381.7486909577553,-1381.7486909577553,0.0,0.0,0.0,31509.361868328848
477,2024-08-20 21:00:00,24041.678661548245,27483.588049452188,36554.31922798846,24031.099888141707,24089.99572502976,8095.8755005514395,8095.8755005514395,8095.8755005514395,891.5583668527568,891.5583668527568,891.5583668527568,8868.243552640313,8868.243552640313,8868.243552640313,-144.42125088991367,-144.42125088991367,-144.42125088991367,8868.243552640313,8868.243552640313,8868.243552640313,-142.77921680822163,-142.77921680822163,-142.77921680822163,-1376.7259512434944,-1376.7259512434944,-1376.7259512434944,0.0,0.0,0.0,32137.554162099685
478,2024-08-20 22:00:00,24041.72933574552,23496.22154684794,32974.2322203856,24031.10305422771,24090.842051672127,4265.941997446571,4265.941997446571,4265.941997446571,591.9068211200517,591.9068211200517,591.9068211200517,5327.205282562826,5327.205282562826,5327.205282562826,-141.20236854615806,-141.20236854615806,-141.20236854615806,5327.205282562826,5327.205282562826,5327.205282562826,-140.29725858381633,-140.29725858381633,-140.29725858381633,-1371.670479106333,-1371.670479106333,-1371.670479106333,0.0,0.0,0.0,28307.67133319209
479,2024-08-20 23:00:00,24041.780009942802,15741.205733340037,25083.720242074945,24031.106220313715,24091.379694931486,-3474.5773523913945,-3474.5773523913945,-3474.5773523913945,195.74085201939587,195.74085201939587,195.74085201939587,-2027.4283069410244,-2027.4283069410244,-2027.4283069410244,-138.21739038887623,-138.21739038887623,-138.21739038887623,-2027.4283069410244,-2027.4283069410244,-2027.4283069410244,-138.09003223087947,-138.09003223087947,-138.09003223087947,-1366.5824748500092,-1366.5824748500092,-1366.5824748500092,0.0,0.0,0.0,20567.202657551406
480,2024-08-21 00:00:00,24041.830684140077,8086.226230963024,17809.633017212404,24031.109386399716,24091.917338190833,-11185.54020208335,-11185.54020208335,-11185.54020208335,-317.3808373375288,-317.3808373375288,-317.3808373375288,-9235.09702019936,-9235.09702019936,-9235.09702019936,-135.52283596498506,-135.52283596498506,-135.52283596498506,-9235.09702019936,-9235.09702019936,-9235.09702019936,-136.07736903872797,-136.07736903872797,-136.07736903872797,-1361.4621395427487,-1361.4621395427487,-1361.4621395427487,0.0,0.0,0.0,12856.290482056727
481,2024-08-21 01:00:00,24041.881358337352,3015.296654825713,12429.567830730086,24031.112552485713,24092.454981450184,-16411.549803163467,-16411.549803163467,-16411.549803163467,-931.8802473674957,-931.8802473674957,-931.8802473674957,-13856.00764181998,-13856.00764181998,-13856.00764181998,-133.17272184851925,-133.17272184851925,-133.17272184851925,-13856.00764181998,-13856.00764181998,-13856.00764181998,-134.17951711767515,-134.17951711767515,-134.17951711767515,-1356.3096750097968,-1356.3096750097968,-1356.3096750097968,0.0,0.0,0.0,7630.331555173885
482,2024-08-21 02:00:00,24041.93203253463,-80.92214676862692,9073.72138909475,24031.11571857172,24092.99262470954,-19463.904807438277,-19463.904807438277,-19463.904807438277,-1540.6626251575237,-1540.6626251575237,-1540.6626251575237,-16308.58041166831,-16308.58041166831,-16308.58041166831,-131.21814663583137,-131.21814663583137,-131.21814663583137,-16308.58041166831,-16308.58041166831,-16308.58041166831,-132.31834015482605,-132.31834015482605,-132.31834015482605,-1351.1252838217877,-1351.1252838217877,-1351.1252838217877,0.0,0.0,0.0,4578.0272250963535
483,2024-08-21 03:00:00,24041.982706731906,-1059.0698089080138,7655.365959114125,24031.118884657724,24093.53026796889,-20606.531562688357,-20606.531562688357,-20606.531562688357,-1954.888873127924,-1954.888873127924,-1954.888873127924,-17045.608164353842,-17045.608164353842,-17045.608164353842,-129.70689574109846,-129.70689574109846,-129.70689574109846,-17045.608164353842,-17045.608164353842,-17045.608164353842,-130.4184601849688,-130.4184601849688,-130.4184601849688,-1345.909169280521,-1345.909169280521,-1345.909169280521,0.0,0.0,0.0,3435.451144043549
484,2024-08-21 04:00:00,24042.033380929184,239.0123174263455,9637.285705763119,24031.12205074372,24094.06791122824,-19273.210678311243,-19273.210678311243,-19273.210678311243,-1999.4652781651175,-1999.4652781651175,-1999.4652781651175,-15675.992466089785,-15675.992466089785,-15675.992466089785,-128.6830689600477,-128.6830689600477,-128.6830689600477,-15675.992466089785,-15675.992466089785,-15675.992466089785,-128.40832968012657,-128.40832968012657,-128.40832968012657,-1340.661535416164,-1340.661535416164,-1340.661535416164,0.0,0.0,0.0,4768.822702617941
485,2024-08-21 05:00:00,24042.084055126463,2821.0290456590033,12244.181562778309,24031.12521682973,24094.747856937836,-16251.999021336473,-16251.999021336473,-16251.999021336473,-1634.2278334608031,-1634.2278334608031,-1634.2278334608031,-13027.98064792096,-13027.98064792096,-13027.98064792096,-128.18673360060765,-128.18673360060765,-128.18673360060765,-13027.98064792096,-13027.98064792096,-13027.98064792096,-126.22121938188202,-126.22121938188202,-126.22121938188202,-1335.3825869722193,-1335.3825869722193,-1335.3825869722193,0.0,0.0,0.0,7790.08503378999
486,2024-08-21 06:00:00,24042.134729323738,10375.09422470478,19665.927496331922,24031.12838291573,24095.493778067936,-9108.775879078938,-9108.775879078938,-9108.775879078938,-1003.2458673803523,-1003.2458673803523,-1003.2458673803523,-6523.407766895669,-6523.407766895669,-6523.407766895669,-128.2536058279295,-128.2536058279295,-128.2536058279295,-6523.407766895669,-6523.407766895669,-6523.407766895669,-123.79610958184679,-123.79610958184679,-123.79610958184679,-1330.0725293931384,-1330.0725293931384,-1330.0725293931384,0.0,0.0,0.0,14933.3588502448
487,2024-08-21 07:00:00,24042.18540352102,20291.881006948483,29995.851885441032,24031.13154900173,24096.23969919804,780.1784344520538,780.1784344520538,780.1784344520538,-361.9678763995199,-361.9678763995199,-361.9678763995199,2716.8711163250086,2716.8711163250086,2716.8711163250086,-128.91476265024417,-128.91476265024417,-128.91476265024417,2716.8711163250086,2716.8711163250086,2716.8711163250086,-121.07847400270145,-121.07847400270145,-121.07847400270145,-1324.7315688204894,-1324.7315688204894,-1324.7315688204894,0.0,0.0,0.0,24822.363837973073
488,2024-08-21 08:00:00,24042.236077718295,29541.26349458753,38904.70571374223,24031.134715087734,24096.98562032814,9847.321804689587,9847.321804689587,9847.321804689587,71.60833917337617,71.60833917337617,71.60833917337617,11343.290711359768,11343.290711359768,11343.290711359768,-130.19638677414804,-130.19638677414804,-130.19638677414804,11343.290711359768,11343.290711359768,11343.290711359768,-118.02094699213755,-118.02094699213755,-118.02094699213755,-1319.3599120772735,-1319.3599120772735,-1319.3599120772735,0.0,0.0,0.0,33889.557882407884
489,2024-08-21 09:00:00,24042.28675191557,25321.484239680434,34400.4596009744,24031.007358014296,24097.73154145824,5934.753318965719,5934.753318965719,5934.753318965719,233.64907572478654,233.64907572478654,233.64907572478654,7261.765422646226,7261.765422646226,7261.765422646226,-132.11954631068969,-132.11954631068969,-132.11954631068969,7261.765422646226,7261.765422646226,7261.765422646226,-114.58386643739206,-114.58386643739206,-114.58386643739206,-1313.957766657212,-1313.957766657212,-1313.957766657212,0.0,0.0,0.0,29977.04007088129
490,2024-08-21 10:00:00,24042.33742611285,20541.73314392899,29426.02771986673,24030.501457706905,24098.477462588347,1068.5686637312,1068.5686637312,1068.5686637312,218.53733281636067,218.53733281636067,218.53733281636067,2403.992369295575,2403.992369295575,2403.992369295575,-134.70001108073944,-134.70001108073944,-134.70001108073944,2403.992369295575,2403.992369295575,2403.992369295575,-110.7356865811335,-110.7356865811335,-110.7356865811335,-1308.5253407188627,-1308.5253407188627,-1308.5253407188627,0.0,0.0,0.0,25110.906089844048
491,2024-08-21 11:00:00,24042.388100310123,19162.580824152345,29180.632638319174,24029.995557399507,24099.223383718443,153.165441304835,153.165441304835,153.165441304835,181.73159348877573,181.73159348877573,181.73159348877573,1518.8980546355504,1518.8980546355504,1518.8980546355504,-137.94810699188776,-137.94810699188776,-137.94810699188776,1518.8980546355504,1518.8980546355504,1518.8980546355504,-106.45325675530917,-106.45325675530917,-106.45325675530917,-1303.0628430722943,-1303.0628430722943,-1303.0628430722943,0.0,0.0,0.0,24195.553541614958
492,2024-08-21 12:00:00,24042.438774507405,20344.996720082796,29607.145563981652,24029.489657092112,24099.96930484855,983.3480186449258,983.3480186449258,983.3480186449258,228.04123329705266,228.04123329705266,228.04123329705266,2296.467842147432,2296.467842147432,2296.467842147432,-141.86860969435128,-141.86860969435128,-141.86860969435128,2296.467842147432,2296.467842147432,2296.467842147432,-101.72196393644995,-101.72196393644995,-101.72196393644995,-1297.570483168757,-1297.570483168757,-1297.570483168757,0.0,0.0,0.0,25025.786793152332
493,2024-08-21 13:00:00,24042.48944870468,21362.320557606643,30766.270542066362,24028.983756784717,24100.71522597865,1968.2671953964516,1968.2671953964516,1968.2671953964516,368.0207276659695,368.0207276659695,368.0207276659695,3135.2913561904275,3135.2913561904275,3135.2913561904275,-146.4606784340314,-146.4606784340314,-146.4606784340314,3135.2913561904275,3135.2913561904275,3135.2913561904275,-96.53573893750504,-96.53573893750504,-96.53573893750504,-1292.0484710884093,-1292.0484710884093,-1292.0484710884093,0.0,0.0,0.0,26010.756644101133
494,2024-08-21 14:00:00,24042.540122901955,22027.15019044317,31639.016851515957,24028.576083393742,24101.461147108752,2769.1702327425855,2769.1702327425855,2769.1702327425855,554.4194560560938,554.4194560560938,554.4194560560938,3743.8625528772554,3743.8625528772554,3743.8625528772554,-151.71783073289015,-151.71783073289015,-151.71783073289015,3743.8625528772554,3743.8625528772554,3743.8625528772554,-90.89692792182518,-90.89692792182518,-90.89692792182518,-1286.497017536048,-1286.497017536048,-1286.497017536048,0.0,0.0,0.0,26811.71035564454
495,2024-08-21 15:00:00,24042.590797099234,22572.60142192783,31907.729508044,24028.544763471098,24102.207068238855,3355.704029809368,3355.704029809368,3355.704029809368,743.2220194231671,743.2220194231671,743.2220194231671,4135.842335247229,4135.842335247229,4135.842335247229,-157.62795823167897,-157.62795823167897,-157.62795823167897,4135.842335247229,4135.842335247229,4135.842335247229,-84.81603280619527,-84.81603280619527,-84.81603280619527,-1280.9163338231544,-1280.9163338231544,-1280.9163338231544,0.0,0.0,0.0,27398.2948269086
496,2024-08-21 16:00:00,24042.641471296512,24229.099289440102,33708.16303805875,24028.87258409602,24102.952989368954,4886.74292172407,4886.74292172407,4886.74292172407,918.6862356927985,918.6862356927985,918.6862356927985,5485.848027535497,5485.848027535497,5485.848027535497,-164.1733837174819,-164.1733837174819,-164.1733837174819,5485.848027535497,5485.848027535497,5485.848027535497,-78.31132592412501,-78.31132592412501,-78.31132592412501,-1275.306631862619,-1275.306631862619,-1275.306631862619,0.0,0.0,0.0,28929.384393020584
497,2024-08-21 17:00:00,24042.692145493787,28461.306006976865,38460.92646152198,24029.27035876789,24103.698910499057,9333.86102884244,9333.86102884244,9333.86102884244,1072.8799105298735,1072.8799105298735,1072.8799105298735,9773.388547567716,9773.388547567716,9773.388547567716,-171.33095907246312,-171.33095907246312,-171.33095907246312,9773.388547567716,9773.388547567716,9773.388547567716,-71.40834602563469,-71.40834602563469,-71.40834602563469,-1269.6681241570523,-1269.6681241570523,-1269.6681241570523,0.0,0.0,0.0,33376.55317433623
498,2024-08-21 18:00:00,24042.742819691066,29864.01091610492,39397.106484936616,24029.66859278889,24104.400725982225,10355.874341979319,10355.874341979319,10355.874341979319,1179.0448825322346,1179.0448825322346,1179.0448825322346,10684.041971140005,10684.041971140005,10684.041971140005,-179.0722035747831,-179.0722035747831,-179.0722035747831,10684.041971140005,10684.041971140005,10684.041971140005,-64.13928433138523,-64.13928433138523,-64.13928433138523,-1264.00102378675,-1264.00102378675,-1264.00102378675,0.0,0.0,0.0,34398.61716167039
499,2024-08-21 19:00:00,24042.79349388834,26716.952205006146,36497.94804840897,24030.071489095575,24105.081297146327,7576.626487200684,7576.626487200684,7576.626487200684,1196.1622846233286,1196.1622846233286,1196.1622846233286,7882.675499497595,7882.675499497595,7882.675499497595,-187.36348166710562,-187.36348166710562,-187.36348166710562,7882.675499497595,7882.675499497595,7882.675499497595,-56.54227085143525,-56.54227085143525,-56.54227085143525,-1258.3055444016986,-1258.3055444016986,-1258.3055444016986,0.0,0.0,0.0,31619.419981089024
500,2024-08-21 20:00:00,24042.844168085623,26341.816757101857,36102.11982269223,24030.370677023522,24105.761868310437,7196.677814076007,7196.677814076007,7196.677814076007,1098.5103073326836,1098.5103073326836,1098.5103073326836,7595.576198526222,7595.576198526222,7595.576198526222,-196.16621905053012,-196.16621905053012,-196.16621905053012,7595.576198526222,7595.576198526222,7595.576198526222,-48.660572522353924,-48.660572522353924,-48.660572522353924,-1252.5819002100136,-1252.5819002100136,-1252.5819002100136,0.0,0.0,0.0,31239.52198216163
501,2024-08-21 21:00:00,24042.894842282898,28210.842897548428,37276.73737201826,24030.511687220634,24106.44243947454,8771.124131549084,8771.124131549084,8771.124131549084,891.5583668627488,891.5583668627488,891.5583668627488,9372.374942220133,9372.374942220133,9372.374942220133,-205.43715564750167,-205.43715564750167,-205.43715564750167,9372.374942220133,9372.374942220133,9372.374942220133,-40.541715920671365,-40.541715920671365,-40.541715920671365,-1246.8303059656228,-1246.8303059656228,-1246.8303059656228,0.0,0.0,0.0,32814.01897383198
502,2024-08-21 22:00:00,24042.945516480173,25474.632557185658,35015.78533175717,24030.330638011506,24107.123010638647,6173.34243079111,6173.34243079111,6173.34243079111,591.9068211335567,591.9068211335567,591.9068211335567,7069.851768658454,7069.851768658454,7069.851768658454,-215.1286337131441,-215.1286337131441,-215.1286337131441,7069.851768658454,7069.851768658454,7069.851768658454,-32.236548325846755,-32.236548325846755,-32.236548325846755,-1241.0509769619096,-1241.0509769619096,-1241.0509769619096,0.0,0.0,0.0,30216.28794727128
503,2024-08-21 23:00:00,24042.99619067745,18169.52478158323,27776.160776195244,24028.34934331941,24107.803581802757,-1165.8688861139337,-1165.8688861139337,-1165.8688861139337,195.74085201379287,195.74085201379287,195.74085201379287,122.62156173025328,122.62156173025328,122.62156173025328,-225.1889191142373,-225.1889191142373,-225.1889191142373,122.62156173025328,122.62156173025328,122.62156173025328,-23.79825172652344,-23.79825172652344,-23.79825172652344,-1235.2441290172192,-1235.2441290172192,-1235.2441290172192,0.0,0.0,0.0,22877.127304563517
504,2024-08-22 00:00:00,24043.04686487473,10340.859817427376,20197.507063306723,24027.23215226742,24108.48415296686,-9000.562218850633,-9000.562218850633,-9000.562218850633,-317.38083731509323,-317.38083731509323,-317.38083731509323,-7202.927524528609,-7202.927524528609,-7202.927524528609,-235.56255354622115,-235.56255354622115,-235.56255354622115,-7202.927524528609,-7202.927524528609,-7202.927524528609,-15.281324992481013,-15.281324992481013,-15.281324992481013,-1229.4099784682294,-1229.4099784682294,-1229.4099784682294,0.0,0.0,0.0,15042.484646024097
505,2024-08-22 01:00:00,24043.09753907201,4504.0444830424185,14184.295787580604,24026.928276945215,24109.16472413097,-14937.717961560491,-14937.717961560491,-14937.717961560491,-931.8802473425003,-931.8802473425003,-931.8802473425003,-12529.357686986024,-12529.357686986024,-12529.357686986024,-246.1907352241545,-246.1907352241545,-246.1907352241545,-12529.357686986024,-12529.357686986024,-12529.357686986024,-6.740549852582825,-6.740549852582825,-6.740549852582825,-1223.548742155228,-1223.548742155228,-1223.548742155228,0.0,0.0,0.0,9105.379577511518
506,2024-08-22 02:00:00,24043.148213269284,436.5657665524548,10080.65907102162,24026.7961684254,24109.845295295072,-18405.102155339133,-18405.102155339133,-18405.102155339133,-1540.6626251697548,-1540.6626251697548,-1540.6626251697548,-15391.537210867958,-15391.537210867958,-15391.537210867958,-257.01172535265397,-257.01172535265397,-257.01172535265397,-15391.537210867958,-15391.537210867958,-15391.537210867958,1.7700434674919703,1.7700434674919703,1.7700434674919703,-1217.6606374162607,-1217.6606374162607,-1217.6606374162607,0.0,0.0,0.0,5638.046057930151
507,2024-08-22 03:00:00,24043.19888746656,-476.7401105244773,9280.542792030603,24026.66405990559,24110.52586645918,-19699.04632881487,-19699.04632881487,-19699.04632881487,-1954.8888731338602,-1954.8888731338602,-1954.8888731338602,-16274.648491215823,-16274.648491215823,-16274.648491215823,-267.96127752842773,-267.96127752842773,-267.96127752842773,-16274.648491215823,-16274.648491215823,-16274.648491215823,10.198195134925673,10.198195134925673,10.198195134925673,-1211.7458820716902,-1211.7458820716902,-1211.7458820716902,0.0,0.0,0.0,4344.152558651687
508,2024-08-22 04:00:00,24043.24956166384,775.5692816906948,10305.023579487073,24026.53195138578,24111.20643762329,-18470.594176079216,-18470.594176079216,-18470.594176079216,-1999.4652781717505,-1999.4652781717505,-1999.4652781717505,-15004.845519997072,-15004.845519997072,-15004.845519997072,-278.97308698729717,-278.97308698729717,-278.97308698729717,-15004.845519997072,-15004.845519997072,-15004.845519997072,18.494403496795695,18.494403496795695,18.494403496795695,-1205.804694419892,-1205.804694419892,-1205.804694419892,0.0,0.0,0.0,5572.655385584625
509,2024-08-22 05:00:00,24043.300235861116,3742.931905627964,13221.016209444642,24026.299817150582,24111.79669056944,-15602.992791813325,-15602.992791813325,-15602.992791813325,-1634.2278334604023,-1634.2278334604023,-1634.2278334604023,-12505.561275240123,-12505.561275240123,-12505.561275240123,-289.97925652405075,-289.97925652405075,-289.97925652405075,-12505.561275240123,-12505.561275240123,-12505.561275240123,26.612866631314382,26.612866631314382,26.612866631314382,-1199.8372932200637,-1199.8372932200637,-1199.8372932200637,0.0,0.0,0.0,8440.30744404779
510,2024-08-22 06:00:00,24043.350910058394,10975.586127261675,20214.62109759128,24025.467037226193,24112.46689982121,-8584.339979175396,-8584.339979175396,-8584.339979175396,-1003.2458673659096,-1003.2458673659096,-1003.2458673659096,-6120.851801527517,-6120.851801527517,-6120.851801527517,-300.9107757238582,-300.9107757238582,-300.9107757238582,-6120.851801527517,-6120.851801527517,-6120.851801527517,34.51236312922844,34.51236312922844,34.51236312922844,-1193.8438976873422,-1193.8438976873422,-1193.8438976873422,0.0,0.0,0.0,15459.010930882998
511,2024-08-22 07:00:00,24043.40158425567,20113.559180564014,29324.067462730614,24024.634257301794,24113.23634783708,828.351697047044,828.351697047044,828.351697047044,-361.9678763957241,-361.9678763957241,-361.9678763957241,2647.6852525452605,2647.6852525452605,2647.6852525452605,-311.698010070249,-311.698010070249,-311.698010070249,2647.6852525452605,2647.6852525452605,2647.6852525452605,42.15705844640301,42.15705844640301,42.15705844640301,-1187.8247274786463,-1187.8247274786463,-1187.8247274786463,0.0,0.0,0.0,24871.753281302714
512,2024-08-22 08:00:00,24043.452258452948,28207.253322883815,37913.665464342266,24023.805870171225,24114.005795852943,9045.304909147924,9045.304909147924,9045.304909147924,71.60833917749738,71.60833917749738,71.60833917749738,10428.230544871574,10428.230544871574,10428.230544871574,-322.2711964237362,-322.2711964237362,-322.2711964237362,10428.230544871574,10428.230544871574,10428.230544871574,49.51722420803879,49.51722420803879,49.51722420803879,-1181.780002685449,-1181.780002685449,-1181.780002685449,0.0,0.0,0.0,33088.757167600874
513,2024-08-22 09:00:00,24043.502932650226,24501.76765809377,34137.12627381165,24022.980224922914,24113.211973317113,5303.600999584964,5303.600999584964,5303.600999584964,233.64907572278253,233.64907572278253,233.64907572278253,6521.652949919559,6521.652949919559,6521.652949919559,-332.5609412650323,-332.5609412650323,-332.5609412650323,6521.652949919559,6521.652949919559,6521.652949919559,56.56985902763488,56.56985902763488,56.56985902763488,-1175.7099438199805,-1175.7099438199805,-1175.7099438199805,0.0,0.0,0.0,29347.10393223519
514,2024-08-22 10:00:00,24043.5536068475,20771.999005906495,30349.023190770276,24022.733243803927,24113.271367485988,1507.7465260092883,1507.7465260092883,1507.7465260092883,218.53733281226528,218.53733281226528,218.53733281226528,2738.0234823213646,2738.0234823213646,2738.0234823213646,-342.49871811425663,-342.49871811425663,-342.49871811425663,2738.0234823213646,2738.0234823213646,2738.0234823213646,63.29920079671582,63.29920079671582,63.29920079671582,-1169.6147718068005,-1169.6147718068005,-1169.6147718068005,0.0,0.0,0.0,25551.300132856788
515,2024-08-22 11:00:00,24043.604281044783,21924.78344522252,30773.019405709943,24022.599747572807,24113.536829622142,2334.136346404371,2334.136346404371,2334.136346404371,181.7315934868804,181.7315934868804,181.7315934868804,3598.2196995065124,3598.2196995065124,3598.2196995065124,-352.0173605151134,-352.0173605151134,-352.0173605151134,3598.2196995065124,3598.2196995065124,3598.2196995065124,69.69712190074854,69.69712190074854,69.69712190074854,-1163.4947079746562,-1163.4947079746562,-1163.4947079746562,0.0,0.0,0.0,26377.740627449155
516,2024-08-22 12:00:00,24043.65495524206,21437.9481695053,30491.90347226234,24022.46625134168,24114.04844838599,1944.0502063510046,1944.0502063510046,1944.0502063510046,228.04123329658563,228.04123329658563,228.04123329658563,3158.647093644737,3158.647093644737,3158.647093644737,-361.0515469933916,-361.0515469933916,-361.0515469933916,3158.647093644737,3158.647093644737,3158.647093644737,75.76340044150686,75.76340044150686,75.76340044150686,-1157.3499740384334,-1157.3499740384334,-1157.3499740384334,0.0,0.0,0.0,25987.70516159306
517,2024-08-22 13:00:00,24043.705629439333,21744.72855961348,31157.177336165212,24022.332755110558,24114.056592895493,2341.0626718389185,2341.0626718389185,2341.0626718389185,368.02072767160126,368.02072767160126,368.02072767160126,3412.2551484552146,3412.2551484552146,3412.2551484552146,-369.53827445968744,-369.53827445968744,-369.53827445968744,3412.2551484552146,3412.2551484552146,3412.2551484552146,81.5058622703735,81.5058622703735,81.5058622703735,-1151.1807920985832,-1151.1807920985832,-1151.1807920985832,0.0,0.0,0.0,26384.76830127825
518,2024-08-22 14:00:00,24043.756303636612,23031.74747958868,32643.85506237538,24022.199258879442,24114.318331725764,3683.3532291217102,3683.3532291217102,3683.3532291217102,554.4194560625184,554.4194560625184,554.4194560625184,4564.398083819236,4564.398083819236,4564.398083819236,-377.4173165896125,-377.4173165896125,-377.4173165896125,4564.398083819236,4564.398083819236,4564.398083819236,86.94039045394908,86.94039045394908,86.94039045394908,-1144.9873846243809,-1144.9873846243809,-1144.9873846243809,0.0,0.0,0.0,27727.10953275832
519,2024-08-22 15:00:00,24043.806977833887,24645.80943408489,33931.37806972938,24021.53857500487,24114.58007055603,5146.773248247803,5146.773248247803,5146.773248247803,743.2220194279884,743.2220194279884,743.2220194279884,5834.862066475373,5834.862066475373,5834.862066475373,-384.6316638495632,-384.6316638495632,-384.6316638495632,5834.862066475373,5834.862066475373,5834.862066475373,92.09080063773526,92.09080063773526,92.09080063773526,-1138.7699744437307,-1138.7699744437307,-1138.7699744437307,0.0,0.0,0.0,29190.58022608169
520,2024-08-22 16:00:00,24043.857652031165,26141.90006269853,35588.391440305175,24021.25540292092,24114.841809386297,6940.629413991396,6940.629413991396,6940.629413991396,918.6862356948498,918.6862356948498,918.6862356948498,7448.611322280705,7448.611322280705,7448.611322280705,-391.1279419023898,-391.1279419023898,-391.1279419023898,7448.611322280705,7448.611322280705,7448.611322280705,96.98858265492794,96.98858265492794,96.98858265492794,-1132.5287847366965,-1132.5287847366965,-1132.5287847366965,0.0,0.0,0.0,30984.48706602256
521,2024-08-22 17:00:00,24043.908326228444,31174.93498042015,40611.812214636964,24021.030108061223,24115.103548216568,11818.122201998402,11818.122201998402,11818.122201998402,1072.879910540513,1072.879910540513,1072.879910540513,12166.690625197089,12166.690625197089,12166.690625197089,-396.856805350391,-396.856805350391,-396.856805350391,12166.690625197089,12166.690625197089,12166.690625197089,101.67251063231168,101.67251063231168,101.67251063231168,-1126.2640390211209,-1126.2640390211209,-1126.2640390211209,0.0,0.0,0.0,35862.030528226845
522,2024-08-22 18:00:00,24043.95900042572,31706.709475329382,40978.37468634331,24020.8523063218,24115.365287046832,12502.610273153123,12502.610273153123,12502.610273153123,1179.0448825300912,1179.0448825300912,1179.0448825300912,12739.126529973473,12739.126529973473,12739.126529973473,-401.77330389982046,-401.77330389982046,-401.77330389982046,12739.126529973473,12739.126529973473,12739.126529973473,106.1881256927147,106.1881256927147,106.1881256927147,-1119.9759611433371,-1119.9759611433371,-1119.9759611433371,0.0,0.0,0.0,36546.56927357884
523,2024-08-22 19:00:00,24044.009674623,30042.939452335806,39255.03236283715,24020.674504582385,24115.627025877104,10298.765374301582,10298.765374301582,10298.765374301582,1196.1622846281457,1196.1622846281457,1196.1622846281457,10511.517985982224,10511.517985982224,10511.517985982224,-405.83721822597886,-405.83721822597886,-405.83721822597886,10511.517985982224,10511.517985982224,10511.517985982224,110.5870971861613,110.5870971861613,110.5870971861613,-1113.6647752689703,-1113.6647752689703,-1113.6647752689703,0.0,0.0,0.0,34342.77504892458
524,2024-08-22 20:00:00,24044.060348820276,28249.934853423558,37329.0369775689,24020.496702842967,24115.88876470737,8712.301137390848,8712.301137390848,8712.301137390848,1098.5103073387677,1098.5103073387677,1098.5103073387677,9015.208428885828,9015.208428885828,9015.208428885828,-409.0133630797418,-409.0133630797418,-409.0133630797418,9015.208428885828,9015.208428885828,9015.208428885828,114.92647012050874,114.92647012050874,114.92647012050874,-1107.3307058745152,-1107.3307058745152,-1107.3307058745152,0.0,0.0,0.0,32756.361486211124
525,2024-08-22 21:00:00,24044.11102301755,29567.302106716026,38673.89914092628,24020.31890110355,24116.15050353764,9917.116052388963,9917.116052388963,9917.116052388963,891.5583668613585,891.5583668613585,891.5583668613585,10418.535710456577,10418.535710456577,10418.535710456577,-411.27185534629757,-411.27185534629757,-411.27185534629757,10418.535710456577,10418.535710456577,10418.535710456577,119.26780814552684,119.26780814552684,119.26780814552684,-1100.9739777282018,-1100.9739777282018,-1100.9739777282018,0.0,0.0,0.0,33961.22707540651
526,2024-08-22 22:00:00,24044.16169721483,27688.064163121682,37098.14496596647,24020.141099364133,24116.41224236791,8291.472172886339,8291.472172886339,8291.472172886339,591.9068211311591,591.9068211311591,591.9068211311591,9083.072269790804,9083.072269790804,9083.072269790804,-412.58834507342726,-412.58834507342726,-412.58834507342726,9083.072269790804,9083.072269790804,9083.072269790804,123.67624292991712,123.67624292991712,123.67624292991712,-1094.594815892113,-1094.594815892113,-1094.594815892113,0.0,0.0,0.0,32335.63387010117
527,2024-08-22 23:00:00,24044.212371412104,22576.311400249742,31896.55414979794,24019.710750219874,24116.673981198175,2983.122399283643,2983.122399283643,2983.122399283643,195.7408520314924,195.7408520314924,195.7408520314924,4160.299758430516,4160.299758430516,4160.299758430516,-412.9442077266148,-412.9442077266148,-412.9442077266148,4160.299758430516,4160.299758430516,4160.299758430516,128.21944224969866,128.21944224969866,128.21944224969866,-1088.1934457014493,-1088.1934457014493,-1088.1934457014493,0.0,0.0,0.0,27027.334770695747
528,2024-08-23 00:00:00,24044.263045609387,14366.534670944267,24005.52277984259,24019.633454303126,24116.935720028447,-4832.743586536546,-4832.743586536546,-4832.743586536546,-317.3808373224169,-317.3808373224169,-317.3808373224169,-3154.2324705385763,-3154.2324705385763,-3154.2324705385763,-412.32669620946706,-412.32669620946706,-412.32669620946706,-3154.2324705385763,-3154.2324705385763,-3154.2324705385763,132.96651029455938,132.96651029455938,132.96651029455938,-1081.7700927606454,-1081.7700927606454,-1081.7700927606454,0.0,0.0,0.0,19211.519459072842
529,2024-08-23 01:00:00,24044.31371980666,8456.641432118167,17740.869203138118,24019.513592341234,24117.19745885871,-11181.674365596129,-11181.674365596129,-11181.674365596129,-931.8802473557778,-931.8802473557778,-931.8802473557778,-8901.726918610955,-8901.726918610955,-8901.726918610955,-410.7290514916271,-410.7290514916271,-410.7290514916271,-8901.726918610955,-8901.726918610955,-8901.726918610955,137.98683479293163,137.98683479293163,137.98683479293163,-1075.324982930699,-1075.324982930699,-1075.324982930699,0.0,0.0,0.0,12862.639354210532
530,2024-08-23 02:00:00,24044.364394003936,4034.043953205587,13190.98938414937,24019.286880731102,24117.45919768898,-15587.44150854212,-15587.44150854212,-15587.44150854212,-1540.6626251483654,-1540.6626251483654,-1540.6626251483654,-12713.118866579367,-12713.118866579367,-12713.118866579367,-408.1505709706277,-408.1505709706277,-408.1505709706277,-12713.118866579367,-12713.118866579367,-12713.118866579367,143.34889647490672,143.34889647490672,143.34889647490672,-1068.8583423186662,-1068.8583423186662,-1068.8583423186662,0.0,0.0,0.0,8456.922885461816
531,2024-08-23 03:00:00,24044.41506820122,1432.7500939228041,10906.468731094015,24019.102790234425,24117.72093651925,-17986.957672073735,-17986.957672073735,-17986.957672073735,-1954.8888731240354,-1954.8888731240354,-1954.8888731240354,-14714.22082469297,-14714.22082469297,-14714.22082469297,-404.5966340192505,-404.5966340192505,-404.5966340192505,-14714.22082469297,-14714.22082469297,-14714.22082469297,149.11905702904238,149.11905702904238,149.11905702904238,-1062.3703972665242,-1062.3703972665242,-1062.3703972665242,0.0,0.0,0.0,6057.457396127484
532,2024-08-23 04:00:00,24044.465742398494,1807.969845054541,11274.53391145916,24018.924484863386,24118.3046350431,-17263.356826557203,-17263.356826557203,-17263.356826557203,-1999.465278168276,-1999.465278168276,-1999.465278168276,-13963.311831822331,-13963.311831822331,-13963.311831822331,-400.0786844616946,-400.0786844616946,-400.0786844616946,-13963.311831822331,-13963.311831822331,-13963.311831822331,155.3603422391061,155.3603422391061,155.3603422391061,-1055.8613743440076,-1055.8613743440076,-1055.8613743440076,0.0,0.0,0.0,6781.108915841291
533,2024-08-23 05:00:00,24044.516416595772,4418.517257105512,13881.709641383753,24018.746179492355,24118.77772356119,-15037.776233916979,-15037.776233916979,-15037.776233916979,-1634.2278334813864,-1634.2278334813864,-1634.2278334813864,-12121.73396726458,-12121.73396726458,-12121.73396726458,-394.61417005519286,-394.61417005519286,-394.61417005519286,-12121.73396726458,-12121.73396726458,-12121.73396726458,162.13123722199714,162.13123722199714,162.13123722199714,-1049.3315003378177,-1049.3315003378177,-1049.3315003378177,0.0,0.0,0.0,9006.740182678794
534,2024-08-23 06:00:00,24044.567090793047,10041.765205296684,19707.9754517118,24018.56787412132,24119.09729458988,-9038.038888471114,-9038.038888471114,-9038.038888471114,-1003.2458673925746,-1003.2458673925746,-1003.2458673925746,-6773.270090227626,-6773.270090227626,-6773.270090227626,-388.22643935184857,-388.22643935184857,-388.22643935184857,-6773.270090227626,-6773.270090227626,-6773.270090227626,169.484510736809,169.484510736809,169.484510736809,-1042.781002235874,-1042.781002235874,-1042.781002235874,0.0,0.0,0.0,15006.528202321933
535,2024-08-23 07:00:00,24044.617764990322,17817.44461216148,27326.86416338025,24018.389568750277,24119.66489989846,-1387.8153548247162,-1387.8153548247162,-1387.8153548247162,-361.96787641778275,-361.96787641778275,-361.96787641778275,213.8411400895389,213.8411400895389,213.8411400895389,-380.9445966392579,-380.9445966392579,-380.9445966392579,213.8411400895389,213.8411400895389,213.8411400895389,177.46608536794778,177.46608536794778,177.46608536794778,-1036.210107225163,-1036.210107225163,-1036.210107225163,0.0,0.0,0.0,22656.802410165605
536,2024-08-23 08:00:00,24044.668439187604,24236.590018292696,33158.59502469509,24018.211263379246,24120.427868733455,4540.993769267459,4540.993769267459,4540.993769267459,71.60833918161839,71.60833918161839,71.60833918161839,5685.693818771902,5685.693818771902,5685.693818771902,-372.80331595075705,-372.80331595075705,-372.80331595075705,5685.693818771902,5685.693818771902,5685.693818771902,186.11396994117413,186.11396994117413,186.11396994117413,-1029.619042676478,-1029.619042676478,-1029.619042676478,0.0,0.0,0.0,28585.66220845506
537,2024-08-23 09:00:00,24044.71911338488,21591.960471426566,31147.585603824435,24018.15267626608,24121.119321157425,2508.0527690070126,2508.0527690070126,2508.0527690070126,233.64907572088643,233.64907572088643,233.64907572088643,3465.797074883491,3465.797074883491,3465.797074883491,-363.8426154552543,-363.8426154552543,-363.8426154552543,3465.797074883491,3465.797074883491,3465.797074883491,195.4572699946463,195.4572699946463,195.4572699946463,-1023.0080361367569,-1023.0080361367569,-1023.0080361367569,0.0,0.0,0.0,26552.77188239189
538,2024-08-23 10:00:00,24044.769787582158,19959.888095809227,28915.51571211513,24018.12959445339,24121.8107735814,746.5321146856035,746.5321146856035,746.5321146856035,218.5373328142485,218.5373328142485,218.5373328142485,1692.964399813897,1692.964399813897,1692.964399813897,-354.1075938026957,-354.1075938026957,-354.1075938026957,1692.964399813897,1692.964399813897,1692.964399813897,205.51529117505092,205.51529117505092,205.51529117505092,-1016.3773153148973,-1016.3773153148973,-1016.3773153148973,0.0,0.0,0.0,24791.30190226776
539,2024-08-23 11:00:00,24044.820461779436,20284.542783624198,29833.261484968127,24018.106512640705,24122.502226005374,917.4126154115082,917.4126154115082,917.4126154115082,181.7315934922541,181.7315934922541,181.7315934922541,1872.7595107829238,1872.7595107829238,1872.7595107829238,-343.6481303123382,-343.6481303123382,-343.6481303123382,1872.7595107829238,1872.7595107829238,1872.7595107829238,216.2967495270734,216.2967495270734,216.2967495270734,-1009.7271080784051,-1009.7271080784051,-1009.7271080784051,0.0,0.0,0.0,24962.233077190944
540,2024-08-23 12:00:00,24044.87113597671,21969.92662431926,31709.045846579374,24017.406474754902,24123.193678429343,2660.7555083882185,2660.7555083882185,2660.7555083882185,228.04123329889467,228.04123329889467,228.04123329889467,3540.4913673081237,3540.4913673081237,3540.4913673081237,-332.51855110987754,-332.51855110987754,-332.51855110987754,3540.4913673081237,3540.4913673081237,3540.4913673081237,227.79910132675863,227.79910132675863,227.79910132675863,-1003.0576424356809,-1003.0576424356809,-1003.0576424356809,0.0,0.0,0.0,26705.62664436493
541,2024-08-23 13:00:00,24044.92181017399,22669.74314056281,32582.20217941611,24017.066148915026,24123.88513085332,3594.180887300638,3594.180887300638,3594.180887300638,368.020727664844,368.020727664844,368.020727664844,4303.298566051714,4303.298566051714,4303.298566051714,-320.77726363145234,-320.77726363145234,-320.77726363145234,4303.298566051714,4303.298566051714,4303.298566051714,240.00800374728746,240.00800374728746,240.00800374728746,-996.3691465317555,-996.3691465317555,-996.3691465317555,0.0,0.0,0.0,27639.102697474627
542,2024-08-23 14:00:00,24044.972484371265,24493.311953504228,34318.897699299756,24016.546771662608,24124.241511863154,5346.674273695904,5346.674273695904,5346.674273695904,554.4194560689431,554.4194560689431,554.4194560689431,5837.506112224917,5837.506112224917,5837.506112224917,-308.48636207316633,-308.48636207316633,-308.48636207316633,5837.506112224917,5837.506112224917,5837.506112224917,252.89691611196503,252.89691611196503,252.89691611196503,-989.6618486367543,-989.6618486367543,-989.6618486367543,0.0,0.0,0.0,29391.646758067167
543,2024-08-23 15:00:00,24045.02315856854,25512.699560709636,34962.81253022001,24016.385497235267,24124.494405273945,6112.079536318465,6112.079536318465,6112.079536318465,743.2220194328095,743.2220194328095,743.2220194328095,6381.077850902109,6381.077850902109,6381.077850902109,-295.71120665233985,-295.71120665233985,-295.71120665233985,6381.077850902109,6381.077850902109,6381.077850902109,266.4268497685683,266.4268497685683,266.4268497685683,-982.9359771326823,-982.9359771326823,-982.9359771326823,0.0,0.0,0.0,30157.102694887006
544,2024-08-23 16:00:00,24045.073832765822,26909.46752797925,36597.5008518879,24016.112918189217,24124.747298684735,7755.112089766038,7755.112089766038,7755.112089766038,918.6862356969013,918.6862356969013,918.6862356969013,7814.591321446824,7814.591321446824,7814.591321446824,-282.5199796756557,-282.5199796756557,-282.5199796756557,7814.591321446824,7814.591321446824,7814.591321446824,280.5462728061228,280.5462728061228,280.5462728061228,-976.1917605081547,-976.1917605081547,-976.1917605081547,0.0,0.0,0.0,31800.18592253186
545,2024-08-23 17:00:00,24045.124506963097,30449.620822318328,40263.793980441085,24015.88620657908,24125.226092905235,11392.305751534752,11392.305751534752,11392.305751534752,1072.8799105399573,1072.8799105399573,1072.8799105399573,11262.64731599866,11262.64731599866,11262.64731599866,-268.98322162622105,-268.98322162622105,-268.98322162622105,11262.64731599866,11262.64731599866,11262.64731599866,295.19117396787493,295.19117396787493,295.19117396787493,-969.4294273455205,-969.4294273455205,-969.4294273455205,0.0,0.0,0.0,35437.43025849785
546,2024-08-23 18:00:00,24045.17518116037,37748.87119721152,47312.671215621755,24015.696978339158,24125.817987950402,18181.06560695061,18181.06560695061,18181.06560695061,1179.0448825410042,1179.0448825410042,1179.0448825410042,17909.557993207764,17909.557993207764,17909.557993207764,-255.17335058942305,-255.17335058942305,-255.17335058942305,17909.557993207764,17909.557993207764,17909.557993207764,310.28528810094184,310.28528810094184,310.28528810094184,-962.649206309676,-962.649206309676,-962.649206309676,0.0,0.0,0.0,42226.24078811098
547,2024-08-23 19:00:00,24045.22585535765,35816.563758491466,44773.54321501432,24015.51524299381,24126.409882995576,16271.902309035617,16271.902309035617,16271.902309035617,1196.162284625694,1196.162284625694,1196.162284625694,15947.015035608352,15947.015035608352,15947.015035608352,-241.16416851267482,-241.16416851267482,-241.16416851267482,15947.015035608352,15947.015035608352,15947.015035608352,325.74048345765647,325.74048345765647,325.74048345765647,-955.8513261434107,-955.8513261434107,-955.8513261434107,0.0,0.0,0.0,40317.12816439327
548,2024-08-23 20:00:00,24045.27652955493,29177.73161659063,38485.97378437954,24015.333507648458,24127.001778040747,9800.207021705393,9800.207021705393,9800.207021705393,1098.5103073369112,1098.5103073369112,1098.5103073369112,9536.30577869189,9536.30577869189,9536.30577869189,-227.03035782959628,-227.03035782959628,-227.03035782959628,9536.30577869189,9536.30577869189,9536.30577869189,341.4573091567142,341.4573091567142,341.4573091567142,-949.0360156505269,-949.0360156505269,-949.0360156505269,0.0,0.0,0.0,33845.483551260324
549,2024-08-23 21:00:00,24045.327203752207,29123.111614280806,39226.56056482057,24015.151772303114,24127.593673085918,10167.541667398142,10167.541667398142,10167.541667398142,891.5583668599681,891.5583668599681,891.5583668599681,10073.708077286814,10073.708077286814,10073.708077286814,-212.84697209106739,-212.84697209106739,-212.84697209106739,10073.708077286814,10073.708077286814,10073.708077286814,357.3256990327494,357.3256990327494,357.3256990327494,-942.2035036903223,-942.2035036903223,-942.2035036903223,0.0,0.0,0.0,34212.86887115035
550,2024-08-23 22:00:00,24045.377877949482,31498.12205216299,40517.1940879881,24014.970036957762,24128.185568131088,11978.170322973161,11978.170322973161,11978.170322973161,591.9068211287615,591.9068211287615,591.9068211287615,12147.0806192213,12147.0806192213,12147.0806192213,-198.6889242993843,-198.6889242993843,-198.6889242993843,12147.0806192213,12147.0806192213,12147.0806192213,373.22582609017377,373.22582609017377,373.22582609017377,-935.3540191676896,-935.3540191676896,-935.3540191676896,0.0,0.0,0.0,36023.54820092264
551,2024-08-23 23:00:00,24045.428552146757,30432.579798755072,40467.203508960054,24014.213067012894,24128.77746317626,11447.971015484281,11447.971015484281,11447.971015484281,195.74085201862027,195.74085201862027,195.74085201862027,11976.319331229884,11976.319331229884,11976.319331229884,-184.63047660105528,-184.63047660105528,-184.63047660105528,11976.319331229884,11976.319331229884,11976.319331229884,389.0290998593284,389.0290998593284,389.0290998593284,-928.4877910224943,-928.4877910224943,-928.4877910224943,0.0,0.0,0.0,35493.39956763104
552,2024-08-24 00:00:00,24045.47922634404,25915.636869249767,35380.69426106006,24012.964835817358,24129.33816913664,6575.021274760461,6575.021274760461,6575.021274760461,-317.38083733251665,-317.38083733251665,-317.38083733251665,7580.152598320545,7580.152598320545,7580.152598320545,-170.7447350532176,-170.7447350532176,-170.7447350532176,7580.152598320545,7580.152598320545,7580.152598320545,404.59929704212334,404.59929704212334,404.59929704212334,-921.6050482164732,-921.6050482164732,-921.6050482164732,0.0,0.0,0.0,30620.5005011045
553,2024-08-24 01:00:00,24045.529900541314,20159.984471878568,29264.60808034238,24011.71660462182,24129.87932445283,667.6234582599404,667.6234582599404,667.6234582599404,-931.8802473578603,-931.8802473578603,-931.8802473578603,2251.519064405175,2251.519064405175,2251.519064405175,-157.10315310763232,-157.10315310763232,-157.10315310763232,2251.519064405175,2251.519064405175,2251.519064405175,419.7938140488934,419.7938140488934,419.7938140488934,-914.706019728635,-914.706019728635,-914.706019728635,0.0,0.0,0.0,24713.153358801253
554,2024-08-24 02:00:00,24045.580574738593,14598.970099330687,24116.54554206489,24010.405506694096,24130.42047976903,-4552.053233332339,-4552.053233332339,-4552.053233332339,-1540.662625160597,-1540.662625160597,-1540.662625160597,-2394.2896546903253,-2394.2896546903253,-2394.2896546903253,-143.77504738142312,-143.77504738142312,-143.77504738142312,-2394.2896546903253,-2394.2896546903253,-2394.2896546903253,434.46502844442045,434.46502844442045,434.46502844442045,-907.7909345444143,-907.7909345444143,-907.7909345444143,0.0,0.0,0.0,19493.527341406254
555,2024-08-24 03:00:00,24045.631248935868,9350.383864538058,19195.85039423883,24009.603375218674,24130.96163508522,-9784.448211468258,-9784.448211468258,-9784.448211468258,-1954.8888731299714,-1954.8888731299714,-1954.8888731299714,-7246.333942250298,-7246.333942250298,-7246.333942250298,-130.82712920853916,-130.82712920853916,-130.82712920853916,-7246.333942250298,-7246.333942250298,-7246.333942250298,448.4617547614969,448.4617547614969,448.4617547614969,-900.8600216409475,-900.8600216409475,-900.8600216409475,0.0,0.0,0.0,14261.18303746761
556,2024-08-24 04:00:00,24045.681923133146,5502.332055303017,14920.744611781563,24009.452012151447,24131.50279040141,-13892.472547277433,-13892.472547277433,-13892.472547277433,-1999.4652781648012,-1999.4652781648012,-1999.4652781648012,-11342.401482586332,-11342.401482586332,-11342.401482586332,-118.323055372263,-118.323055372263,-118.323055372263,-11342.401482586332,-11342.401482586332,-11342.401482586332,461.6307788299549,461.6307788299549,461.6307788299549,-893.913509983991,-893.913509983991,-893.913509983991,0.0,0.0,0.0,10153.209375855713
557,2024-08-24 05:00:00,24045.732597330425,4001.363326273141,13187.600855306699,24009.300649084224,24132.072898953924,-15425.798215019659,-15425.798215019659,-15425.798215019659,-1634.2278334697903,-1634.2278334697903,-1634.2278334697903,-13272.114205462234,-13272.114205462234,-13272.114205462234,-106.32300122259673,-106.32300122259673,-106.32300122259673,-13272.114205462234,-13272.114205462234,-13272.114205462234,473.8184536504553,473.8184536504553,473.8184536504553,-886.9516285154912,-886.9516285154912,-886.9516285154912,0.0,0.0,0.0,8619.934382310767
558,2024-08-24 06:00:00,24045.7832715277,6677.766895692458,15921.383562994273,24009.149286016996,24132.679536443044,-12635.346410980605,-12635.346410980605,-12635.346410980605,-1003.245867391188,-1003.245867391188,-1003.245867391188,-11142.115017058337,-11142.115017058337,-11142.115017058337,-94.88325926269222,-94.88325926269222,-94.88325926269222,-11142.115017058337,-11142.115017058337,-11142.115017058337,484.87233887129537,484.87233887129537,484.87233887129537,-879.9746061396827,-879.9746061396827,-879.9746061396827,0.0,0.0,0.0,11410.436860547095
559,2024-08-24 07:00:00,24045.833945724982,9733.795490791852,19127.479811116027,24009.101476839787,24133.339975048035,-9687.53146713923,-9687.53146713923,-9687.53146713923,-361.9678764067177,-361.9678764067177,-361.9678764067177,-8863.167918096764,-8863.167918096764,-8863.167918096764,-84.05586609924276,-84.05586609924276,-84.05586609924276,-8863.167918096764,-8863.167918096764,-8863.167918096764,494.64286518468197,494.64286518468197,494.64286518468197,-872.9826717211869,-872.9826717211869,-872.9826717211869,0.0,0.0,0.0,14358.302478585752
560,2024-08-24 08:00:00,24045.884619922257,12974.325426559635,22435.868477345182,24009.070724780846,24133.94410965724,-6485.241423742112,-6485.241423742112,-6485.241423742112,71.6083391701325,71.6083391701325,71.6083391701325,-6119.970452944335,-6119.970452944335,-6119.970452944335,-73.88826040253483,-73.88826040253483,-73.88826040253483,-6119.970452944335,-6119.970452944335,-6119.970452944335,502.9850045054989,502.9850045054989,502.9850045054989,-865.9760540708725,-865.9760540708725,-865.9760540708725,0.0,0.0,0.0,17560.643196180146
561,2024-08-24 09:00:00,24045.935294119532,17109.28941978967,26815.61739497163,24009.039972721905,24134.613317536787,-2000.280343990599,-2000.280343990599,-2000.280343990599,233.64907571888264,233.64907571888264,233.64907571888264,-1820.311389893371,-1820.311389893371,-1820.311389893371,-64.42297434161291,-64.42297434161291,-64.42297434161291,-1820.311389893371,-1820.311389893371,-1820.311389893371,509.75992646039475,509.75992646039475,509.75992646039475,-858.9549819348925,-858.9549819348925,-858.9549819348925,0.0,0.0,0.0,22045.654950128934
562,2024-08-24 10:00:00,24045.98596831681,20252.29525064458,29970.794684456683,24009.009220662963,24135.282525416336,801.3035629361549,801.3035629361549,801.3035629361549,218.53733281015295,218.53733281015295,218.53733281015295,975.5466531041532,975.5466531041532,975.5466531041532,-55.69736069237288,-55.69736069237288,-55.69736069237288,975.5466531041532,975.5466531041532,975.5466531041532,514.8366217028023,514.8366217028023,514.8366217028023,-851.9196839885809,-851.9196839885809,-851.9196839885809,0.0,0.0,0.0,24847.289531252965
563,2024-08-24 11:00:00,24046.036642514086,22545.862248230216,32008.316416414455,24008.97846860402,24135.951733295875,2976.8752708304705,2976.8752708304705,2976.8752708304705,181.73159349244042,181.73159349244042,181.73159349244042,3169.663950934506,3169.663950934506,3169.663950934506,-47.743357539750306,-47.743357539750306,-47.743357539750306,3169.663950934506,3169.663950934506,3169.663950934506,518.0934727692031,518.0934727692031,518.0934727692031,-844.8703888259286,-844.8703888259286,-844.8703888259286,0.0,0.0,0.0,27022.911913344557
564,2024-08-24 12:00:00,24046.087316711368,23766.415286304284,33254.87767450167,24008.94771654508,24136.620941175424,4367.583646951779,4367.583646951779,4367.583646951779,228.04123329504225,228.04123329504225,228.04123329504225,4498.517277226418,4498.517277226418,4498.517277226418,-40.58729223785475,-40.58729223785475,-40.58729223785475,4498.517277226418,4498.517277226418,4498.517277226418,519.4197536148137,519.4197536148137,519.4197536148137,-837.8073249466398,-837.8073249466398,-837.8073249466398,0.0,0.0,0.0,28413.670963663146
565,2024-08-24 13:00:00,24046.137990908643,25089.190414985605,34746.552221063655,24008.048786184405,24137.269808831174,5643.773704157917,5643.773704157917,5643.773704157917,368.0207276592805,368.0207276592805,368.0207276592805,5622.016383637039,5622.016383637039,5622.016383637039,-34.24972600516104,-34.24972600516104,-34.24972600516104,5622.016383637039,5622.016383637039,5622.016383637039,518.7170396187269,518.7170396187269,518.7170396187269,-830.7307207519689,-830.7307207519689,-830.7307207519689,0.0,0.0,0.0,29689.91169506656
566,2024-08-24 14:00:00,24046.188665105918,25734.56817503204,35095.32707085693,24006.889788578297,24137.874903611617,6379.776212931159,6379.776212931159,6379.776212931159,554.419456061404,554.419456061404,554.419456061404,6161.84239083571,6161.84239083571,6161.84239083571,-28.745340205978952,-28.745340205978952,-28.745340205978952,6161.84239083571,6161.84239083571,6161.84239083571,515.900510772593,515.900510772593,515.900510772593,-823.6408045325701,-823.6408045325701,-823.6408045325701,0.0,0.0,0.0,30425.964878037077
567,2024-08-24 15:00:00,24046.2393393032,27505.151273528183,36712.37428155989,24005.730790972197,24138.797368979358,7977.128794090151,7977.128794090151,7977.128794090151,743.2220194256444,743.2220194256444,743.2220194256444,7563.627312385892,7563.627312385892,7563.627312385892,-24.082865090079693,-24.082865090079693,-24.082865090079693,7563.627312385892,7563.627312385892,7563.627312385892,510.90013182538837,510.90013182538837,510.90013182538837,-816.5378044566941,-816.5378044566941,-816.5378044566941,0.0,0.0,0.0,32023.36813339335
568,2024-08-24 16:00:00,24046.290013500475,30094.922847110152,39671.94353424675,24004.571793366093,24139.241131311006,10808.927140801221,10808.927140801221,10808.927140801221,918.6862356903524,918.6862356903524,918.6862356903524,10216.26621061642,10216.26621061642,10216.26621061642,-20.265051436963876,-20.265051436963876,-20.265051436963876,10216.26621061642,10216.26621061642,10216.26621061642,503.6616944975499,503.6616944975499,503.6616944975499,-809.4219485661386,-809.4219485661386,-809.4219485661386,0.0,0.0,0.0,34855.217154301696
569,2024-08-24 17:00:00,24046.34068769775,33754.44480339577,43445.36891226562,24003.412795759992,24139.95435897849,14580.766264882433,14580.766264882433,14580.766264882433,1072.8799105394019,1072.8799105394019,1072.8799105394019,13833.320795993312,13833.320795993312,13833.320795993312,-17.28868523262606,-17.28868523262606,-17.28868523262606,13833.320795993312,13833.320795993312,13833.320795993312,494.1477083440274,494.1477083440274,494.1477083440274,-802.2934647616822,-802.2934647616822,-802.2934647616822,0.0,0.0,0.0,38627.10695258019
570,2024-08-24 18:00:00,24046.39136189503,34033.55517030255,43277.671074859376,24002.599139054528,24140.563760022054,14563.221150869284,14563.221150869284,14563.221150869284,1179.0448825383307,1179.0448825383307,1179.0448825383307,13712.135365805854,13712.135365805854,13712.135365805854,-15.14464519380253,-15.14464519380253,-15.14464519380253,13712.135365805854,13712.135365805854,13712.135365805854,482.3381285166601,482.3381285166601,482.3381285166601,-795.1525807977607,-795.1525807977607,-795.1525807977607,0.0,0.0,0.0,38609.61251276431
571,2024-08-24 19:00:00,24046.442036092303,36368.16712401246,45424.405990778214,24002.418906108775,24141.17316106561,16652.71065601919,16652.71065601919,16652.71065601919,1196.1622846272076,1196.1622846272076,1196.1622846272076,15790.134987802045,15790.134987802045,15790.134987802045,-13.818002642069635,-13.818002642069635,-13.818002642069635,15790.134987802045,15790.134987802045,15790.134987802045,468.23091050227487,468.23091050227487,468.23091050227487,-787.9995242702653,-787.9995242702653,-787.9995242702653,0.0,0.0,0.0,40699.15269211149
572,2024-08-24 20:00:00,24046.492710289585,33906.93398643714,43124.307888315554,24002.257958219212,24142.11466008419,14181.266070463222,14181.266070463222,14181.266070463222,1098.5103073350544,1098.5103073350544,1098.5103073350544,13425.03606483448,13425.03606483448,13425.03606483448,-13.288162913380717,-13.288162913380717,-13.288162913380717,13425.03606483448,13425.03606483448,13425.03606483448,451.84238381484363,451.84238381484363,451.84238381484363,-780.8345226077749,-780.8345226077749,-780.8345226077749,0.0,0.0,0.0,38227.7587807528
573,2024-08-24 21:00:00,24046.54338448686,31873.24487196359,41199.60168543824,24002.097010329646,24143.012117942377,12551.355601310614,12551.355601310614,12551.355601310614,891.5583668473829,891.5583668473829,891.5583668473829,12013.776646015098,12013.776646015098,12013.776646015098,-13.529047184614637,-13.529047184614637,-13.529047184614637,12013.776646015098,12013.776646015098,12013.776646015098,433.2074386964005,433.2074386964005,433.2074386964005,-773.6578030636524,-773.6578030636524,-773.6578030636524,0.0,0.0,0.0,36597.898985797474
574,2024-08-24 22:00:00,24046.594058684135,33907.81585160618,43915.94605801922,24001.937104530654,24143.394764402892,14794.978008711743,14794.978008711743,14794.978008711743,591.9068211422664,591.9068211422664,591.9068211422664,14571.670571553615,14571.670571553615,14571.670571553615,-14.509313292489647,-14.509313292489647,-14.509313292489647,14571.670571553615,14571.670571553615,14571.670571553615,412.3795220145933,412.3795220145933,412.3795220145933,-766.4695927062402,-766.4695927062402,-766.4695927062402,0.0,0.0,0.0,38841.57206739588
575,2024-08-24 23:00:00,24046.644732881417,32963.815831691354,42530.105427916256,24001.90132250126,24143.823621000683,13736.672643366142,13736.672643366142,13736.672643366142,195.74085201301745,195.74085201301745,195.74085201301745,13926.964082956347,13926.964082956347,13926.964082956347,-16.192613872515167,-16.192613872515167,-16.192613872515167,13926.964082956347,13926.964082956347,13926.964082956347,389.4304406787919,389.4304406787919,389.4304406787919,-759.2701184094994,-759.2701184094994,-759.2701184094994,0.0,0.0,0.0,37783.31737624756
576,2024-08-25 00:00:00,24046.695407078692,28231.077938443923,37918.05299662251,24001.865540471863,24144.43194227666,8875.573504407357,8875.573504407357,8875.573504407357,-317.3808373426164,-317.3808373426164,-317.3808373426164,9599.101865243574,9599.101865243574,9599.101865243574,-18.537889802045186,-18.537889802045186,-18.537889802045186,9599.101865243574,9599.101865243574,9599.101865243574,364.449973149767,364.449973149767,364.449973149767,-752.0596068413224,-752.0596068413224,-752.0596068413224,0.0,0.0,0.0,32922.26891148605
577,2024-08-25 01:00:00,24046.74608127597,22600.152312266393,32284.879996390802,24001.82975844247,24145.040263552644,3325.7919258906163,3325.7919258906163,3325.7919258906163,-931.880247332865,-931.880247332865,-931.880247332865,4686.4648625898735,4686.4648625898735,4686.4648625898735,-21.499696746837117,-21.499696746837117,-21.499696746837117,4686.4648625898735,4686.4648625898735,4686.4648625898735,337.5452918409267,337.5452918409267,337.5452918409267,-744.8382844604814,-744.8382844604814,-744.8382844604814,0.0,0.0,0.0,27372.538007166586
578,2024-08-25 02:00:00,24046.796755473246,16805.802644632917,26157.81238619209,24001.793976413075,24145.858161824486,-2623.8464805163367,-2623.8464805163367,-2623.8464805163367,-1540.6626251597716,-1540.6626251597716,-1540.6626251597716,-629.3891168693646,-629.3891168693646,-629.3891168693646,-25.028562321204607,-25.028562321204607,-25.028562321204607,-629.3891168693646,-629.3891168693646,-629.3891168693646,308.840201334971,308.840201334971,308.840201334971,-737.6063775009675,-737.6063775009675,-737.6063775009675,0.0,0.0,0.0,21422.950274956907
579,2024-08-25 03:00:00,24046.84742967052,11276.673004069731,20826.002109558733,24001.758194383678,24146.706035010695,-8093.993952088788,-8093.993952088788,-8093.993952088788,-1954.888873135907,-1954.888873135907,-1954.888873135907,-5658.143795357228,-5658.143795357228,-5658.143795357228,-29.071371162548502,-29.071371162548502,-29.071371162548502,-5658.143795357228,-5658.143795357228,-5658.143795357228,278.47419953511644,278.47419953511644,278.47419953511644,-730.3641119682206,-730.3641119682206,-730.3641119682206,0.0,0.0,0.0,15952.853477581732
580,2024-08-25 04:00:00,24046.898103867803,7188.858915872944,16462.551334454085,24001.283300958443,24147.209245800954,-12436.503053868446,-12436.503053868446,-12436.503053868446,-1999.4652781641028,-1999.4652781641028,-1999.4652781641028,-9926.95565799684,-9926.95565799684,-9926.95565799684,-33.571775029601405,-33.571775029601405,-33.571775029601405,-9926.95565799684,-9926.95565799684,-9926.95565799684,246.6013709468628,246.6013709468628,246.6013709468628,-723.1117136247649,-723.1117136247649,-723.1117136247649,0.0,0.0,0.0,11610.395049999357
581,2024-08-25 05:00:00,24046.948778065078,3992.698850062321,13733.78544288939,24000.459111313026,24147.982783063806,-15138.360270175792,-15138.360270175792,-15138.360270175792,-1634.2278334581943,-1634.2278334581943,-1634.2278334581943,-12963.20152705712,-12963.20152705712,-12963.20152705712,-38.47062481969106,-38.47062481969106,-38.47062481969106,-12963.20152705712,-12963.20152705712,-12963.20152705712,213.38912314741768,213.38912314741768,213.38912314741768,-715.8494079882026,-715.8494079882026,-715.8494079882026,0.0,0.0,0.0,8908.588507889286
582,2024-08-25 06:00:00,24046.999452262356,6403.902205161071,15862.50563423935,24000.28266644209,24148.680201144944,-13215.92888465256,-13215.92888465256,-13215.92888465256,-1003.2458673767452,-1003.2458673767452,-1003.2458673767452,-11639.4159551185,-11639.4159551185,-11639.4159551185,-43.706421294797444,-43.706421294797444,-43.706421294797444,-11639.4159551185,-11639.4159551185,-11639.4159551185,179.01677945122557,179.01677945122557,179.01677945122557,-708.577420313741,-708.577420313741,-708.577420313741,0.0,0.0,0.0,10831.070567609797
583,2024-08-25 07:00:00,24047.050126459635,8478.03860978768,18039.478662092446,24000.106221571146,24149.377619226078,-10918.015300398718,-10918.015300398718,-10918.015300398718,-361.967876395653,-361.967876395653,-361.967876395653,-9949.209709722172,-9949.209709722172,-9949.209709722172,-49.21578110679929,-49.21578110679929,-49.21578110679929,-9949.209709722172,-9949.209709722172,-9949.209709722172,143.6740424179377,143.6740424179377,143.6740424179377,-701.2959755920317,-701.2959755920317,-701.2959755920317,0.0,0.0,0.0,13129.034826060917
584,2024-08-25 08:00:00,24047.10080065691,10203.32445228207,20132.266989077645,23997.965440612286,24150.07503730722,-8817.097125308053,-8817.097125308053,-8817.097125308053,71.60833917425373,71.60833917425373,71.60833917425373,-8247.32559559869,-8247.32559559869,-8247.32559559869,-54.933914671630326,-54.933914671630326,-54.933914671630326,-8247.32559559869,-8247.32559559869,-8247.32559559869,107.55934432764747,107.55934432764747,107.55934432764747,-694.0052985396339,-694.0052985396339,-694.0052985396339,0.0,0.0,0.0,15230.003675348857
585,2024-08-25 09:00:00,24047.15147485419,14709.321682306307,24533.658094183713,23997.541920911568,24150.77245538836,-4483.842693240084,-4483.842693240084,-4483.842693240084,233.6490757280739,233.6490757280739,233.6490757280739,-4040.869145219169,-4040.869145219169,-4040.869145219169,-60.79511230320816,-60.79511230320816,-60.79511230320816,-4040.869145219169,-4040.869145219169,-4040.869145219169,70.87810213865284,70.87810213865284,70.87810213865284,-686.7056135844342,-686.7056135844342,-686.7056135844342,0.0,0.0,0.0,19563.308781614105
586,2024-08-25 10:00:00,24047.202149051463,18569.825751873617,27336.04985543476,23997.37905918031,24151.469873469498,-1068.2773190382436,-1068.2773190382436,-1068.2773190382436,218.53733280605755,218.53733280605755,218.53733280605755,-574.5251675663159,-574.5251675663159,-574.5251675663159,-66.73323499146396,-66.73323499146396,-66.73323499146396,-574.5251675663159,-574.5251675663159,-574.5251675663159,33.84089557852242,33.84089557852242,33.84089557852242,-679.3971448650437,-679.3971448650437,-679.3971448650437,0.0,0.0,0.0,22978.92483001322
587,2024-08-25 11:00:00,24047.252823248746,20335.35799300081,29627.54711032212,23997.15886573021,24152.16729155064,883.122712659146,883.122712659146,883.122712659146,181.73159349054495,181.73159349054495,181.73159349054495,1449.491853710007,1449.491853710007,1449.491853710007,-72.68220618278205,-72.68220618278205,-72.68220618278205,1449.491853710007,1449.491853710007,1449.491853710007,-3.3384121421552773,-3.3384121421552773,-3.3384121421552773,-672.0801162164682,-672.0801162164682,-672.0801162164682,0.0,0.0,0.0,24930.375535907893
588,2024-08-25 12:00:00,24047.30349744602,20883.80232455264,30606.75983028103,23996.833558185008,24152.622294535595,1794.0548218926556,1794.0548218926556,1794.0548218926556,228.04123329735137,228.04123329735137,228.04123329735137,2349.7894314299124,2349.7894314299124,2349.7894314299124,-78.57650090315644,-78.57650090315644,-78.57650090315644,2349.7894314299124,2349.7894314299124,2349.7894314299124,-40.444590770125444,-40.444590770125444,-40.444590770125444,-664.7547511613262,-664.7547511613262,-664.7547511613262,0.0,0.0,0.0,25841.358319338677
589,2024-08-25 13:00:00,24047.354171643296,21899.083641952384,31389.876450821022,23996.667589914217,24152.954436719872,2675.683057789314,2675.683057789314,2675.683057789314,368.02072766491204,368.02072766491204,368.02072766491204,3126.698207504408,3126.698207504408,3126.698207504408,-84.35162859713897,-84.35162859713897,-84.35162859713897,3126.698207504408,3126.698207504408,3126.698207504408,-77.2629758778614,-77.2629758778614,-77.2629758778614,-657.4212729050058,-657.4212729050058,-657.4212729050058,0.0,0.0,0.0,26723.037229432608
590,2024-08-25 14:00:00,24047.404845840574,23585.775766267227,32970.69039897803,23996.407611803235,24153.44556219642,3926.3331018295744,3926.3331018295744,3926.3331018295744,554.4194560547725,554.4194560547725,554.4194560547725,4225.519553585947,4225.519553585947,4225.519553585947,-89.9446061177199,-89.9446061177199,-89.9446061177199,4225.519553585947,4225.519553585947,4225.519553585947,-113.58139736953244,-113.58139736953244,-113.58139736953244,-650.0799043238927,-650.0799043238927,-650.0799043238927,0.0,0.0,0.0,27973.73794767015
591,2024-08-25 15:00:00,24047.455520037853,22594.262207401494,31966.91721546419,23996.131444118197,24154.239279446512,3391.2079271432394,3391.2079271432394,3391.2079271432394,743.2220194304654,743.2220194304654,743.2220194304654,3535.2032758090345,3535.2032758090345,3535.2032758090345,-95.29441737114999,-95.29441737114999,-95.29441737114999,3535.2032758090345,3535.2032758090345,3535.2032758090345,-149.19208276855662,-149.19208276855662,-149.19208276855662,-642.7308679565542,-642.7308679565542,-642.7308679565542,0.0,0.0,0.0,27438.66344718109
592,2024-08-25 16:00:00,24047.506194235128,24246.26079353616,33980.74716045656,23995.9192644708,24155.032996696606,5177.994262255274,5177.994262255274,5177.994262255274,918.68623569518,918.68623569518,918.68623569518,5178.9183834425385,5178.9183834425385,5178.9183834425385,-100.34245622506901,-100.34245622506901,-100.34245622506901,5178.9183834425385,5178.9183834425385,5178.9183834425385,-183.89351466059455,-183.89351466059455,-183.89351466059455,-635.3743859967816,-635.3743859967816,-635.3743859967816,0.0,0.0,0.0,29225.5004564904
593,2024-08-25 17:00:00,24047.556868432406,24976.647866739226,34223.938053287166,23995.747591148986,24155.826713946703,5578.446571264219,5578.446571264219,5578.446571264219,1072.879910534051,1072.879910534051,1072.879910534051,5456.102512853121,5456.102512853121,5456.102512853121,-105.03294943589994,-105.03294943589994,-105.03294943589994,5456.102512853121,5456.102512853121,5456.102512853121,-217.49222240058538,-217.49222240058538,-217.49222240058538,-628.0106802864689,-628.0106802864689,-628.0106802864689,0.0,0.0,0.0,29626.003439696626
594,2024-08-25 18:00:00,24047.60754262968,24172.832959985433,33603.509159863956,23995.183490274823,24156.620431196792,4789.905269194503,4789.905269194503,4789.905269194503,1179.0448825361875,1179.0448825361875,1179.0448825361875,4590.618204168884,4590.618204168884,4590.618204168884,-109.31335648758169,-109.31335648758169,-109.31335648758169,4590.618204168884,4590.618204168884,4590.618204168884,-249.80448872119172,-249.80448872119172,-249.80448872119172,-620.639972301796,-620.639972301796,-620.639972301796,0.0,0.0,0.0,28837.512811824185
595,2024-08-25 19:00:00,24047.658216826963,23744.882857288856,33802.422812299425,23994.52132815054,24158.21924478305,4747.55608597256,4747.55608597256,4747.55608597256,1196.162284624756,1196.162284624756,1196.162284624756,4558.44898088276,4558.44898088276,4558.44898088276,-113.13474341947375,-113.13474341947375,-113.13474341947375,4558.44898088276,4558.44898088276,4558.44898088276,-280.6579529649045,-280.6579529649045,-280.6579529649045,-613.2624831505765,-613.2624831505765,-613.2624831505765,0.0,0.0,0.0,28795.214302799523
596,2024-08-25 20:00:00,24047.70889102424,22797.21499130951,32475.636214439695,23993.859166026246,24158.95011631679,3519.0838352303294,3519.0838352303294,3519.0838352303294,1098.5103073411383,1098.5103073411383,1098.5103073411383,3452.7971832815633,3452.7971832815633,3452.7971832815633,-116.45212792810028,-116.45212792810028,-116.45212792810028,3452.7971832815633,3452.7971832815633,3452.7971832815633,-309.8930939034182,-309.8930939034182,-309.8930939034182,-605.8784335608543,-605.8784335608543,-605.8784335608543,0.0,0.0,0.0,27566.792726254567
597,2024-08-25 21:00:00,24047.759565221513,21344.37003756866,30679.602557588616,23993.19700390196,24159.648647845752,1966.3739132477174,1966.3739132477174,1966.3739132477174,891.5583668573752,891.5583668573752,891.5583668573752,2129.8929599261273,2129.8929599261273,2129.8929599261273,-119.22479324419513,-119.22479324419513,-119.22479324419513,2129.8929599261273,2129.8929599261273,2129.8929599261273,-337.3645764201393,-337.3645764201393,-337.3645764201393,-598.4880438714506,-598.4880438714506,-598.4880438714506,0.0,0.0,0.0,26014.13347846923
598,2024-08-25 22:00:00,24047.81023941879,18573.043373619243,27679.626012017638,23992.534841777673,24160.347179374712,-666.0891145230969,-666.0891145230969,-666.0891145230969,591.906821139869,591.906821139869,591.906821139869,-182.5453851963423,-182.5453851963423,-182.5453851963423,-121.41656851333336,-121.41656851333336,-121.41656851333336,-182.5453851963423,-182.5453851963423,-182.5453851963423,-362.9424479261709,-362.9424479261709,-362.9424479261709,-591.0915340271187,-591.0915340271187,-591.0915340271187,0.0,0.0,0.0,23381.721124895696
599,2024-08-25 23:00:00,24047.86091361607,13376.665188135832,22872.977763314986,23991.87267965339,24160.860479977022,-5676.456101040583,-5676.456101040583,-5676.456101040583,195.7408520307169,195.7408520307169,195.7408520307169,-4778.998583633678,-4778.998583633678,-4778.998583633678,-122.9960736877225,-122.9960736877225,-122.9960736877225,-4778.998583633678,-4778.998583633678,-4778.998583633678,-386.51317218054214,-386.51317218054214,-386.51317218054214,-583.6891235693573,-583.6891235693573,-583.6891235693573,0.0,0.0,0.0,18371.404812575485
600,2024-08-26 00:00:00,24047.91158781335,8403.770084431577,17722.767085092848,23991.2105175291,24161.38273469736,-11154.451850067087,-11154.451850067087,-11154.451850067087,-317.3808373201807,-317.3808373201807,-317.3808373201807,-9728.872563926798,-9728.872563926798,-9728.872563926798,-123.93692718938232,-123.93692718938232,-123.93692718938232,-9728.872563926798,-9728.872563926798,-9728.872563926798,-407.9804900078363,-407.9804900078363,-407.9804900078363,-576.2810316228905,-576.2810316228905,-576.2810316228905,0.0,0.0,0.0,12893.459737746261
601,2024-08-26 01:00:00,24047.962262010624,3116.863427386102,12610.1340462075,23990.614750812696,24162.176451947456,-15877.392178940352,-15877.392178940352,-15877.392178940352,-931.8802473461427,-931.8802473461427,-931.8802473461427,-13825.16044140863,-13825.16044140863,-13825.16044140863,-124.2179148914345,-124.2179148914345,-124.2179148914345,-13825.16044140863,-13825.16044140863,-13825.16044140863,-427.26609839837613,-427.26609839837613,-427.26609839837613,-568.8674768957675,-568.8674768957675,-568.8674768957675,0.0,0.0,0.0,8170.570083070272
602,2024-08-26 02:00:00,24048.0129362079,439.3098414329478,9944.906119274396,23990.416041045475,24162.970169197546,-18864.910671051726,-18864.910671051726,-18864.910671051726,-1540.6626251720027,-1540.6626251720027,-1540.6626251720027,-16194.6661072921,-16194.6661072921,-16194.6661072921,-123.82311927108319,-123.82311927108319,-123.82311927108319,-16194.6661072921,-16194.6661072921,-16194.6661072921,-444.3101416486439,-444.3101416486439,-444.3101416486439,-561.4486776678965,-561.4486776678965,-561.4486776678965,0.0,0.0,0.0,5183.1022651561725
603,2024-08-26 03:00:00,24048.06361040518,-282.85821901748886,8955.563480125227,23990.217331278258,24163.763886447647,-19876.337575376503,-19876.337575376503,-19876.337575376503,-1954.8888731260831,-1954.8888731260831,-1954.8888731260831,-16785.6103323153,-16785.6103323153,-16785.6103323153,-122.74200786778619,-122.74200786778619,-122.74200786778619,-16785.6103323153,-16785.6103323153,-16785.6103323153,-459.07151028890775,-459.07151028890775,-459.07151028890775,-554.0248517784288,-554.0248517784288,-554.0248517784288,0.0,0.0,0.0,4171.726035028678
604,2024-08-26 04:00:00,24048.114284602456,494.55084539660163,9849.838197405055,23990.018621511037,24164.557603697736,-18541.994337821714,-18541.994337821714,-18541.994337821714,-1999.4652781707352,-1999.4652781707352,-1999.4652781707352,-15403.435416740906,-15403.435416740906,-15403.435416740906,-120.96948051335431,-120.96948051335431,-120.96948051335431,-15403.435416740906,-15403.435416740906,-15403.435416740906,-471.5279457730771,-471.5279457730771,-471.5279457730771,-546.5962166236408,-546.5962166236408,-546.5962166236408,0.0,0.0,0.0,5506.119946780742
605,2024-08-26 05:00:00,24048.16495879973,3346.11437231862,12708.802063305242,23989.819911743816,24165.351320947826,-15797.146553867842,-15797.146553867842,-15797.146553867842,-1634.2278334465989,-1634.2278334465989,-1634.2278334465989,-13023.57390500505,-13023.57390500505,-13023.57390500505,-118.50587509814967,-118.50587509814967,-118.50587509814967,-13023.57390500505,-13023.57390500505,-13023.57390500505,-481.6759511700978,-481.6759511700978,-481.6759511700978,-539.1629891479445,-539.1629891479445,-539.1629891479445,0.0,0.0,0.0,8251.018404931889
606,2024-08-26 06:00:00,24048.21563299701,10246.912248128749,19522.093176536113,23989.621201976603,24166.145038197927,-9304.006882322821,-9304.006882322821,-9304.006882322821,-1003.2458674034101,-1003.2458674034101,-1003.2458674034101,-7164.148186868621,-7164.148186868621,-7164.148186868621,-115.35693194865958,-115.35693194865958,-115.35693194865958,-7164.148186868621,-7164.148186868621,-7164.148186868621,-489.53051026870014,-489.53051026870014,-489.53051026870014,-531.7253858334298,-531.7253858334298,-531.7253858334298,0.0,0.0,0.0,14744.208750674188
607,2024-08-26 07:00:00,24048.266307194284,17131.598784935406,26413.631312722344,23989.422492209385,24166.938755448016,-2441.5674771473746,-2441.5674771473746,-2441.5674771473746,-361.96787641771135,-361.96787641771135,-361.96787641771135,-948.6576411268642,-948.6576411268642,-948.6576411268642,-111.5337172239246,-111.5337172239246,-111.5337172239246,-948.6576411268642,-948.6576411268642,-948.6576411268642,-495.1246196866318,-495.1246196866318,-495.1246196866318,-524.2836226922435,-524.2836226922435,-524.2836226922435,0.0,0.0,0.0,21606.69883004691
608,2024-08-26 08:00:00,24048.316981391567,24953.719966891775,34385.66308503217,23989.223782442168,24168.85617583702,5409.828837685357,5409.828837685357,5409.828837685357,71.60833918115094,71.60833918115094,71.60833918115094,6460.619560534239,6460.619560534239,6460.619560534239,-107.05250602840697,-107.05250602840697,-107.05250602840697,6460.619560534239,6460.619560534239,6460.619560534239,-498.5086407386112,-498.5086407386112,-498.5086407386112,-516.8379152630142,-516.8379152630142,-516.8379152630142,0.0,0.0,0.0,29458.145819076923
609,2024-08-26 09:00:00,24048.36765558884,20832.56154707397,30072.222479478245,23987.91245009115,24171.416191492393,1497.704694291581,1497.704694291581,1497.704694291581,233.6490757260701,233.6490757260701,233.6490757260701,2375.1282031963806,2375.1282031963806,2375.1282031963806,-101.93462624824663,-101.93462624824663,-101.93462624824663,2375.1282031963806,2375.1282031963806,2375.1282031963806,-499.74947978628893,-499.74947978628893,-499.74947978628893,-509.38847859633387,-509.38847859633387,-509.38847859633387,0.0,0.0,0.0,25546.072349880422
610,2024-08-26 10:00:00,24048.418329786116,17501.190319875343,27209.89007574837,23986.480946966698,24173.56273539015,-1780.0395585412982,-1780.0395585412982,-1780.0395585412982,218.53733280804067,218.53733280804067,218.53733280804067,-901.5054919266537,-901.5054919266537,-901.5054919266537,-96.20626442268954,-96.20626442268954,-96.20626442268954,-901.5054919266537,-901.5054919266537,-901.5054919266537,-498.92960774768784,-498.92960774768784,-498.92960774768784,-501.9355272523076,-501.9355272523076,-501.9355272523076,0.0,0.0,0.0,22268.378771244817
611,2024-08-26 11:00:00,24048.4690039834,17157.85614694998,26434.0093478191,23985.049443842257,24175.709279287912,-2272.039169329098,-2272.039169329098,-2272.039169329098,181.73159348864957,181.73159348864957,181.73159348864957,-1373.2473210745534,-1373.2473210745534,-1373.2473210745534,-89.89823524009137,-89.89823524009137,-89.89823524009137,-1373.2473210745534,-1373.2473210745534,-1373.2473210745534,-496.1459312121945,-496.1459312121945,-496.1459312121945,-494.4792752909079,-494.4792752909079,-494.4792752909079,0.0,0.0,0.0,21776.4298346543
612,2024-08-26 12:00:00,24048.519678180674,17511.957223217276,27291.50587705182,23983.617940717806,24176.96844990728,-1476.1422943298528,-1476.1422943298528,-1476.1422943298528,228.0412332996604,228.0412332996604,228.0412332996604,-642.6093456170871,-642.6093456170871,-642.6093456170871,-83.04571651997857,-83.04571651997857,-83.04571651997857,-642.6093456170871,-642.6093456170871,-642.6093456170871,-491.5085292293471,-491.5085292293471,-491.5085292293471,-487.01993626310036,-487.01993626310036,-487.01993626310036,0.0,0.0,0.0,22572.37738385082
613,2024-08-26 13:00:00,24048.570352377952,19204.965119286644,28489.170736249092,23982.18643759336,24177.73022987322,-225.4063783006059,-225.4063783006059,-225.4063783006059,368.02072767054375,368.02072767054375,368.02072767054375,446.9578403410465,446.9578403410465,446.9578403410465,-75.68795181316709,-75.68795181316709,-75.68795181316709,446.9578403410465,446.9578403410465,446.9578403410465,-485.1392712929804,-485.1392712929804,-485.1392712929804,-479.5577232060487,-479.5577232060487,-479.5577232060487,0.0,0.0,0.0,23823.163974077346
614,2024-08-26 14:00:00,24048.621026575227,20478.074108204513,29319.5358144846,23981.131737859076,24178.44498549969,827.6967855953869,827.6967855953869,827.6967855953869,554.4194560611973,554.4194560611973,554.4194560611973,1290.4084344457451,1290.4084344457451,1290.4084344457451,-67.86792298117429,-67.86792298117429,-67.86792298117429,1290.4084344457451,1290.4084344457451,1290.4084344457451,-477.17033329789894,-477.17033329789894,-477.17033329789894,-472.0928486324821,-472.0928486324821,-472.0928486324821,0.0,0.0,0.0,24876.317812170615
615,2024-08-26 15:00:00,24048.671700772502,20897.1202833867,30339.24843268399,23980.332598695095,24179.159741126157,1677.3029703333696,1677.3029703333696,1677.3029703333696,743.2220194280175,743.2220194280175,743.2220194280175,1926.0811000654046,1926.0811000654046,1926.0811000654046,-59.63199534736781,-59.63199534736781,-59.63199534736781,1926.0811000654046,1926.0811000654046,1926.0811000654046,-467.7426292883899,-467.7426292883899,-467.7426292883899,-464.6255245242949,-464.6255245242949,-464.6255245242949,0.0,0.0,0.0,25725.974671105872
616,2024-08-26 16:00:00,24048.722374969784,21518.69001862789,31012.738254935783,23979.533459531118,24179.87449675262,2126.1349236762253,2126.1349236762253,2126.1349236762253,918.6862356972315,918.6862356972315,918.6862356972315,2172.6383662104304,2172.6383662104304,2172.6383662104304,-51.02953823184199,-51.02953823184199,-51.02953823184199,2172.6383662104304,2172.6383662104304,2172.6383662104304,-457.0041776728957,-457.0041776728957,-457.0041776728957,-457.1559623266987,-457.1559623266987,-457.1559623266987,0.0,0.0,0.0,26174.85729864601
617,2024-08-26 17:00:00,24048.77304916706,24374.43536897793,33790.993871697734,23978.734320367137,24180.58925237909,4889.64228468232,4889.64228468232,4889.64228468232,1072.8799105334956,1072.8799105334956,1072.8799105334956,4753.667692057464,4753.667692057464,4753.667692057464,-42.11252382507442,-42.11252382507442,-42.11252382507442,4753.667692057464,4753.667692057464,4753.667692057464,-445.1084211450031,-445.1084211450031,-445.1084211450031,-449.684372938561,-449.684372938561,-449.684372938561,0.0,0.0,0.0,28938.415333849378
618,2024-08-26 18:00:00,24048.823723364338,25211.29756714366,35028.28760958909,23978.001618606246,24181.054775640365,6007.176302036282,6007.176302036282,6007.176302036282,1179.0448825340443,1179.0448825340443,1179.0448825340443,5735.490013721658,5735.490013721658,5735.490013721658,-32.935107564183795,-32.935107564183795,-32.935107564183795,5735.490013721658,5735.490013721658,5735.490013721658,-432.21251995081,-432.21251995081,-432.21251995081,-442.210966704426,-442.210966704426,-442.210966704426,0.0,0.0,0.0,30056.00002540062
619,2024-08-26 19:00:00,24048.874397561616,21870.7841118007,31559.267344985823,23977.30476017833,24181.517397873606,2457.222596830096,2457.222596830096,2457.222596830096,1196.162284622304,1196.162284622304,1196.162284622304,2137.825097174761,2137.825097174761,2137.825097174761,-23.553193286331222,-23.553193286331222,-23.553193286331222,2137.825097174761,2137.825097174761,2137.825097174761,-418.47563827071207,-418.47563827071207,-418.47563827071207,-434.7359534099257,-434.7359534099257,-434.7359534099257,0.0,0.0,0.0,26506.09699439171
620,2024-08-26 20:00:00,24048.92507175889,20473.385376858776,30139.409722588072,23976.60790175041,24181.98002010685,1176.4962847141176,1176.4962847141176,1176.4962847141176,1098.5103073365058,1098.5103073365058,1098.5103073365058,923.3267495506491,923.3267495506491,923.3267495506491,-14.023986544113397,-14.023986544113397,-14.023986544113397,923.3267495506491,923.3267495506491,923.3267495506491,-404.05724335467045,-404.05724335467045,-404.05724335467045,-427.2595422742534,-427.2595422742534,-427.2595422742534,0.0,0.0,0.0,25225.42135647301
621,2024-08-26 21:00:00,24048.97574595617,20194.731276691182,29389.280778100176,23975.911043322496,24182.4426423401,561.5689180392187,561.5689180392187,561.5689180392187,891.5583668559847,891.5583668559847,891.5583668559847,483.31346939728354,483.31346939728354,483.31346939728354,-4.4055395524139795,-4.4055395524139795,-4.4055395524139795,483.31346939728354,483.31346939728354,483.31346939728354,-389.11543672415144,-389.11543672415144,-389.11543672415144,-419.7819419374842,-419.7819419374842,-419.7819419374842,0.0,0.0,0.0,24610.544663995388
622,2024-08-26 22:00:00,24049.026420153445,17368.83942857757,26486.64553850258,23975.214184894576,24182.905264573343,-2078.014746243862,-2078.014746243862,-2078.014746243862,591.9068211244147,591.9068211244147,591.9068211244147,-1889.0565793815283,-1889.0565793815283,-1889.0565793815283,5.243708672213416,5.243708672213416,5.243708672213416,-1889.0565793815283,-1889.0565793815283,-1889.0565793815283,-373.80533619760155,-373.80533619760155,-373.80533619760155,-412.30336046136034,-412.30336046136034,-412.30336046136034,0.0,0.0,0.0,21971.011673909583
623,2024-08-26 23:00:00,24049.077094350727,12557.565812617087,21665.347787340444,23974.519515035223,24183.367886806587,-6691.414733984132,-6691.414733984132,-6691.414733984132,195.74085202511407,195.74085202511407,195.74085202511407,-6138.919447482737,-6138.919447482737,-6138.919447482737,14.865393441225233,14.865393441225233,14.865393441225233,-6138.919447482737,-6138.919447482737,-6138.919447482737,-358.2775266499965,-358.2775266499965,-358.2775266499965,-404.82400531773703,-404.82400531773703,-404.82400531773703,0.0,0.0,0.0,17357.662360366594
624,2024-08-27 00:00:00,24049.127768548,7412.408510625577,16845.69440958472,23973.863643486024,24183.83050903983,-11884.490155702677,-11884.490155702677,-11884.490155702677,-317.3808373302805,-317.3808373302805,-317.3808373302805,-10851.490321754238,-10851.490321754238,-10851.490321754238,24.401683209157625,24.401683209157625,24.401683209157625,-10851.490321754238,-10851.490321754238,-10851.490321754238,-342.67659644776927,-342.67659644776927,-342.67659644776927,-397.34408337954915,-397.34408337954915,-397.34408337954915,0.0,0.0,0.0,12164.637612845325
625,2024-08-27 01:00:00,24049.178442745277,2735.9751708322196,12254.383597635777,23973.207771936824,24184.695956272037,-16617.950576769097,-16617.950576769097,-16617.950576769097,-931.8802473594202,-931.8802473594202,-931.8802473594202,-15002.862485684913,-15002.862485684913,-15002.862485684913,33.795732509043155,33.795732509043155,33.795732509043155,-15002.862485684913,-15002.862485684913,-15002.862485684913,-327.13977531498693,-327.13977531498693,-327.13977531498693,-389.86380091882046,-389.86380091882046,-389.86380091882046,0.0,0.0,0.0,7431.22786597618
626,2024-08-27 02:00:00,24049.229116942555,-13.123882657943376,9701.234299377891,23972.47550422222,24186.192229273845,-19175.763314657604,-19175.763314657604,-19175.763314657604,-1540.6626251506134,-1540.6626251506134,-1540.6626251506134,-16983.913763531138,-16983.913763531138,-16983.913763531138,42.99212553985572,42.99212553985572,42.99212553985572,-16983.913763531138,-16983.913763531138,-16983.913763531138,-311.7956879187406,-311.7956879187406,-311.7956879187406,-382.3833635969687,-382.3833635969687,-382.3833635969687,0.0,0.0,0.0,4873.465802284951
627,2024-08-27 03:00:00,24049.279791139834,-442.20684157014654,8860.79068695168,23971.729892754985,24187.688502275643,-20015.51078252735,-20015.51078252735,-20015.51078252735,-1954.8888731247498,-1954.8888731247498,-1954.8888731247498,-17440.893003910747,-17440.893003910747,-17440.893003910747,51.937306950891575,51.937306950891575,51.937306950891575,-17440.893003910747,-17440.893003910747,-17440.893003910747,-296.76323598791475,-296.76323598791475,-296.76323598791475,-374.9029764548326,-374.9029764548326,-374.9029764548326,0.0,0.0,0.0,4033.769008612482
628,2024-08-27 04:00:00,24049.33046533711,1092.2258903068034,10284.964023951043,23971.033034327065,24188.840872859637,-18640.346382444073,-18640.346382444073,-18640.346382444073,-1999.465278167261,-1999.465278167261,-1999.465278167261,-16051.887636816697,-16051.887636816697,-16051.887636816697,60.57999651252133,60.57999651252133,60.57999651252133,-16051.887636816697,-16051.887636816697,-16051.887636816697,-282.1506200607084,-282.1506200607084,-282.1506200607084,-367.4228439119292,-367.4228439119292,-367.4228439119292,0.0,0.0,0.0,5408.9840828930355
629,2024-08-27 05:00:00,24049.381139534387,3651.8910904135782,13058.606731012957,23970.336175899152,24189.6704785715,-15655.178416835226,-15655.178416835226,-15655.178416835226,-1634.2278334675823,-1634.2278334675823,-1634.2278334675823,-13461.824487992057,-13461.824487992057,-13461.824487992057,68.8715844805726,68.8715844805726,68.8715844805726,-13461.824487992057,-13461.824487992057,-13461.824487992057,-268.0545100998654,-268.0545100998654,-268.0545100998654,-359.94316975629675,-359.94316975629675,-359.94316975629675,0.0,0.0,0.0,8394.202722699161
630,2024-08-27 06:00:00,24049.431813731662,10205.503390129563,19542.267090093846,23969.639317471232,24190.50008428336,-8966.462396990788,-8966.462396990788,-8966.462396990788,-1003.2458673889673,-1003.2458673889673,-1003.2458673889673,-7432.95950473898,-7432.95950473898,-7432.95950473898,76.76650461260488,76.76650461260488,76.76650461260488,-7432.95950473898,-7432.95950473898,-7432.95950473898,-254.5593723396115,-254.5593723396115,-254.5593723396115,-352.46415713583485,-352.46415713583485,-352.46415713583485,0.0,0.0,0.0,15082.969416740874
631,2024-08-27 07:00:00,24049.482487928944,19165.284392195743,28376.085080957877,23968.984164100373,24191.493454685875,-316.5960076203578,-316.5960076203578,-316.5960076203578,-361.96787640664655,-361.96787640664655,-361.96787640664655,547.8722531153287,547.8722531153287,547.8722531153287,84.2225819547755,84.2225819547755,84.2225819547755,547.8722531153287,547.8722531153287,547.8722531153287,-241.73695772849427,-241.73695772849427,-241.73695772849427,-344.98600855532123,-344.98600855532123,-344.98600855532123,0.0,0.0,0.0,23732.886480308585
632,2024-08-27 08:00:00,24049.53316212622,26743.363909298267,36325.790164756836,23968.473187600484,24193.586837768697,7428.534115339464,7428.534115339464,7428.534115339464,71.60833916966531,71.60833916966531,71.60833916966531,7832.8793045478415,7832.8793045478415,7832.8793045478415,91.20135274347064,91.20135274347064,91.20135274347064,7832.8793045478415,7832.8793045478415,7832.8793045478415,-229.64595525309494,-229.64595525309494,-229.64595525309494,-337.5089258684178,-337.5089258684178,-337.5089258684178,0.0,0.0,0.0,31478.067277465685
633,2024-08-27 09:00:00,24049.583836323494,22831.802204801148,32560.636104826113,23967.96221110059,24195.68022085152,3759.2707497142783,3759.2707497142783,3759.2707497142783,233.649075724174,233.649075724174,233.649075724174,3976.318241691377,3976.318241691377,3976.318241691377,97.6683539649906,97.6683539649906,97.6683539649906,3976.318241691377,3976.318241691377,3976.318241691377,-218.33181139805203,-218.33181139805203,-218.33181139805203,-330.03311026821115,-330.03311026821115,-330.03311026821115,0.0,0.0,0.0,27808.85458603777
634,2024-08-27 10:00:00,24049.634510520773,19627.99192178971,28735.300594202807,23967.49252786566,24197.720275931344,242.66914491559976,242.66914491559976,242.66914491559976,218.53733281700138,218.53733281700138,218.53733281700138,450.9239089653633,450.9239089653633,450.9239089653633,103.5933803431119,103.5933803431119,103.5933803431119,450.9239089653633,450.9239089653633,450.9239089653633,-207.82671492526146,-207.82671492526146,-207.82671492526146,-322.5587622846156,-322.5587622846156,-322.5587622846156,0.0,0.0,0.0,24292.30365543637
635,2024-08-27 11:00:00,24049.68518471805,19125.87384380535,28805.047487878615,23966.95589110425,24199.11508442318,-332.38765264985034,-332.38765264985034,-332.38765264985034,181.73159348883587,181.73159348883587,181.73159348883587,-109.83412708386825,-109.83412708386825,-109.83412708386825,108.95070681153565,108.95070681153565,108.95070681153565,-109.83412708386825,-109.83412708386825,-109.83412708386825,-198.14974408919537,-198.14974408919537,-198.14974408919537,-315.0860817771581,-315.0860817771581,-315.0860817771581,0.0,0.0,0.0,23717.2975320682
636,2024-08-27 12:00:00,24049.73585891533,20104.82398577327,28992.424706652513,23966.429281600926,24200.09761286075,154.52586719163511,154.52586719163511,154.52586719163511,228.04123329580798,228.04123329580798,228.04123329580798,309.68779851052733,309.68779851052733,309.68779851052733,113.71927475866954,113.71927475866954,113.71927475866954,309.68779851052733,309.68779851052733,309.68779851052733,-189.30717144898603,-189.30717144898603,-189.30717144898603,-307.61526792438366,-307.61526792438366,-307.61526792438366,0.0,0.0,0.0,24204.261726106964
637,2024-08-27 13:00:00,24049.786533112605,20078.445230710837,29940.20576450253,23965.918305101033,24201.033694525664,747.995768124259,747.995768124259,747.995768124259,368.02072766378643,368.02072766378643,368.02072766378643,743.5316385816225,743.5316385816225,743.5316385816225,117.88284063225676,117.88284063225676,117.88284063225676,743.5316385816225,743.5316385816225,743.5316385816225,-181.29291952974154,-181.29291952974154,-181.29291952974154,-300.1465192236649,-300.1465192236649,-300.1465192236649,0.0,0.0,0.0,24797.782301236864
638,2024-08-27 14:00:00,24049.83720730988,21441.84455402761,30571.843262987368,23965.40732860114,24201.96977619058,2245.1096854432776,2245.1096854432776,2245.1096854432776,554.4194560676218,554.4194560676218,554.4194560676218,2036.0293358172971,2036.0293358172971,2036.0293358172971,121.43008578620079,121.43008578620079,121.43008578620079,2036.0293358172971,2036.0293358172971,2036.0293358172971,-174.08915874798555,-174.08915874798555,-174.08915874798555,-292.6800334798564,-292.6800334798564,-292.6800334798564,0.0,0.0,0.0,26294.946892753156
639,2024-08-27 15:00:00,24049.887881507162,21379.96749405385,31450.62078340788,23964.896352101256,24202.847397326568,2694.195542919241,2694.195542919241,2694.195542919241,743.2220194208523,743.2220194208523,743.2220194208523,2279.5018819211878,2279.5018819211878,2279.5018819211878,124.35468674648173,124.35468674648173,124.35468674648173,2279.5018819211878,2279.5018819211878,2279.5018819211878,-167.6670373672142,-167.6670373672142,-167.6670373672142,-285.21600780206677,-285.21600780206677,-285.21600780206677,0.0,0.0,0.0,26744.083424426404
640,2024-08-27 16:00:00,24049.938555704437,23863.857159681673,33822.00307237831,23964.385375601363,24203.6722762764,4747.3908489516325,4747.3908489516325,4747.3908489516325,918.6862356906826,918.6862356906826,918.6862356906826,4141.791438183704,4141.791438183704,4141.791438183704,126.65534537032104,126.65534537032104,126.65534537032104,4141.791438183704,4141.791438183704,4141.791438183704,-161.9875316990264,-161.9875316990264,-161.9875316990264,-277.75463859404937,-277.75463859404937,-277.75463859404937,0.0,0.0,0.0,28797.32940465607
641,2024-08-27 17:00:00,24049.989229901716,29767.61280609441,39222.7822886728,23963.37767209295,24204.49715522624,10414.222075824115,10414.222075824115,10414.222075824115,1072.87991053294,1072.87991053294,1072.87991053294,9640.30491150731,9640.30491150731,9640.30491150731,128.33577870686184,128.33577870686184,128.33577870686184,9640.30491150731,9640.30491150731,9640.30491150731,-157.00240337055152,-157.00240337055152,-157.00240337055152,-270.2961215524451,-270.2961215524451,-270.2961215524451,0.0,0.0,0.0,34464.21130572583
642,2024-08-27 18:00:00,24050.03990409899,32024.028850727133,41918.729338486766,23961.923998572584,24205.322034176075,12718.121699457974,12718.121699457974,12718.121699457974,1179.0448825449573,1179.0448825449573,1179.0448825449573,11825.168049214257,11825.168049214257,11825.168049214257,129.40466865900464,129.40466865900464,129.40466865900464,11825.168049214257,11825.168049214257,11825.168049214257,-152.65524930434898,-152.65524930434898,-152.65524930434898,-262.84065165589465,-262.84065165589465,-262.84065165589465,0.0,0.0,0.0,36768.16160355696
643,2024-08-27 19:00:00,24050.09057829627,28190.138526581464,37969.766068035955,23960.470325052218,24206.146913125907,8835.069167034582,8835.069167034582,8835.069167034582,1196.1622846238172,1196.1622846238172,1196.1622846238172,7913.302362763153,7913.302362763153,7913.302362763153,129.87557186650955,129.87557186650955,129.87557186650955,7913.302362763153,7913.302362763153,7913.302362763153,-148.88262905602275,-148.88262905602275,-148.88262905602275,-255.38842316287497,-255.38842316287497,-255.38842316287497,0.0,0.0,0.0,32885.15974533085
644,2024-08-27 20:00:00,24050.141252493548,27696.060502687196,37340.039576896335,23960.01907560776,24206.971792075747,8330.926360732405,8330.926360732405,8330.926360732405,1098.5103073346493,1098.5103073346493,1098.5103073346493,7496.204145772506,7496.204145772506,7496.204145772506,129.76679053958136,129.76679053958136,129.76679053958136,7496.204145772506,7496.204145772506,7496.204145772506,-145.61525331009324,-145.61525331009324,-145.61525331009324,-247.93962960423966,-247.93962960423966,-247.93962960423966,0.0,0.0,0.0,32381.067613225954
645,2024-08-27 21:00:00,24050.191926690823,27864.746144324898,37600.23459171705,23959.798576180594,24207.79667102558,8674.95840453792,8674.95840453792,8674.95840453792,891.5583668545945,891.5583668545945,891.5583668545945,8037.572512991745,8037.572512991745,8037.572512991745,129.101205274201,129.101205274201,129.101205274201,8037.572512991745,8037.572512991745,8037.572512991745,-142.7792168084657,-142.7792168084657,-142.7792168084657,-240.49446377415572,-240.49446377415572,-240.49446377415572,0.0,0.0,0.0,32725.150331228742
646,2024-08-27 22:00:00,24050.2426008881,23992.27747725993,33744.88334492653,23959.61108991533,24208.621549975414,4908.877565486164,4908.877565486164,4908.877565486164,591.9068211220172,591.9068211220172,591.9068211220172,4562.415049507077,4562.415049507077,4562.415049507077,127.9060711710554,127.9060711710554,127.9060711710554,4562.415049507077,4562.415049507077,4562.415049507077,-140.2972585840562,-140.2972585840562,-140.2972585840562,-233.05311772992872,-233.05311772992872,-233.05311772992872,0.0,0.0,0.0,28959.120166374265
647,2024-08-27 23:00:00,24050.29327508538,16660.56701231343,26527.93732772453,23959.423603650062,24209.44642892525,-2299.873482714624,-2299.873482714624,-2299.873482714624,195.74085201224196,195.74085201224196,195.74085201224196,-2258.121298588783,-2258.121298588783,-2258.121298588783,126.21277887489413,126.21277887489413,126.21277887489413,-2258.121298588783,-2258.121298588783,-2258.121298588783,-138.0900322305746,-138.0900322305746,-138.0900322305746,-225.61578278240236,-225.61578278240236,-225.61578278240236,0.0,0.0,0.0,21750.419792370754
648,2024-08-28 00:00:00,24050.343949282655,9320.308479225947,18416.107350556296,23959.251544810246,24210.231960158515,-9867.07042049225,-9867.07042049225,-9867.07042049225,-317.3808373403803,-317.3808373403803,-317.3808373403803,-9319.486147038988,-9319.486147038988,-9319.486147038988,124.05658241522909,124.05658241522909,124.05658241522909,-9319.486147038988,-9319.486147038988,-9319.486147038988,-136.0773690389449,-136.0773690389449,-136.0773690389449,-218.18264948916524,-218.18264948916524,-218.18264948916524,0.0,0.0,0.0,14183.273528790405
649,2024-08-28 01:00:00,24050.394623479933,4326.207702049802,13504.431045192527,23959.232396701263,24210.739239386043,-15137.377865355653,-15137.377865355653,-15137.377865355653,-931.8802473615027,-931.8802473615027,-931.8802473615027,-13982.040489214936,-13982.040489214936,-13982.040489214936,121.47629599026807,121.47629599026807,121.47629599026807,-13982.040489214936,-13982.040489214936,-13982.040489214936,-134.17951711741065,-134.17951711741065,-134.17951711741065,-210.75390765207226,-210.75390765207226,-210.75390765207226,0.0,0.0,0.0,8913.01675812428
650,2024-08-28 02:00:00,24050.445297677208,1251.0278691406886,10754.557888515923,23959.21324859228,24211.246518613567,-18134.24100211905,-18134.24100211905,-18134.24100211905,-1540.6626251628443,-1540.6626251628443,-1540.6626251628443,-16376.444252573285,-16376.444252573285,-16376.444252573285,118.51396208257685,118.51396208257685,118.51396208257685,-16376.444252573285,-16376.444252573285,-16376.444252573285,-132.3183401550019,-132.3183401550019,-132.3183401550019,-203.3297463104958,-203.3297463104958,-203.3297463104958,0.0,0.0,0.0,5916.204295558156
651,2024-08-28 03:00:00,24050.495971874487,215.10283232878817,9728.348865943326,23959.171957184517,24211.7489679414,-19280.356547378444,-19280.356547378444,-19280.356547378444,-1954.8888731306856,-1954.8888731306856,-1954.8888731306856,-17114.353353841998,-17114.353353841998,-17114.353353841998,115.21449351082313,115.21449351082313,115.21449351082313,-17114.353353841998,-17114.353353841998,-17114.353353841998,-130.418460185118,-130.418460185118,-130.418460185118,-195.91035373146306,-195.91035373146306,-195.91035373146306,0.0,0.0,0.0,4770.139424496043
652,2024-08-28 04:00:00,24050.546646071765,1481.6901236112537,10752.840251001388,23958.712137198043,24212.20433441821,-17999.93909498273,-17999.93909498273,-17999.93909498273,-1999.465278163786,-1999.465278163786,-1999.465278163786,-15795.194861965085,-15795.194861965085,-15795.194861965085,111.6252922374699,111.6252922374699,111.6252922374699,-15795.194861965085,-15795.194861965085,-15795.194861965085,-128.40832968024569,-128.40832968024569,-128.40832968024569,-188.4959174110827,-188.4959174110827,-188.4959174110827,0.0,0.0,0.0,6050.607551089037
653,2024-08-28 05:00:00,24050.59732026904,4284.711176467159,13938.822845276973,23958.252317211565,24212.65970089501,-15130.31145762652,-15130.31145762652,-15130.31145762652,-1634.2278334559865,-1634.2278334559865,-1634.2278334559865,-13296.571628645523,-13296.571628645523,-13296.571628645523,107.79584792173654,107.79584792173654,107.79584792173654,-13296.571628645523,-13296.571628645523,-13296.571628645523,-126.22121938171509,-126.22121938171509,-126.22121938171509,-181.08662406503203,-181.08662406503203,-181.08662406503203,0.0,0.0,0.0,8920.28586264252
654,2024-08-28 06:00:00,24050.64799446632,11473.125149058298,20694.54691519292,23957.961848800827,24213.11506737182,-8083.470700379691,-8083.470700379691,-8083.470700379691,-1003.2458673875805,-1003.2458673875805,-1003.2458673875805,-6886.523383166448,-6886.523383166448,-6886.523383166448,103.77731937715325,103.77731937715325,103.77731937715325,-6886.523383166448,-6886.523383166448,-6886.523383166448,-123.79610958151584,-123.79610958151584,-123.79610958151584,-173.68265962130036,-173.68265962130036,-173.68265962130036,0.0,0.0,0.0,15967.177294086629
655,2024-08-28 07:00:00,24050.698668663597,20541.9013789348,30118.063206620587,23957.725398993618,24213.57043384862,1181.374268648359,1181.374268648359,1181.374268648359,-361.9678763955815,-361.9678763955815,-361.9678763955815,1731.082726036497,1731.082726036497,1731.082726036497,99.62210222903124,99.62210222903124,99.62210222903124,1731.082726036497,1731.082726036497,1731.082726036497,-121.07847400258767,-121.07847400258767,-121.07847400258767,-166.284209219,-166.284209219,-166.284209219,0.0,0.0,0.0,25232.072937311958
656,2024-08-28 08:00:00,24050.749342860872,29187.847809264338,38585.207087838084,23957.48894918641,24214.025800325428,9722.738560932981,9722.738560932981,9722.738560932981,71.60833917378645,71.60833917378645,71.60833917378645,9832.659239786673,9832.659239786673,9832.659239786673,95.383386165673,95.383386165673,95.383386165673,9832.659239786673,9832.659239786673,9832.659239786673,-118.02094699245505,-118.02094699245505,-118.02094699245505,-158.89145720069465,-158.89145720069465,-158.89145720069465,0.0,0.0,0.0,33773.48790379385
657,2024-08-28 09:00:00,24050.80001705815,25630.77988865233,35089.21871640676,23956.081601261703,24214.481166802238,6152.433540242048,6152.433540242048,6152.433540242048,233.64907572216987,233.64907572216987,233.64907572216987,6093.758212784939,6093.758212784939,6093.758212784939,91.1147052782836,91.1147052782836,91.1147052782836,6093.758212784939,6093.758212784939,6093.758212784939,-114.58386643767419,-114.58386643767419,-114.58386643767419,-151.50458710567003,-151.50458710567003,-151.50458710567003,0.0,0.0,0.0,30203.2335573002
658,2024-08-28 10:00:00,24050.850691255426,20592.142229467165,30418.206877609915,23955.335954929655,24214.93653327904,1769.9522069062357,1769.9522069062357,1769.9522069062357,218.53733281290602,218.53733281290602,218.53733281290602,1719.404857309342,1719.404857309342,1719.404857309342,86.8694850334347,86.8694850334347,86.8694850334347,1719.404857309342,1719.404857309342,1719.404857309342,-110.73568658138244,-110.73568658138244,-110.73568658138244,-144.1237816680647,-144.1237816680647,-144.1237816680647,0.0,0.0,0.0,25820.802898161663
659,2024-08-28 11:00:00,24050.901365452708,20308.346716298103,29814.511390177795,23954.885170277903,24215.391899755847,1029.8269283505772,1029.8269283505772,1029.8269283505772,181.73159349420962,181.73159349420962,181.73159349420962,1008.5972249734594,1008.5972249734594,1008.5972249734594,82.70058944745547,82.70058944745547,82.70058944745547,1008.5972249734594,1008.5972249734594,1008.5972249734594,-106.4532567552998,-106.4532567552998,-106.4532567552998,-136.74922280924773,-136.74922280924773,-136.74922280924773,0.0,0.0,0.0,25080.728293803284
660,2024-08-28 12:00:00,24050.952039649983,21157.323872992572,30218.205108208786,23954.434385626144,24215.84726623265,1905.3918171315943,1905.3918171315943,1905.3918171315943,228.0412332981171,228.0412332981171,228.0412332981171,1829.7937673528252,1829.7937673528252,1829.7937673528252,78.65987204875546,78.65987204875546,78.65987204875546,1829.7937673528252,1829.7937673528252,1829.7937673528252,-101.72196393626002,-101.72196393626002,-101.72196393626002,-129.38109163184384,-129.38109163184384,-129.38109163184384,0.0,0.0,0.0,25956.343856781576
661,2024-08-28 13:00:00,24051.002713847258,22200.38565511265,31794.100049463614,23953.983600974385,24216.27911756109,2723.8818450541125,2723.8818450541125,2723.8818450541125,368.0207276582228,368.0207276582228,368.0207276582228,2499.6186905707677,2499.6186905707677,2499.6186905707677,74.79773418027924,74.79773418027924,74.79773418027924,2499.6186905707677,2499.6186905707677,2499.6186905707677,-96.5357389375426,-96.5357389375426,-96.5357389375426,-122.01956841761475,-122.01956841761475,-122.01956841761475,0.0,0.0,0.0,26774.88455890137
662,2024-08-28 14:00:00,24051.053388044536,23053.612159522316,32292.39984511567,23953.532816322633,24216.636781754456,3580.6505176228798,3580.6505176228798,3580.6505176228798,554.4194560600829,554.4194560600829,554.4194560600829,3160.6301279568956,3160.6301279568956,3160.6301279568956,71.16269414858932,71.16269414858932,71.16269414858932,3160.6301279568956,3160.6301279568956,3160.6301279568956,-90.89692792155931,-90.89692792155931,-90.89692792155931,-114.66483262112857,-114.66483262112857,-114.66483262112857,0.0,0.0,0.0,27631.703905667415
663,2024-08-28 15:00:00,24051.104062241815,23790.308733190137,33230.33074821349,23953.082031670874,24216.99444594783,4281.668377612507,4281.668377612507,4281.668377612507,743.2220194256735,743.2220194256735,743.2220194256735,3662.778483224557,3662.778483224557,3662.778483224557,67.8009706301784,67.8009706301784,67.8009706301784,3662.778483224557,3662.778483224557,3662.778483224557,-84.81603280589465,-84.81603280589465,-84.81603280589465,-107.31706286200732,-107.31706286200732,-107.31706286200732,0.0,0.0,0.0,28332.77243985432
664,2024-08-28 16:00:00,24051.154736439094,24788.36922125092,34692.88251788668,23952.631247019122,24217.784847657662,5516.076842298427,5516.076842298427,5516.076842298427,918.6862356927339,918.6862356927339,918.6862356927339,4710.92228577316,4710.92228577316,4710.92228577316,64.75608368133203,64.75608368133203,64.75608368133203,4710.92228577316,4710.92228577316,4710.92228577316,-78.31132592379234,-78.31132592379234,-78.31132592379234,-99.97643692500625,-99.97643692500625,-99.97643692500625,0.0,0.0,0.0,29567.23157873752
665,2024-08-28 17:00:00,24051.20541063637,28923.61221128178,38047.49210108008,23952.180462367367,24218.40195807183,9556.007229557175,9556.007229557175,9556.007229557175,1072.8799105275891,1072.8799105275891,1072.8799105275891,8585.110320293254,8585.110320293254,8585.110320293254,62.0684765136054,62.0684765136054,62.0684765136054,8585.110320293254,8585.110320293254,8585.110320293254,-71.4083460252732,-71.4083460252732,-71.4083460252732,-92.64313175200145,-92.64313175200145,-92.64313175200145,0.0,0.0,0.0,33607.212640193546
666,2024-08-28 18:00:00,24051.256084833643,29954.00059312491,39290.49514470154,23951.826953894957,24219.019068486003,10642.855511922387,10642.855511922387,10642.855511922387,1179.0448825422836,1179.0448825422836,1179.0448825422836,9553.49207606393,9553.49207606393,9553.49207606393,59.775161084108476,59.775161084108476,59.775161084108476,9553.49207606393,9553.49207606393,9553.49207606393,-64.13928433201961,-64.13928433201961,-64.13928433201961,-85.3173234359158,-85.3173234359158,-85.3173234359158,0.0,0.0,0.0,34694.11159675603
667,2024-08-28 19:00:00,24051.306759030926,27392.255837782806,36819.55981233968,23952.311456963926,24219.63617890018,7982.044731375883,7982.044731375883,7982.044731375883,1196.1622846213656,1196.1622846213656,1196.1622846213656,6862.514514465005,6862.514514465005,6862.514514465005,57.909390359926036,57.909390359926036,57.909390359926036,6862.514514465005,6862.514514465005,6862.514514465005,-56.5422708510273,-56.5422708510273,-56.5422708510273,-77.99918721938568,-77.99918721938568,-77.99918721938568,0.0,0.0,0.0,32033.351490406807
668,2024-08-28 20:00:00,24051.3574332282,27538.193371964007,36848.087019590785,23953.527794245074,24220.253289314354,7975.514049861465,7975.514049861465,7975.514049861465,1098.5103073407329,1098.5103073407329,1098.5103073407329,6939.852852639182,6939.852852639182,6939.852852639182,56.50035989421767,56.50035989421767,56.50035989421767,6939.852852639182,6939.852852639182,6939.852852639182,-48.66057252299148,-48.66057252299148,-48.66057252299148,-70.68889748967655,-70.68889748967655,-70.68889748967655,0.0,0.0,0.0,32026.871483089664
669,2024-08-28 21:00:00,24051.408107425475,28456.405250856427,37927.91113901795,23954.415101692663,24220.870399728523,9066.740028384716,9066.740028384716,9066.740028384716,891.5583668645869,891.5583668645869,891.5583668645869,8223.537064043043,8223.537064043043,8223.537064043043,55.57294116625058,55.57294116625058,55.57294116625058,8223.537064043043,8223.537064043043,8223.537064043043,-40.541715920818625,-40.541715920818625,-40.541715920818625,-63.38662776834454,-63.38662776834454,-63.38662776834454,0.0,0.0,0.0,33118.14813581019
670,2024-08-28 22:00:00,24051.458781622754,25713.993678253966,35428.668939589625,23954.178651885457,24221.392103164046,6462.993438364307,6462.993438364307,6462.993438364307,591.9068211355221,591.9068211355221,591.9068211355221,5904.268267400916,5904.268267400916,5904.268267400916,55.147448869217,55.147448869217,55.147448869217,5904.268267400916,5904.268267400916,5904.268267400916,-32.23654832599639,-32.23654832599639,-32.23654832599639,-56.09255071535264,-56.09255071535264,-56.09255071535264,0.0,0.0,0.0,30514.452219987063
671,2024-08-28 23:00:00,24051.509455820033,18487.648781916265,28289.89990411529,23953.942202078244,24221.89938239157,-605.6905869789649,-605.6905869789649,-605.6905869789649,195.74085200663916,195.74085200663916,195.74085200663916,-784.0657932177184,-784.0657932177184,-784.0657932177184,55.23944407818192,55.23944407818192,55.23944407818192,-784.0657932177184,-784.0657932177184,-784.0657932177184,-23.798251727270884,-23.798251727270884,-23.798251727270884,-48.80683811879674,-48.80683811879674,-48.80683811879674,0.0,0.0,0.0,23445.818868841066
672,2024-08-29 00:00:00,24051.56013001731,11492.213369021198,20924.27737501975,23953.73873645794,24222.573091686507,-7921.612366672469,-7921.612366672469,-7921.612366672469,-317.38083731794467,-317.38083731794467,-317.38083731794467,-7603.280118438806,-7603.280118438806,-7603.280118438806,55.85957496896177,55.85957496896177,55.85957496896177,-7603.280118438806,-7603.280118438806,-7603.280118438806,-15.281324992627026,-15.281324992627026,-15.281324992627026,-41.52966089205261,-41.52966089205261,-41.52966089205261,0.0,0.0,0.0,16129.947763344842
673,2024-08-29 01:00:00,24051.610804214586,5746.7655459009975,15353.237043068213,23953.53924325786,24223.331194648574,-13638.461893649968,-13638.461893649968,-13638.461893649968,-931.8802473365073,-931.8802473365073,-931.8802473365073,-12722.593363848568,-12722.593363848568,-12722.593363848568,57.01345645673558,57.01345645673558,57.01345645673558,-12722.593363848568,-12722.593363848568,-12722.593363848568,-6.740549853304416,-6.740549853304416,-6.740549853304416,-34.261189068322714,-34.261189068322714,-34.261189068322714,0.0,0.0,0.0,10413.148910564618
674,2024-08-29 02:00:00,24051.66147841186,2178.200653918032,11891.269071224926,23953.33975005778,24224.08929761064,-17038.864219262512,-17038.864219262512,-17038.864219262512,-1540.6626251750756,-1540.6626251750756,-1540.6626251750756,-15531.671635593817,-15531.671635593817,-15531.671635593817,58.70158983708028,58.70158983708028,58.70158983708028,-15531.671635593817,-15531.671635593817,-15531.671635593817,1.7700434679227885,1.7700434679227885,1.7700434679227885,-27.00159179862162,-27.00159179862162,-27.00159179862162,0.0,0.0,0.0,7012.797259149349
675,2024-08-29 03:00:00,24051.712152609143,1214.5460015344272,10669.511676243359,23953.140256857703,24224.84740057272,-18318.966319525123,-18318.966319525123,-18318.966319525123,-1954.8888731366217,-1954.8888731366217,-1954.8888731366217,-16415.443927379067,-16415.443927379067,-16415.443927379067,60.91932319984017,60.91932319984017,60.91932319984017,-16415.443927379067,-16415.443927379067,-16415.443927379067,10.198195135341361,10.198195135341361,10.198195135341361,-19.751037344613138,-19.751037344613138,-19.751037344613138,0.0,0.0,0.0,5732.74583308402
676,2024-08-29 04:00:00,24051.762826806418,2348.3689039068163,11658.449484198882,23952.940763657618,24225.60550353479,-17092.65096820447,-17092.65096820447,-17092.65096820447,-1999.4652781704185,-1999.4652781704185,-1999.4652781704185,-15162.827253532358,-15162.827253532358,-15162.827253532358,63.65685307819178,63.65685307819178,63.65685307819178,-15162.827253532358,-15162.827253532358,-15162.827253532358,18.494403497192035,18.494403497192035,18.494403497192035,-12.509693077079234,-12.509693077079234,-12.509693077079234,0.0,0.0,0.0,6959.1118586019475
677,2024-08-29 05:00:00,24051.813501003693,5032.25436182901,14715.954764123215,23952.74127045754,24226.363606496856,-14333.586246677833,-14333.586246677833,-14333.586246677833,-1634.2278334555863,-1634.2278334555863,-1634.2278334555863,-12787.592821858203,-12787.592821858203,-12787.592821858203,66.899267474423,66.899267474423,66.899267474423,-12787.592821858203,-12787.592821858203,-12787.592821858203,26.612866631687464,26.612866631687464,26.612866631687464,-5.277725470151385,-5.277725470151385,-5.277725470151385,0.0,0.0,0.0,9718.22725432586
678,2024-08-29 06:00:00,24051.86417520097,12152.295349028647,21415.778658450352,23952.541777257466,24227.121709458926,-7266.655961965516,-7266.655961965516,-7266.655961965516,-1003.2458673731377,-1003.2458673731377,-1003.2458673731377,-6370.493787713678,-6370.493787713678,-6370.493787713678,70.62663008842387,70.62663008842387,70.62663008842387,-6370.493787713678,-6370.493787713678,-6370.493787713678,34.51236312915697,34.51236312915697,34.51236312915697,1.9446999037190813,1.9446999037190813,1.9446999037190813,0.0,0.0,0.0,16785.208213235455
679,2024-08-29 07:00:00,24051.91484939825,21338.925759134432,30399.387827085997,23952.342284057384,24227.879812420997,1600.1239130941203,1600.1239130941203,1600.1239130941203,-361.9678764176401,-361.9678764176401,-361.9678764176401,1835.963207435096,1835.963207435096,1835.963207435096,74.81410525551901,74.81410525551901,74.81410525551901,1835.963207435096,1835.963207435096,1835.963207435096,42.1570584465396,42.1570584465396,42.1570584465396,9.157418374605934,9.157418374605934,9.157418374605934,0.0,0.0,0.0,25652.03876249237
680,2024-08-29 08:00:00,24051.96552359553,28403.634574388187,37894.41722348133,23952.142790857302,24228.63791538307,9307.922359394704,9307.922359394704,9307.922359394704,71.60833917790757,71.60833917790757,71.60833917790757,9091.004407039436,9091.004407039436,9091.004407039436,79.43212278628008,79.43212278628008,79.43212278628008,9091.004407039436,9091.004407039436,9091.004407039436,49.51722420832207,49.51722420832207,49.51722420832207,16.360266182757968,16.360266182757968,16.360266182757968,0.0,0.0,0.0,33359.88788299023
681,2024-08-29 09:00:00,24052.016197792804,25586.825511762978,34817.76517792084,23951.94329765722,24229.39601834514,6164.115136662839,6164.115136662839,6164.115136662839,233.64907572016614,233.64907572016614,233.64907572016614,5765.896539841419,5765.896539841419,5765.896539841419,84.44658159352217,84.44658159352217,84.44658159352217,5765.896539841419,5765.896539841419,5765.896539841419,56.56985902788301,56.56985902788301,56.56985902788301,23.55308047984836,23.55308047984836,23.55308047984836,0.0,0.0,0.0,30216.131334455644
682,2024-08-29 10:00:00,24052.066871990086,21564.080173286042,31493.75225643297,23951.743804457146,24230.154121307212,2754.16378936146,2754.16378936146,2754.16378936146,218.53733280881053,218.53733280881053,218.53733280881053,2351.772465742071,2351.772465742071,2351.772465742071,89.8190906794204,89.8190906794204,89.8190906794204,2351.772465742071,2351.772465742071,2351.772465742071,63.299200796927,63.299200796927,63.299200796927,30.73569933423196,30.73569933423196,30.73569933423196,0.0,0.0,0.0,26806.230661351547
683,2024-08-29 11:00:00,24052.11754618736,22906.286818231605,32055.874385859093,23951.54431125706,24230.912224269283,3477.610209968133,3477.610209968133,3477.610209968133,181.73159349231435,181.73159349231435,181.73159349231435,3092.76628705192,3092.76628705192,3092.76628705192,95.50724578985711,95.50724578985711,95.50724578985711,3092.76628705192,3092.76628705192,3092.76628705192,69.6971219006699,69.6971219006699,69.6971219006699,37.90796173337156,37.90796173337156,37.90796173337156,0.0,0.0,0.0,27529.727756155495
684,2024-08-29 12:00:00,24052.168220384636,22358.6435922897,31724.39815106376,23951.34481805698,24231.670327231353,3251.599524225903,3251.599524225903,3251.599524225903,228.04123329765002,228.04123329765002,228.04123329765002,2801.260243164638,2801.260243164638,2801.260243164638,101.46493973076353,101.46493973076353,101.46493973076353,2801.260243164638,2801.260243164638,2801.260243164638,75.76340044158138,75.76340044158138,75.76340044158138,45.06970759127056,45.06970759127056,45.06970759127056,0.0,0.0,0.0,27303.767744610537
685,2024-08-29 13:00:00,24052.218894581914,23013.836070490303,32449.458995164463,23951.145324856905,24232.428430193428,3621.512963473856,3621.512963473856,3621.512963473856,368.02072766385464,368.02072766385464,368.02072766385464,3012.1228916908126,3012.1228916908126,3012.1228916908126,107.6427041013734,107.6427041013734,107.6427041013734,3012.1228916908126,3012.1228916908126,3012.1228916908126,81.50586227048349,81.50586227048349,81.50586227048349,52.220777747332605,52.220777747332605,52.220777747332605,0.0,0.0,0.0,27673.73185805577
686,2024-08-29 14:00:00,24052.26956877919,24067.262595113476,33547.45749137817,23950.945831656823,24233.186533155495,4841.484388512125,4841.484388512125,4841.484388512125,554.4194560665073,554.4194560665073,554.4194560665073,4026.7754480785184,4026.7754480785184,4026.7754480785184,113.98807994125555,113.98807994125555,113.98807994125555,4026.7754480785184,4026.7754480785184,4026.7754480785184,86.94039045407973,86.94039045407973,86.94039045407973,59.36101397176423,59.36101397176423,59.36101397176423,0.0,0.0,0.0,28893.753957291316
687,2024-08-29 15:00:00,24052.320242976468,25562.092388504814,35123.36037826014,23950.746338456738,24233.944636117565,6376.115170812612,6376.115170812612,6376.115170812612,743.2220194304946,743.2220194304946,743.2220194304946,5353.866077204068,5353.866077204068,5353.866077204068,120.44601456860943,120.44601456860943,120.44601456860943,5353.866077204068,5353.866077204068,5353.866077204068,92.09080063789406,92.09080063789406,92.09080063789406,66.49025897154671,66.49025897154671,66.49025897154671,0.0,0.0,0.0,30428.43541378908
688,2024-08-29 16:00:00,24052.370917173746,27495.24338225813,36919.576310802564,23950.54684525666,24234.702739079636,8082.943376628519,8082.943376628519,8082.943376628519,918.6862356947856,918.6862356947856,918.6862356947856,6866.700920235117,6866.700920235117,6866.700920235117,126.959281652918,126.959281652918,126.959281652918,6866.700920235117,6866.700920235117,6866.700920235117,96.9885826551148,96.9885826551148,96.9885826551148,73.60835639058416,73.60835639058416,73.60835639058416,0.0,0.0,0.0,32135.314293802265
689,2024-08-29 17:00:00,24052.42159137102,31555.95787035317,41245.07798379703,23948.396360691288,24235.460842041706,12205.86210059495,12205.86210059495,12205.86210059495,1072.8799105382286,1072.8799105382286,1072.8799105382286,10817.125607200413,10817.125607200413,10817.125607200413,133.46892141103012,133.46892141103012,133.46892141103012,10817.125607200413,10817.125607200413,10817.125607200413,101.67251063141345,101.67251063141345,101.67251063141345,80.71515081386627,80.71515081386627,80.71515081386627,0.0,0.0,0.0,36258.283691965975
690,2024-08-29 18:00:00,24052.4722655683,32460.255721155427,41863.78627653523,23947.081576094406,24236.21894500378,13048.603233273758,13048.603233273758,13048.603233273758,1179.0448825401404,1179.0448825401404,1179.0448825401404,11535.645039639132,11535.645039639132,11535.645039639132,139.91469762807844,139.91469762807844,139.91469762807844,11535.645039639132,11535.645039639132,11535.645039639132,106.18812569203594,106.18812569203594,106.18812569203594,87.81048777436818,87.81048777436818,87.81048777436818,0.0,0.0,0.0,37101.07549884206
691,2024-08-29 19:00:00,24052.52293976558,30249.022001950918,39797.464501750546,23946.729912735613,24236.977047965847,11055.761450512622,11055.761450512622,11055.761450512622,1196.1622846261828,1196.1622846261828,1196.1622846261828,9507.882286884289,9507.882286884289,9507.882286884289,146.235568066282,146.235568066282,146.235568066282,9507.882286884289,9507.882286884289,9507.882286884289,110.58709718505655,110.58709718505655,110.58709718505655,94.89421375081187,94.89421375081187,94.89421375081187,0.0,0.0,0.0,35108.284390278204
692,2024-08-29 20:00:00,24052.573613962853,29034.765973445894,38740.51655219632,23946.514565670834,24237.735150927918,9846.868207337664,9846.868207337664,9846.868207337664,1098.5103073388768,1098.5103073388768,1098.5103073388768,8379.095088974578,8379.095088974578,8379.095088974578,152.37016473001293,152.37016473001293,152.37016473001293,8379.095088974578,8379.095088974578,8379.095088974578,114.92647012037104,114.92647012037104,114.92647012037104,101.96617617382546,101.96617617382546,101.96617617382546,0.0,0.0,0.0,33899.44182130052
693,2024-08-29 21:00:00,24052.624288160132,30346.672112377375,39814.664309699,23944.553242745827,24238.493253889992,10807.364668806209,10807.364668806209,10807.364668806209,891.5583668631964,891.5583668631964,891.5583668631964,9529.254990026438,9529.254990026438,9529.254990026438,158.25728033952493,158.25728033952493,158.25728033952493,9529.254990026438,9529.254990026438,9529.254990026438,119.26780814536774,119.26780814536774,119.26780814536774,109.02622343168004,109.02622343168004,109.02622343168004,0.0,0.0,0.0,34859.98895696634
694,2024-08-29 22:00:00,24052.674962357407,28850.92849936025,38197.87699051936,23942.451262310668,24239.25135685206,9232.69159333789,9232.69159333789,9232.69159333789,591.9068211331245,591.9068211331245,591.9068211331245,8237.197967082355,8237.197967082355,8237.197967082355,163.83635732426671,163.83635732426671,163.83635732426671,8237.197967082355,8237.197967082355,8237.197967082355,123.67624292974072,123.67624292974072,123.67624292974072,116.07420486840277,116.07420486840277,116.07420486840277,0.0,0.0,0.0,33285.3665556953
695,2024-08-29 23:00:00,24052.72563655469,23350.011054493396,32477.19749883498,23942.021041764372,24240.009459814137,3801.4261289613924,3801.4261289613924,3801.4261289613924,195.7408520243385,195.7408520243385,195.7408520243385,3185.3078882859777,3185.3078882859777,3185.3078882859777,169.04797561141064,169.04797561141064,169.04797561141064,3185.3078882859777,3185.3078882859777,3185.3078882859777,128.21944225059391,128.21944225059391,128.21944225059391,123.10997078907121,123.10997078907121,123.10997078907121,0.0,0.0,0.0,27854.151765516082
696,2024-08-30 00:00:00,24052.776310751964,15878.451006297511,25130.65689007076,23941.868014820182,24240.767562776204,-3615.928480230719,-3615.928480230719,-3615.928480230719,-317.3808373252682,-317.3808373252682,-317.3808373252682,-3735.481861146778,-3735.481861146778,-3735.481861146778,173.83433548140056,173.83433548140056,173.83433548140056,-3735.481861146778,-3735.481861146778,-3735.481861146778,132.966510294929,132.966510294929,132.966510294929,130.13337246499768,130.13337246499768,130.13337246499768,0.0,0.0,0.0,20436.847830521245
697,2024-08-30 01:00:00,24052.82698494924,9199.126957566634,18968.1272751437,23941.714987875992,24241.52566573827,-9974.80595661742,-9974.80595661742,-9974.80595661742,-931.8802473497851,-931.8802473497851,-931.8802473497851,-9496.19653796688,-9496.19653796688,-9496.19653796688,178.139731771764,178.139731771764,178.139731771764,-9496.19653796688,-9496.19653796688,-9496.19653796688,137.98683479390047,137.98683479390047,137.98683479390047,137.1442621335817,137.1442621335817,137.1442621335817,0.0,0.0,0.0,14078.02102833182
698,2024-08-30 02:00:00,24052.877659146518,5179.044905550912,14621.246110950522,23941.56196093181,24242.283768700345,-14173.053811652791,-14173.053811652791,-14173.053811652791,-1540.6626251536863,-1540.6626251536863,-1540.6626251536863,-13101.793591762409,-13101.793591762409,-13101.793591762409,181.91101578625907,181.91101578625907,181.91101578625907,-13101.793591762409,-13101.793591762409,-13101.793591762409,143.34889647530252,143.34889647530252,143.34889647530252,144.14249300174197,144.14249300174197,144.14249300174197,0.0,0.0,0.0,9879.823847493726
699,2024-08-30 03:00:00,24052.928333343796,3062.853914142861,12292.23151584393,23941.408933987615,24243.04187166242,-16469.541958310943,-16469.541958310943,-16469.541958310943,-1954.8888731267973,-1954.8888731267973,-1954.8888731267973,-14999.998102789574,-14999.998102789574,-14999.998102789574,185.09804132451325,185.09804132451325,185.09804132451325,-14999.998102789574,-14999.998102789574,-14999.998102789574,149.11905702944736,149.11905702944736,149.11905702944736,151.12791925146777,151.12791925146777,151.12791925146777,0.0,0.0,0.0,7583.386375032853
700,2024-08-30 04:00:00,24052.97900754107,3627.032985322128,12842.862092264277,23941.25590704343,24243.799974624482,-15684.863809037908,-15684.863809037908,-15684.863809037908,-1999.465278166944,-1999.465278166944,-1999.465278166944,-14186.513360513047,-14186.513360513047,-14186.513360513047,187.6540913639152,187.6540913639152,187.6540913639152,-14186.513360513047,-14186.513360513047,-14186.513360513047,155.3603422395176,155.3603422395176,155.3603422395176,158.10039603864843,158.10039603864843,158.10039603864843,0.0,0.0,0.0,8368.115198503163
701,2024-08-30 05:00:00,24053.02968173835,6274.541384187805,15248.723067093564,23941.102880099246,24244.558077586556,-13479.401990877392,-13479.401990877392,-13479.401990877392,-1634.2278334765697,-1634.2278334765697,-1634.2278334765697,-12361.901456181537,-12361.901456181537,-12361.901456181537,189.5362820613856,189.5362820613856,189.5362820613856,-12361.901456181537,-12361.901456181537,-12361.901456181537,162.13123722183093,162.13123722183093,162.13123722183093,165.05977949750027,165.05977949750027,165.05977949750027,0.0,0.0,0.0,10573.627690860958
702,2024-08-30 06:00:00,24053.080355935625,11824.873857507986,21378.41812312693,23940.949853155056,24245.316180548627,-7428.301095994507,-7428.301095994507,-7428.301095994507,-1003.2458673998026,-1003.2458673998026,-1003.2458673998026,-6957.2516069667645,-6957.2516069667645,-6957.2516069667645,190.70594088725213,190.70594088725213,190.70594088725213,-6957.2516069667645,-6957.2516069667645,-6957.2516069667645,169.48451073778753,169.48451073778753,169.48451073778753,172.00592674702054,172.00592674702054,172.00592674702054,0.0,0.0,0.0,16624.77925994112
703,2024-08-30 07:00:00,24053.131030132907,19504.782504279527,28509.333248639,23940.796826210873,24246.08437964314,34.308350250154625,34.308350250154625,34.308350250154625,-361.9678764138442,-361.9678764138442,-361.9678764138442,-151.2575104933989,-151.2575104933989,-151.2575104933989,191.12895590333008,191.12895590333008,191.12895590333008,-151.2575104933989,-151.2575104933989,-151.2575104933989,177.46608536782676,177.46608536782676,177.46608536782676,178.9386958862411,178.9386958862411,178.9386958862411,0.0,0.0,0.0,24087.43938038306
704,2024-08-30 08:00:00,24053.18170433018,25414.423780800935,34915.84576538574,23940.643799266687,24247.311578571607,5629.072878071651,5629.072878071651,5629.072878071651,71.60833918480476,71.60833918480476,71.60833918480476,4994.716529557605,4994.716529557605,4994.716529557605,190.77609338575328,190.77609338575328,190.77609338575328,4994.716529557605,4994.716529557605,4994.716529557605,186.11396994158414,186.11396994158414,186.11396994158414,185.8579460019032,185.8579460019032,185.8579460019032,0.0,0.0,0.0,29682.25458240183
705,2024-08-30 09:00:00,24053.23237852746,22946.703273138013,32662.350488981163,23940.490772322504,24248.538777500075,3816.344930000637,3816.344930000637,3816.344930000637,233.64907571826993,233.64907571826993,233.64907571826993,3004.8517658795645,3004.8517658795645,3004.8517658795645,189.62328123870654,189.62328123870654,189.62328123870654,3004.8517658795645,3004.8517658795645,3004.8517658795645,195.45726999458606,195.45726999458606,195.45726999458606,192.76353716950942,192.76353716950942,192.76353716950942,0.0,0.0,0.0,27869.577308528096
706,2024-08-30 10:00:00,24053.283052724735,21463.856050536007,31080.95487555213,23940.337745378314,24249.76597642854,2199.3776003510657,2199.3776003510657,2199.3776003510657,218.53733281079369,218.53733281079369,218.53733281079369,1388.0177900330966,1388.0177900330966,1388.0177900330966,187.65185587462122,187.65185587462122,187.65185587462122,1388.0177900330966,1388.0177900330966,1388.0177900330966,205.51529117502614,205.51529117502614,205.51529117502614,199.65533045752804,199.65533045752804,199.65533045752804,0.0,0.0,0.0,26252.6606530758
707,2024-08-30 11:00:00,24053.333726922014,21613.3810408208,31128.89392388077,23940.184718434128,24250.99317535701,2411.2058031742995,2411.2058031742995,2411.2058031742995,181.731593490419,181.731593490419,181.731593490419,1621.7955017219904,1621.7955017219904,1621.7955017219904,184.8487705094658,184.8487705094658,184.8487705094658,1621.7955017219904,1621.7955017219904,1621.7955017219904,216.2967495270867,216.2967495270867,216.2967495270867,206.53318792533767,206.53318792533767,206.53318792533767,0.0,0.0,0.0,26464.539530096314
708,2024-08-30 12:00:00,24053.384401119292,23017.90947199856,32981.46379500002,23940.031691489938,24252.22037428548,3888.566745252339,3888.566745252339,3888.566745252339,228.04123329379766,228.04123329379766,228.04123329379766,3038.1226748946665,3038.1226748946665,3038.1226748946665,181.20676310552662,181.20676310552662,181.20676310552662,3038.1226748946665,3038.1226748946665,3038.1226748946665,227.7991013271241,227.7991013271241,227.7991013271241,213.39697263122446,213.39697263122446,213.39697263122446,0.0,0.0,0.0,27941.95114637163
709,2024-08-30 13:00:00,24053.435075316567,24562.29517026803,33699.976079542,23939.459361856498,24253.447573213944,4805.048287573417,4805.048287573417,4805.048287573417,368.0207276570973,368.0207276570973,368.0207276570973,3800.048525055076,3800.048525055076,3800.048525055076,176.7244824833144,176.7244824833144,176.7244824833144,3800.048525055076,3800.048525055076,3800.048525055076,240.00800374763566,240.00800374763566,240.00800374763566,220.2465486302925,220.2465486302925,220.2465486302925,0.0,0.0,0.0,28858.483362889983
710,2024-08-30 14:00:00,24053.485749513842,25758.160268382424,35692.12367533475,23938.49405133652,24254.554946179014,6536.5354014923,6536.5354014923,6536.5354014923,554.4194560729321,554.4194560729321,554.4194560729321,5330.730676895552,5330.730676895552,5330.730676895552,171.406571433931,171.406571433931,171.406571433931,5330.730676895552,5330.730676895552,5330.730676895552,252.89691611210324,252.89691611210324,252.89691611210324,227.0817809777804,227.0817809777804,227.0817809777804,0.0,0.0,0.0,30590.02115100614
711,2024-08-30 15:00:00,24053.536423711124,26947.546399247967,35895.71273435908,23938.117341136203,24255.502643336175,7379.404859194012,7379.404859194012,7379.404859194012,743.2220194280467,743.2220194280467,743.2220194280467,5970.589748285324,5970.589748285324,5970.589748285324,165.26370597881092,165.26370597881092,165.26370597881092,5970.589748285324,5970.589748285324,5970.589748285324,266.4268497690013,266.4268497690013,266.4268497690013,233.9025357328298,233.9025357328298,233.9025357328298,0.0,0.0,0.0,31432.941282905136
712,2024-08-30 16:00:00,24053.5870979084,28157.71630918715,37867.54291964202,23937.82652314818,24256.450340493324,8945.510013909889,8945.510013909889,8945.510013909889,918.6862356882368,918.6862356882368,918.6862356882368,7347.256235214832,7347.256235214832,7347.256235214832,158.31259024351462,158.31259024351462,158.31259024351462,7347.256235214832,7347.256235214832,7347.256235214832,280.546272804977,280.546272804977,280.546272804977,240.70867995832793,240.70867995832793,240.70867995832793,0.0,0.0,0.0,32999.097111818286
713,2024-08-30 17:00:00,24053.637772105678,31803.610354929697,41618.61995453064,23937.535705160157,24256.946931338425,12839.745117893532,12839.745117893532,12839.745117893532,1072.8799105376731,1072.8799105376731,1072.8799105376731,11073.598044906228,11073.598044906228,11073.598044906228,150.57590675666017,150.57590675666017,150.57590675666017,11073.598044906228,11073.598044906228,11073.598044906228,295.19117396813414,295.19117396813414,295.19117396813414,247.5000817248348,247.5000817248348,247.5000817248348,0.0,0.0,0.0,36893.38288999921
714,2024-08-30 18:00:00,24053.688446302953,38623.029654808444,47895.85533260344,23937.24488717213,24255.336285424324,19090.388466843833,19090.388466843833,19090.388466843833,1179.0448825379972,1179.0448825379972,1179.0448825379972,17204.69946380836,17204.69946380836,17204.69946380836,142.08222228517917,142.08222228517917,142.08222228517917,17204.69946380836,17204.69946380836,17204.69946380836,310.2852881011747,310.2852881011747,310.2852881011747,254.2766101111248,254.2766101111248,254.2766101111248,0.0,0.0,0.0,43144.07691314678
715,2024-08-30 19:00:00,24053.73912050023,36469.86278517481,45708.82730475159,23936.954069184107,24255.68923888188,16921.5415017448,16921.5415017448,16921.5415017448,1196.162284623731,1196.162284623731,1196.162284623731,15005.734748770506,15005.734748770506,15005.734748770506,132.86584968654924,132.86584968654924,132.86584968654924,15005.734748770506,15005.734748770506,15005.734748770506,325.74048345786196,325.74048345786196,325.74048345786196,261.03813520615006,261.03813520615006,261.03813520615006,0.0,0.0,0.0,40975.28062224503
716,2024-08-30 20:00:00,24053.78979469751,30453.04694791591,39786.993918384425,23936.66325119609,24256.78908872916,10920.62153246084,10920.62153246084,10920.62153246084,1098.5103073342439,1098.5103073342439,1098.5103073342439,9089.902721310458,9089.902721310458,9089.902721310458,122.96666654837294,122.96666654837294,122.96666654837294,9089.902721310458,9089.902721310458,9089.902721310458,341.45730915668656,341.45730915668656,341.45730915668656,267.78452811107917,267.78452811107917,267.78452811107917,0.0,0.0,0.0,34974.41132715835
717,2024-08-30 21:00:00,24053.840468894785,30252.58170671347,39998.78116847243,23936.134174406874,24257.888938576445,11075.627727407005,11075.627727407005,11075.627727407005,891.5583668618063,891.5583668618063,891.5583668618063,9439.798108833516,9439.798108833516,9439.798108833516,112.42989173482783,112.42989173482783,112.42989173482783,9439.798108833516,9439.798108833516,9439.798108833516,357.32569903289703,357.32569903289703,357.32569903289703,274.51566094395827,274.51566094395827,274.51566094395827,0.0,0.0,0.0,35129.468196301794
718,2024-08-30 22:00:00,24053.891143092067,32130.777820381085,41530.225297916426,23935.467107212527,24258.988788423725,12670.248894977261,12670.248894977261,12670.248894977261,591.9068211176706,591.9068211176706,591.9068211176706,11322.579019655004,11322.579019655004,11322.579019655004,101.30582127916236,101.30582127916236,101.30582127916236,11322.579019655004,11322.579019655004,11322.579019655004,373.22582608996726,373.22582608996726,373.22582608996726,281.23140683545626,281.23140683545626,281.23140683545626,0.0,0.0,0.0,36724.14003806933
719,2024-08-30 23:00:00,24053.941817289342,31314.238828782087,40796.51268019312,23934.800040018177,24260.088638271,11979.542852723118,11979.542852723118,11979.542852723118,195.74085201873572,195.74085201873572,195.74085201873572,11017.191735582614,11017.191735582614,11017.191735582614,89.64952532686851,89.64952532686851,89.64952532686851,11017.191735582614,11017.191735582614,11017.191735582614,389.0290998597953,389.0290998597953,389.0290998597953,287.9316399351052,287.9316399351052,287.9316399351052,0.0,0.0,0.0,36033.48467001246
720,2024-08-31 00:00:00,24053.992491486617,26732.785769002363,36044.582238137526,23934.13297282383,24261.188488118278,7249.378796799975,7249.378796799975,7249.378796799975,-317.38083733536797,-317.38083733536797,-317.38083733536797,6790.0235934983275,6790.0235934983275,6790.0235934983275,77.52050818158855,77.52050818158855,77.52050818158855,6790.0235934983275,6790.0235934983275,6790.0235934983275,404.5992970426096,404.5992970426096,404.5992970426096,294.61623541281864,294.61623541281864,294.61623541281864,0.0,0.0,0.0,31303.37128828659
721,2024-08-31 01:00:00,24054.043165683895,21051.825918917355,30399.683758225045,23933.46590562948,24262.28833796556,1532.382780944827,1532.382780944827,1532.382780944827,-931.8802473630626,-931.8802473630626,-931.8802473630626,1678.201811045607,1678.201811045607,1678.201811045607,64.9823337551978,64.9823337551978,64.9823337551978,1678.201811045607,1678.201811045607,1678.201811045607,419.79381404939375,419.79381404939375,419.79381404939375,301.28506945769084,301.28506945769084,301.28506945769084,0.0,0.0,0.0,25586.425946628722
722,2024-08-31 02:00:00,24054.09383988117,15763.888000571225,24717.894531706577,23932.79883843513,24263.388187812845,-3954.3724297179056,-3954.3724297179056,-3954.3724297179056,-1540.6626251659175,-1540.6626251659175,-1540.6626251659175,-3208.215071258443,-3208.215071258443,-3208.215071258443,52.102218981411056,52.102218981411056,52.102218981411056,-3208.215071258443,-3208.215071258443,-3208.215071258443,434.4650284442985,434.4650284442985,434.4650284442985,307.93801928074527,307.93801928074527,307.93801928074527,0.0,0.0,0.0,20099.721410163263
723,2024-08-31 03:00:00,24054.14451407845,10346.570175411129,19966.14770719173,23932.13177124078,24265.449035228343,-8902.044866186581,-8902.044866186581,-8902.044866186581,-1954.888873125464,-1954.888873125464,-1954.888873125464,-7749.143308955345,-7749.143308955345,-7749.143308955345,38.950598014832316,38.950598014832316,38.950598014832316,-7749.143308955345,-7749.143308955345,-7749.143308955345,448.46175476095584,448.46175476095584,448.46175476095584,314.57496311843977,314.57496311843977,314.57496311843977,0.0,0.0,0.0,15152.099647891868
724,2024-08-31 04:00:00,24054.195188275728,6675.8728682067085,16188.783667058864,23931.464704046437,24267.982674971936,-12712.132966664825,-12712.132966664825,-12712.132966664825,-1999.4652781634695,-1999.4652781634695,-1999.4652781634695,-11521.094907826384,-11521.094907826384,-11521.094907826384,25.600660263567654,25.600660263567654,25.600660263567654,-11521.094907826384,-11521.094907826384,-11521.094907826384,461.6307788300777,461.6307788300777,461.6307788300777,321.19578023138104,321.19578023138104,321.19578023138104,0.0,0.0,0.0,11342.062221610902
725,2024-08-31 05:00:00,24054.245862473002,5660.70329913115,14810.088645257878,23930.671940825134,24270.516314715533,-14087.086940247684,-14087.086940247684,-14087.086940247684,-1634.2278334649736,-1634.2278334649736,-1634.2278334649736,-13266.605776817352,-13266.605776817352,-13266.605776817352,12.12786547901407,12.12786547901407,12.12786547901407,-13266.605776817352,-13266.605776817352,-13266.605776817352,473.81845365036844,473.81845365036844,473.81845365036844,327.80035090525774,327.80035090525774,327.80035090525774,0.0,0.0,0.0,9967.158922225319
726,2024-08-31 06:00:00,24054.296536670285,7876.7056931494,17422.914645275538,23929.888112662025,24273.049954459126,-11222.830405533698,-11222.830405533698,-11222.830405533698,-1003.2458673853598,-1003.2458673853598,-1003.2458673853598,-11037.454872805534,-11037.454872805534,-11037.454872805534,-1.3905606700389674,-1.3905606700389674,-1.3905606700389674,-11037.454872805534,-11037.454872805534,-11037.454872805534,484.8723388711822,484.8723388711822,484.8723388711822,334.3885564560531,334.3885564560531,334.3885564560531,0.0,0.0,0.0,12831.466131136587
727,2024-08-31 07:00:00,24054.34721086756,11042.609632953247,20417.071474964487,23929.10428449891,24275.24198736861,-8476.018369415675,-8476.018369415675,-8476.018369415675,-361.96787640277944,-361.96787640277944,-361.96787640277944,-8934.777490480263,-8934.777490480263,-8934.777490480263,-14.876146943105603,-14.876146943105603,-14.876146943105603,-8934.777490480263,-8934.777490480263,-8934.777490480263,494.6428651845434,494.6428651845434,494.6428651845434,340.96027922593015,340.96027922593015,340.96027922593015,0.0,0.0,0.0,15578.328841451885
728,2024-08-31 08:00:00,24054.397885064835,14234.144466716067,23700.856591852415,23928.320456335798,24276.65016070995,-5248.365467520726,-5248.365467520726,-5248.365467520726,71.60833917331927,71.60833917331927,71.60833917331927,-6142.224504669668,-6142.224504669668,-6142.224504669668,-28.249709117119732,-28.249709117119732,-28.249709117119732,-6142.224504669668,-6142.224504669668,-6142.224504669668,502.98500450474245,502.98500450474245,502.98500450474245,347.51540258800077,347.51540258800077,347.51540258800077,0.0,0.0,0.0,18806.03241754411
729,2024-08-31 09:00:00,24054.448559262113,18211.424616467444,27897.899811231022,23927.53662817269,24277.991551783292,-891.1946637582363,-891.1946637582363,-891.1946637582363,233.64907571626608,233.64907571626608,233.64907571626608,-1947.2255858715075,-1947.2255858715075,-1947.2255858715075,-41.431891010218145,-41.431891010218145,-41.431891010218145,-1947.2255858715075,-1947.2255858715075,-1947.2255858715075,509.75992646020904,509.75992646020904,509.75992646020904,354.05381094701437,354.05381094701437,354.05381094701437,0.0,0.0,0.0,23163.253895503876
730,2024-08-31 10:00:00,24054.499233459388,21117.054092417842,30534.576713964118,23923.98510940472,24279.218750711763,1606.6472190322472,1606.6472190322472,1606.6472190322472,218.53733281975443,218.53733281975443,218.53733281975443,567.0415847995264,567.0415847995264,567.0415847995264,-54.34371002697748,-54.34371002697748,-54.34371002697748,567.0415847995264,567.0415847995264,567.0415847995264,514.8366217020329,514.8366217020329,514.8366217020329,360.5753897379112,360.5753897379112,360.5753897379112,0.0,0.0,0.0,25661.146452491634
731,2024-08-31 11:00:00,24054.54990765667,22879.208764752602,32598.82442691749,23920.055330559004,24280.445949640234,3743.7502364553757,3743.7502364553757,3743.7502364553757,181.73159349060512,181.73159349060512,181.73159349060512,2743.752248112044,2743.752248112044,2743.752248112044,-66.90710334659474,-66.90710334659474,-66.90710334659474,2743.752248112044,2743.752248112044,2743.752248112044,518.0934727695118,518.0934727695118,518.0934727695118,367.080025429809,367.080025429809,367.080025429809,0.0,0.0,0.0,27798.300144112047
732,2024-08-31 12:00:00,24054.600581853945,24382.776886492527,33728.22124813416,23919.461277646667,24281.6731485687,5040.775752217504,5040.775752217504,5040.775752217504,228.04123329610678,228.04123329610678,228.04123329610678,3998.792630562505,3998.792630562505,3998.792630562505,-79.04547078228181,-79.04547078228181,-79.04547078228181,3998.792630562505,3998.792630562505,3998.792630562505,519.4197536150706,519.4197536150706,519.4197536150706,373.5676055261036,373.5676055261036,373.5676055261036,0.0,0.0,0.0,29095.37633407145
733,2024-08-31 13:00:00,24054.65125605122,25913.355131387012,35159.95737121421,23918.991976287027,24283.13138325179,6291.773198062892,6291.773198062892,6291.773198062892,368.02072766272903,368.02072766272903,368.02072766272903,5115.681622599266,5115.681622599266,5115.681622599266,-90.684210381525,-90.684210381525,-90.684210381525,5115.681622599266,5115.681622599266,5115.681622599266,518.7170396189275,518.7170396189275,518.7170396189275,380.0380185634961,380.0380185634961,380.0380185634961,0.0,0.0,0.0,30346.424454114112
734,2024-08-31 14:00:00,24054.701930248502,26576.060797786082,35780.46166095188,23918.049135513935,24284.669310276648,7020.70301655616,7020.70301655616,7020.70301655616,554.4194560653931,554.4194560653931,554.4194560653931,5665.643138504524,5665.643138504524,5665.643138504524,-101.75124290035721,-101.75124290035721,-101.75124290035721,5665.643138504524,5665.643138504524,5665.643138504524,515.9005107727328,515.9005107727328,515.9005107727328,386.4911541138664,386.4911541138664,386.4911541138664,0.0,0.0,0.0,31075.40494680466
735,2024-08-31 15:00:00,24054.752604445777,28131.46862557572,37441.116167841756,23916.121394891798,24285.609975568404,8685.36669674046,8685.36669674046,8685.36669674046,743.2220194208815,743.2220194208815,743.2220194208815,7150.495164019561,7150.495164019561,7150.495164019561,-112.17752131260993,-112.17752131260993,-112.17752131260993,7150.495164019561,7150.495164019561,7150.495164019561,510.90013182509693,510.90013182509693,510.90013182509693,392.9269027875301,392.9269027875301,392.9269027875301,0.0,0.0,0.0,32740.119301186238
736,2024-08-31 16:00:00,24054.803278643052,31275.512511488854,40646.07361344706,23915.607551465273,24286.688291814837,11437.269157586894,11437.269157586894,11437.269157586894,918.6862356902882,918.6862356902882,918.6862356902882,9737.47359280307,9737.47359280307,9737.47359280307,-121.8975216339531,-121.8975216339531,-121.8975216339531,9737.47359280307,9737.47359280307,9737.47359280307,503.6616944975579,503.6616944975579,503.6616944975579,399.34515622993104,399.34515622993104,399.34515622993104,0.0,0.0,0.0,35492.072436229944
737,2024-08-31 17:00:00,24054.85395284033,34365.64949172786,44038.14491803376,23915.09370803875,24287.906454662672,15040.893867773313,15040.893867773313,15040.893867773313,1072.8799105323226,1072.8799105323226,1072.8799105323226,13198.970153248423,13198.970153248423,13198.970153248423,-130.8497114739123,-130.8497114739123,-130.8497114739123,13198.970153248423,13198.970153248423,13198.970153248423,494.1477083437128,494.1477083437128,494.1477083437128,405.74580712276713,405.74580712276713,405.74580712276713,0.0,0.0,0.0,39095.747820613644
738,2024-08-31 18:00:00,24054.904627037606,34469.39662664134,44284.04656430898,23914.632155837025,24288.988141866415,15209.741573062378,15209.741573062378,15209.741573062378,1179.0448825353237,1179.0448825353237,1179.0448825353237,13275.206805693624,13275.206805693624,13275.206805693624,-138.97699287190213,-138.97699287190213,-138.97699287190213,13275.206805693624,13275.206805693624,13275.206805693624,482.33812851652635,482.33812851652635,482.33812851652635,412.1287491888049,412.1287491888049,412.1287491888049,0.0,0.0,0.0,39264.64620009998
739,2024-08-31 19:00:00,24054.955301234888,36625.5429814236,45845.03283995646,23914.079969417304,24289.811687168436,17240.290526064517,17240.290526064517,17240.290526064517,1196.1622846252444,1196.1622846252444,1196.1622846252444,15303.630569885854,15303.630569885854,15303.630569885854,-146.22711613478944,-146.22711613478944,-146.22711613478944,15303.630569885854,15303.630569885854,15303.630569885854,468.2309105020684,468.2309105020684,468.2309105020684,418.4938771861379,418.4938771861379,418.4938771861379,0.0,0.0,0.0,41295.245827299404
740,2024-08-31 20:00:00,24055.005975432163,34436.80466385513,43654.91718749981,23912.12307449102,24290.63523247045,14887.425547891316,14887.425547891316,14887.425547891316,1098.5103073323878,1098.5103073323878,1098.5103073323878,13064.78483145904,13064.78483145904,13064.78483145904,-152.55306162775895,-152.55306162775895,-152.55306162775895,13064.78483145904,13064.78483145904,13064.78483145904,451.842383814445,451.842383814445,451.842383814445,424.8410869132034,424.8410869132034,424.8410869132034,0.0,0.0,0.0,38942.43152332348
741,2024-08-31 21:00:00,24055.056649629438,32348.543818998132,41631.30390402712,23910.184365924233,24291.458777772463,13061.837824222246,13061.837824222246,13061.837824222246,891.5583668717983,891.5583668717983,891.5583668717983,11463.815130109839,11463.815130109839,11463.815130109839,-157.9133866636943,-157.9133866636943,-157.9133866636943,11463.815130109839,11463.815130109839,11463.815130109839,433.20743869605565,433.20743869605565,433.20743869605565,431.1702752082479,431.1702752082479,431.1702752082479,0.0,0.0,0.0,37116.89447385169
742,2024-08-31 22:00:00,24055.107323826716,34102.89869049978,43725.11940175058,23908.287278608506,24292.28232307448,14973.34253088998,14973.34253088998,14973.34253088998,591.9068211311757,591.9068211311757,591.9068211311757,13693.847382704836,13693.847382704836,13693.847382704836,-162.27253490774308,-162.27253490774308,-162.27253490774308,13693.847382704836,13693.847382704836,13693.847382704836,412.3795220143182,412.3795220143182,412.3795220143182,437.4813399473938,437.4813399473938,437.4813399473938,0.0,0.0,0.0,39028.449854716695
743,2024-08-31 23:00:00,24055.157998023995,33750.937864666535,42951.999464991466,23906.390191292772,24293.105868376486,14203.991304785162,14203.991304785162,14203.991304785162,195.7408520131328,195.7408520131328,195.7408520131328,13340.64693799485,13340.64693799485,13340.64693799485,-165.60110594895932,-165.60110594895932,-165.60110594895932,13340.64693799485,13340.64693799485,13340.64693799485,389.4304406784386,389.4304406784386,389.4304406784386,443.77418004770016,443.77418004770016,443.77418004770016,0.0,0.0,0.0,38259.14930280916
